date,target,days_to_news,open,high,low,close,vol,signed_volume,zero_vol_mins_count,significant_mins_count,max_signed_volume,trade_value,trade_value_std,RSI_above_80_count,RSI_below_20_count,avg_price,max_box_cross_2p_count,price_cross_bb,30d_avg_trade_value,trade_val_ratio,body_vs_shadow,interaday_volatility,cloud_width_to_range,max_10_min_price_change_pos,max_10_min_price_change_neg,max_10_min_trade_Value,correlation,RSI
2017-01-01,0,0,141.58407407407407,141.58407407407407,135.74970370370372,135.8,317357423.4167894,25406590.00000015,43,0,167999999.9999997,43850301973,1192885485.7680402,7,30,138.17323540407895,1,20,43850301973,1,0.9913793103448277,0.9308440150874698,,0.015037594,-0.019202899,17575386577,,
2017-01-02,0,0,137.96564977973566,140.0278414096916,135.85316079295154,137.01,311826366.01707906,185542842.99999946,29,0,187199999.99999896,42849598502,994710110.1701475,16,18,137.4149307812319,3,18,43349950238,0.9884578475232673,0.2289156626505997,0.9097988829370235,,0.025539568345323782,-0.023546726,15526185655,,
2017-01-03,0,0,137.0101115241636,137.41249070631972,133.7910780669145,135.3,141026421.13821137,-567228,32,0,3256759.9999999255,19037717600,157475585.9332419,11,7,134.99397805282385,1,22,35245872691.666664,0.540140338,0.4722222222222248,0.9538891194772177,,0.011070110701107017,-0.019924812,3821888582.0000005,,41.43835616438344
2017-01-04,0,0,134.8498451661631,136.30849697885196,132.78761329305135,133.19,223814331.94684285,26029524.00000248,64,0,46809000.00000334,30091411870,979518967.4681672,10,24,134.44810083541424,1,20,33957257486,0.8861555407466177,0.4714285714285609,0.6533911634030667,,0.007037037,-0.009380863,15177987509,,24.055666003975873
2017-01-07,0,0,134.2984077669903,134.2984077669903,128.86611262135924,129.52,438984954.2541692,-55765864,16,0,21199999.99999764,57301531837,1029215827.2462665,0,5,130.5318810626544,1,13,38626112356,1.4834920819440336,0.8796296296296298,1.2876494513076784,,0.012716763005780342,-0.012875536,17128595639.000002,,13.908045977011326
2017-01-08,0,0,129.46339163498098,135.19720152091256,129.46339163498098,132.28,289306819.54944056,-12393888,24,0,9831240.000000115,38559323708,1022878095.9658936,13,23,133.28176559422747,1,36,38614980915,0.9985586628380702,0.4912280701754388,1.010972793230847,,0.023845007451564853,-0.016399695,17599976155,,34.64223385689344
2017-01-09,0,0,132.22658526979126,132.22658526979126,127.0461599054746,127.7,270369719.56930304,14345733.000002665,24,0,10915378.00000195,34654516166,965445361.8211184,0,4,128.17454639966482,1,17,38049200236.57143,0.9107817234142918,0.8737864077669897,1.3265712215412004,,0.016166281755196365,-0.018992248,15885891276.999998,,24.75062344
2017-01-11,0,0,129.2673129119814,131.37985265606824,123.48297789841024,129.72,419692308.50292933,139190121,16,0,40635621.00000012,54027808041,424263909.78027004,2,4,128.7319470631254,4,19,40046526212,1.3491259580123542,0.057324840764328824,2.008813911180601,,0.027131783,-0.025754527,12909232943,,33.16722037652261
2017-01-14,0,0,133.9934475055845,135.1,132.2330230826508,135.1,508486898.57883054,5464377.000000126,91,0,5962154.000000044,68681315586,1233477482.8149953,14,2,135.0699807172168,1,7,43228169475.888885,1.5888092514374905,0.3859649122807063,0.21856529486358237,,0.021221147,-0.000372439,25695097916,,48.506825938566514
2017-01-15,0,0,140.83433841787868,141.79,136.86079815537423,141.79,656172838.5147048,74843492.99999928,32,0,90997956.99999912,92394295301,1340875715.2959354,21,20,140.80786323027516,1,20,48144782058,1.919092606732023,0.19387755102040546,1.6267330789402117,,0.022356281,-0.015245009,26173173040,,59.94025887819448
2017-01-16,0,0,141.83408450704226,143.292662,136.55302816901408,142.84,527846587.2304676,216167959.00000283,28,0,108060000.00000237,74235148173,1175051685.4568276,3,13,140.63773446466854,2,26,50516633523.36364,1.469518908829637,0.14925373134328246,1.2562436489703186,,0.015845070422535214,-0.038291605,17911751539,,61.28928801
2017-01-17,0,0,144.35375302663437,147.52249394673123,142.94542372881355,145.41,665167387.6624717,149328204,14,0,149594049.99999958,96939002513,1355615844.8646762,10,3,145.73625272529162,0,27,54385164273,1.7824530606781206,0.23076923076923364,0.8911462429502511,,0.026639344,-0.013655462,18175478422.000004,,64.23703703703704
2017-01-18,0,0,144.8591186440678,150.89491525423728,143.3501694915254,148.38,679311339.4662354,130703943.99999812,8,0,45332335.999999754,1.0096E+11,1312638871.6221862,6,2,148.62107076606242,2,23,57967842301.92308,1.7416549356650912,0.4666666666666664,2.0961368364347748,,0.034701368034701245,-0.012525389,40781287629,,67.12962962962963
2017-01-21,0,0,150.38780487804877,150.89077412513254,141.88762460233298,142.29,359749350.57980186,-39549711,17,0,14633999.999999354,52462788754,384767341.4,10,26,145.83150371069922,1,22,57574624191.35714,0.9112137420060745,0.899441341,2.214027632160804,,0.016551724,-0.028050491,6677558091,,57.58000467180563
2017-01-22,0,0,144.49951549697187,145.40483790523692,140.3249733,140.8279301745636,280233697.6129763,17542653.99999936,41,0,39200000.00000002,40007062101,469350089.51450276,6,27,142.7632095703663,1,16,56403453385.333336,0.7093016420055424,0.7227722772277233,1.1272713709369482,,0.015983321751216115,-0.016961131,8150911021,,55.67844489131475
2017-01-23,0,0,140.8356706220784,141.89193815174397,139.3267170082704,139.88,244246354.97569346,5566193,31,0,7517804.999999466,34291467667,527125026.71541107,0,10,140.3970498164141,0,16,55021454278,0.623238119,0.3725490196078486,0.5567060104109475,,0.010638297872340472,-0.010028653,9211729051,,53.26062258577597
2017-01-24,0,0,140.8865600843289,143.95477863668307,140.8865600843289,143.15,275819965.74222845,16989021.99999883,18,0,9499657.999999903,39260203430,930401151.2399353,13,11,142.33996195435392,0,36,54094321875.117645,0.7257730953839527,0.7377049180327857,0.5588904257682673,,0.011538461538461692,-0.010600707,14479725189,,58.61312266842219
2017-01-25,0,0,143.4019530416222,144.65942369263607,140.88701173959444,141.39,268650206.5,37435000,56,0,32028000.000000123,38246235303,686719715.3,3,22,142.36443667160734,1,23,53213872621.111115,0.7187267796748714,0.5333333333333349,0.8027209000985092,,0.012280701754386135,-0.006382979,13731763633,,59.06678460858026
2017-01-28,0,0,141.89270309653915,142.7980801457195,137.71790892531877,138.07,243142067.93655393,174823869.00000104,48,0,187200000.00000075,34196546301,944383699.7155646,16,40,140.6443014621531,1,23,52212960709.52631,0.6549436353790372,0.7524752475247516,1.277548892290109,,0.014872521246458803,-0.023550725,13874166460.999998,,59.52752395810116
2017-01-29,0,0,140.58029706513958,143.29633858267718,139.97673228346457,140.53,352385351.9248559,-53887926,42,0,14124749.999999825,49944361584,1004252267.2178407,4,2,141.7322295356089,0,14,52099530753,0.9586336165011321,0.015151515151511908,0.8525022017536353,,0.019034191046880478,-0.00921006,15791515933,,59.255104330266995
2017-01-30,0,0,140.93359026369168,148.78,140.93359026369168,148.78,553017246.0814625,3808869.9999996945,44,0,20874941.99999989,81391698851,1181635787.3322115,12,0,147.17750563426466,1,17,53494395901,1.5214995417836052,1,2.198948560758524,,0.031036835,-0.009931507,26703088961,,71.84908789386401
2017-01-31,0,0,152.00098211153983,153.3087337776219,140.98568923184848,143.4,768278911.0948396,-176605407,5,0,40412658.000000216,1.13966E+11,1249623239,5,16,148.3396295696727,1,28,56243114681.545456,2.0263139714663545,0.6979591836734694,2.679741803905175,,0.02310231,-0.032913165,27039159672,,63.25581395348838
2017-02-01,0,0,143.35060034305317,149.88939965694684,140.98657289879932,146.62,455142656.5,89332526.99999808,28,0,41157006.00000039,66304689851,759614812.1036168,17,4,145.67891825806797,2,26,56680574471.521736,1.1697956569638113,0.3672316384180796,1.6668572128915211,,0.034013605,-0.017605634,28592539022,,61.65048543689321
2017-02-04,0,0,148.12940972222222,148.12940972222222,142.84805555555556,143.65283333333335,200677767.7757835,32149590.000000596,43,0,20015920.000000082,29153927279,234517554.72335112,17,30,145.27731498176504,5,24,55533630839,0.5249778708650246,0.8476190476190457,1.1862900910791738,,0.023216114714919783,-0.027612723,4038559313,,52.03734556311819
2017-02-05,0,0,144.80848775292864,145.8647497337593,140.88522896698615,141.69,307369273.80901974,150659566.99999937,25,0,112768056.99999957,44061901453,1135044655.3168917,0,11,143.35167893319536,1,19,55074761663,0.800037987,0.6262626262626255,1.1995095044825115,,0.016620499,-0.017951426,14838044210,,48.76688826935449
2017-02-06,0,0,140.77758183738118,146.86335797254486,140.3249208025343,142.89,277945593.5334873,-21672585,48,0,19986973.999999832,40242512899,1000442808.1846159,1,7,144.78557615323922,1,14,54504290556.76923,0.7383366059427046,0.32307692307692537,1.231977115529975,,0.022268615170494045,-0.023479189,17099263957.999998,,47.21608484312858
2017-02-07,0,0,144.9092456140351,148.8325087719298,143.35,143.35,321663366.23648417,81795258.00000054,43,0,95209000.00000064,46940578377,1047716968.2970518,5,12,145.9307565117306,1,23,54224153068.62963,0.8656765614686307,0.2844036697247719,0.8898108034573325,,0.010069444444444346,-0.014731673,17450632207,,44.11695906432749
2017-02-08,0,0,145.2088566308244,145.25915412186382,139.82702508960577,140.33,381351685.81201446,-33688883,43,0,17792747,54198510027,1084298443.4408836,5,27,142.12211993135622,1,16,54223237245.71429,0.9995439737653022,0.8981481481481564,1.0855215200675898,,0.013732394366197147,-0.015492958,15542128351.999998,,47.53024194
2017-02-11,0,0,141.1366981818182,142.6959418181818,138.11880727272728,138.32,183110455.82706767,6199174.999999715,63,0,12799999.999999939,25512487682,236435330.54238188,2,12,139.3284046329631,1,20,53233211398.68965,0.47925885009875613,0.6153846153846211,0.7579837877490672,,0.016785714,-0.016123253,5305412078.000001,,46.882849597679055
2017-02-12,0,0,138.11691039426526,140.73237992831542,137.56363799283156,140.33,226920782.01382452,68724722.99999823,48,0,62930129.99999965,31480238035,556121342.7891636,7,14,138.72787567373248,0,18,52508112286.566666,0.5995309422512548,0.6984126984126947,0.5995811306111252,,0.017921146953404854,-0.009114109,13094111818,,50.54492613223543
2017-02-13,0,0,140.1235985,141.8336496350365,137.7094087591241,137.81,188198036.2818373,-9885316,56,0,1436497.9999999995,26175312041,442723849.3683744,4,31,139.08387440239267,1,27,51918945956,0.5041572312241276,0.5609756097561007,0.9583017401660708,,0.005734767,-0.006834532,7918332567.999999,,43.41391218549581
2017-02-14,0,0,140.48298239310097,140.48298239310097,136.81121092346388,139.98,230834163.56622377,-377457,62,0,47273096,32057855497.999996,1146987674.6367915,8,16,138.87829688088158,1,21,51559221189,0.6217676442526633,0.13698630136986492,0.9920953194819575,,0.022637441609773646,-0.013425254,21412360433.999996,,48.278388278388285
2017-02-15,0,0,140.32568505663136,140.32568505663136,137.66,137.66,136987883.88057533,17616393.999999985,58,0,8500000.000000155,18932279001,153623574.35905623,1,6,138.20404012886988,1,22,51555706568.73333,0.3672198532622137,1,0.6956363698175804,,0.011552346570397056,-0.012404232,3613950113,,49.48685857321652
2017-02-18,0,0,138.31810035842295,143.2975519713262,138.31810035842295,140.33,215726943.34782296,21665459,44,0,21391171.999999844,30376292002,318453079.1566374,18,19,140.8089853339432,1,29,51565202573.13333,0.5890850900647243,0.4040404040404032,1.3201950133711482,,0.016803718269574507,-0.01280683,7496697221,,49.750996015936266
2017-03-13,0,0,138.77249433962265,138.77249433962265,131.88165283018867,133.29,455477005.7768775,180934371.99999833,164,0,130519799.99999893,61281138178,927268492.6329242,1,25,134.54277032816782,1,8,51697856117.833336,1.1853709762804048,0.7956204379562049,2.029796215379671,,0.022148394,-0.050647372,22912821428,,30.115532734274723
2017-03-14,0,0,133.28703007518797,135.3995037593985,130.11831954887217,133.79,433869202.18252486,123048286.00000067,24,0,81147924.00000006,57438235404,754721529.0075964,7,5,132.38606270061143,1,22,52327153174.36667,1.0976755263677727,0.095238095,1.3127533061495347,,0.019172932330826977,-0.015444015,11450241705.999998,,35.896683299090114
2017-03-15,0,0,134.79969395562355,135.1517827084927,131.1279112471308,131.48,187851467.7365379,11743804.000000043,64,0,27900000.000000358,24856947412,382504353.3601343,2,22,132.32234866997115,1,19,52000567549.23333,0.4780130022324435,0.8250000000000005,0.9332015301625648,,0.011737978038621883,-0.017097264,5158948321,,27.171290711700863
2017-03-18,0,0,131.5247402847249,134.59281262023856,129.61348210850326,130.72,238729482.8488372,-8702204,36,0,5550000.0000000615,31296174893,270416190.3523644,4,16,131.09472076734085,1,19,51242846444,0.6107423194575724,0.16161616161616518,1.0264321414400381,,0.016177577125658187,-0.011064479,5795941812,-0.690790364,29.10880533284515
2017-03-25,0,0,131.02121710526316,137.61,131.02121710526316,137.61,135931065.00981033,26928391.00000009,86,0,6075432.000000165,18485720279,265147196.00744835,20,0,135.99334543333313,1,18,49569659934.066666,0.37292408912201797,1,2.2045064458575614,,0.016447368421052665,-0.005714286,9088861412,0.9435747215194826,44.31438127090304
2017-03-26,0,0,138.3651111111111,140.72903703703705,134.79407407407408,135.8,125560080.26509574,47027965.00000032,70,0,20374420.000000216,17212638065,227168175.92199555,4,18,137.0868673280461,1,22,47063604692.86667,0.3657314006720969,0.43220339,0.9427873889302675,,0.014343508642883364,-0.016345805,3973794755.000001,-0.320046874,40.28500959
2017-03-27,0,0,136.80438116100763,139.72153340635268,136.3014238773275,137.76,108067527.33013937,40927111.99999996,73,0,7600000.000000027,14970985165,132495895.06516834,0,5,138.5336144433526,0,16,45088132593,0.3320382616036106,0.27941176470589235,0.7297006248049737,,0.014774775,-0.015412844,2221096866,-0.356815404,42.64280073703606
2017-03-28,0,0,138.2632542001461,139.31946676406136,136.3017165814463,137.71,106961696.78309491,6221736.999999873,50,0,6931261.000000027,14790770525,135532329.98942608,4,13,138.2810012353661,1,25,42349858193,0.34925194926496267,0.18333333333333035,0.5043627726846767,,0.013048205871692616,-0.009562339,2320669484,0.592718226,46.25928041
2017-03-29,0,0,137.66642051655148,139.8292469989087,136.30836667879228,138.27,127324645.89571129,54410161.00000018,69,0,25691680.000000145,17582135326,196092720.9588948,1,14,138.08901805547626,0,16,39570596749,0.44432322913041794,0.17142857142857096,0.6798827658213376,,0.013391241404270698,-0.009959425,2245263064,-0.442400265,49.92552874590411
2017-04-03,0,0,138.31407942238266,140.2253285198556,137.30815884476533,139.32,90428351.92362906,35219043.000000454,72,0,27583174.000000123,12513912648,167950170.27738833,4,31,138.3848359701234,0,16,38238967545.166664,0.32725550534854164,0.34482758620689624,0.6938805736452958,,0.013357401,-0.009048136,2814525945.0000005,0.20431471354736938,48.45139528
2017-04-04,0,0,139.32096597145994,140.47778265642154,136.85644346871572,137.46,131560806.46006109,59399793,67,0,16806514.999999918,18276999458,226647383.9413877,8,3,138.92434950638955,1,14,37514632123.73333,0.48719655300677206,0.5138888888888891,0.8583832834541587,,0.011602611,-0.017209813,4167143375.0000005,-0.28432445,49.452269170579044
2017-04-05,0,0,138.82402877697842,140.48388129496405,136.81208633093527,139.83,246843601.80218837,75804857.00000072,49,0,32338299.000000693,34260247038,446982513.53863525,3,10,138.79333629824015,2,19,37513591436,0.913275582,0.27397260273972784,1.1336630700170736,,0.017921146953405034,-0.013181985,12648710220,-0.281593729,49.76671850699847
2017-04-08,0,0,140.27822513812154,145.66,138.8196132596685,145.66,438250888.6997117,31225222.000000164,30,0,7367124.000000026,63386377992,680698022.1830775,24,1,144.6349103365588,2,14,38317797254.833336,1.6542281272184705,0.7867647058823527,1.8780466878630517,,0.022113022,-0.00790798,15995535241.000002,0.6155376318248009,61.21704991587214
2017-04-09,0,0,145.86109215017066,148.87890784982935,143.84921501706486,147.37,394299267.55784756,18608619.99999979,7,0,8737520.000000108,58049380918,350719655.27389073,2,7,147.22163010227655,2,22,38977902108.666664,1.489289514765671,0.29999999999999943,1.2298526332950226,,0.014246947082767886,-0.017482517,10865310880,-0.179030704,60.14409221902017
2017-04-10,0,0,147.37,152.0476143,144.9054505119454,147.37,443931204.9942322,6305933.0000007935,7,0,15304564.00000003,65925654178,397908824.99835265,13,8,148.50421289680807,2,25,40035539038,1.6466783203690822,0,1.4119950535323402,,0.028542980418187792,-0.020471895,12725278470,-0.311420019,75.45191612
2017-04-12,0,0,147.5182238856754,149.3791765906771,144.1483906090507,147.82,399729111.33134896,226516708.00000024,10,0,248740240.00000045,58391529633,768837074.6589744,1,3,146.0777511012884,3,23,40317111306,1.4483063826058515,0.057692308,0.6996082040407885,,0.024924217,-0.020274914,17340815653,-0.003838821,75.40746106483165
2017-04-15,0,0,146.1159891598916,152.40325203252033,146.1159891598916,148.48,596173935.4525862,16562429.999998678,2,0,22063522.000000056,89464132662,593034361.6764289,15,1,150.06381081400883,1,20,40586192433.23333,2.2042997211224913,0.37599999999999834,1.4851506843277495,,0.015777106,-0.013082858,16807715062,0.7816655105608192,82.74268105
2017-04-16,0,0,150.8965991068361,153.91453108897284,146.16850566815526,146.42,645512162.4778037,-40465545,8,0,8588293.999999985,96673056686,865744342.8520558,5,18,149.7617896383543,1,25,40009754020.166664,2.4162372164865737,0.5779220779220764,1.64844603,,0.020327869,-0.015228426,14213224598,0.5482739121051619,78.79677182685258
2017-04-17,0,0,148.1244432661718,148.3256309650053,142.29,142.29,477224067.6576007,-30959505,12,0,3556687.999999955,68168112288,659532120.2709317,13,17,142.8429890860185,1,25,40071868101,1.701146353234737,0.9666666666666671,1.2377338655298005,,0.007020007,-0.023223082,13721324904,0.6308296803629698,59.55102040816325
2017-04-18,0,0,143.34241452991452,144.85128205128203,139.82172364672363,141.23,219482668.49819446,-22662467,23,0,14490000.000000043,31120379038,257783824.00663593,5,12,141.78968777325582,1,24,40137416493.36667,0.7753458432767621,0.42000000000000054,1.233179643164306,,0.015873016,-0.017562724,5674328809,0.12861884289280145,61.431578947368415
2017-04-19,0,0,141.38791341376864,143.34953867991484,139.9292689850958,141.74,255184970.1566248,24839857.99999944,28,0,27649796.999999672,35948242759,353821010.72118837,10,2,140.87131674305135,1,25,39866961203.566666,0.901705113,0.1029411764705864,0.8047424442436337,,0.010526315789473727,-0.011722913,9565340155,-0.472118511,58.923766816143555
2017-04-22,0,0,143.3430805848351,147.92,142.84012240734444,147.92,383385018.1381828,38554939.99999997,55,0,26423496.000000607,56510347524,752517897.2986234,20,0,147.39842417011735,1,9,40409222357.73333,1.3984517450924248,0.9009900990098998,0.7037744846309947,,0.026548673,-0.009621993,23352217566,0.8127140013812229,67.95638410130144
2017-04-23,0,0,150.8964558721334,151.9024322446143,144.35760945100762,144.81029881862403,362192661.74357563,-32046315,15,0,6271905.000000047,53446422502,448696092.38875616,9,28,147.56351562925613,1,20,40626083828.566666,1.3155691483218614,0.806666667,1.6329847429516335,,0.0084488,-0.019256757,5171553977,0.4924818597956317,60.55578099403338
2017-04-24,0,0,146.7718101933216,146.87240773286467,142.5970123022847,143.1,202440537.73584908,-20598021,28,0,2201020.000000036,29097145550,264751981.61381438,1,10,143.73181318045545,1,18,39789371679.333336,0.7312793422448816,0.8588235294117629,0.9024022622888936,,0.019876627827279083,-0.013631597,3477194323,-0.578494645,55.97345132743364
2017-04-26,0,0,144.35075,144.8537142857143,140.32703571428573,140.83,247754947.0993396,-16041926,21,0,949304,34981182228,263322345.45109627,2,19,141.1926689559663,1,21,40104994830.86667,0.8722400383175428,0.7777777777777778,1.0133189435271015,,0.007089685,-0.010881011,5460377391,0.2909970355104681,55.25741029641187
2017-04-29,0,0,141.03686443725277,142.79731032002877,138.8237324703344,139.88,262106963.6474121,-12286988,22,0,7733670.999999927,36751805899,276260428.54351574,9,18,140.21682364928984,1,22,40280713759.666664,0.9123921219042503,0.2911392405063252,0.927980858,,0.009187279,-0.015064562,7157470904,-0.202482812,50.081619327456714
2017-04-30,0,0,140.8305932809149,144.09987491065044,140.2270335954253,140.73,305169925.07638747,886174.0000001004,18,0,6038478.000000069,43306392263,348855579.42265356,4,18,141.90910933362755,0,15,40851749767.066666,1.0600865938406434,0.025974025974021493,0.8784857761449532,,0.00983837,-0.006428571,8942384415,0.43315393634608074,40.38986354775827
2017-05-01,0,0,140.93386877016852,142.59368949444246,138.77107206884187,140.28,339061322.5691474,-7742649,26,0,4807824.000000042,47609829569,412490762.2142946,2,34,140.41657481970847,1,28,41370148902.76667,1.1508256758006508,0.1710526315789458,0.7700184632415757,,0.011992945326278596,-0.008954155,5692794748.000001,0.022195172,35.46535465
2017-05-02,0,0,141.73533571428572,143.29452500000002,140.83,140.83,209349615.84889582,5412412.000000171,30,0,13180200.00000012,29732726285,238691392.00114262,13,4,142.02426961442558,0,17,41730163812.23333,0.71249963,0.36734693877550806,0.6340563164087467,,0.009866103,-0.01209534,2477780441,-0.803592993,36.888532477947074
2017-05-03,0,0,142.59429494079657,144.3547183351274,139.5764262648009,140.18,150086252.46112138,-7170411,52,0,2992775.9999999073,21136021089,176850985.75236812,7,12,140.82583009709776,1,15,41422154782,0.5102588506160165,0.5052631578947406,0.8393647820981638,,0.008884151,-0.020143885,2989324951,-0.066664731,34.805091487669074
2017-05-06,0,0,141.3325925925926,141.3325925925926,135.74970370370372,135.8,271472275.40500736,-71724282,31,0,1383127.9999999753,37383554113,483583530.44820416,0,23,137.70671077636848,1,27,40625568646,0.9201976823628961,0.9909909909909911,1.081506611404951,,0.003649635,-0.011851852,13186335804,0.9559662228477053,28.03187803187805
2017-05-07,0,0,135.79817518248174,141.6324671532847,134.9431496350365,137.81,224428745.51919308,-6678956,32,0,4284431.999999984,30931554019,201990745.71908483,22,16,137.82349470181725,2,25,39742012600.13333,0.7783086963969265,0.30075187969924866,1.4733269088625878,,0.019536903039073687,-0.013790533,4533504009,0.4717388810000854,35.05727178063174
2017-05-08,0,0,137.56037037037038,139.8237037037037,135.64911111111113,135.8,256777177.46686304,-10159869,38,0,2799999.9999999497,34998168983,243344562.92590097,7,25,136.29781793016437,3,28,40080053319.166664,0.8732066473141028,0.4216867469879529,0.9788631358222024,,0.009157509,-0.01459854,4670136881,-0.055775489,37.841888347695786
2017-05-09,0,0,136.9102338766832,142.29208362863218,135.30070871722182,141.94,307120105.01620406,87390029.00000025,35,0,19636727.99999988,42406071489,389488778.40481406,14,6,138.07650751735252,2,24,40450383206,1.0483478308068148,0.7194244604316523,1.193351374846101,,0.032990422,-0.005565863,9961350885,0.6840844491668648,51.11740635819957
2017-05-10,0,0,142.84487455197134,144.8567741935484,139.87732258064517,140.33,373359378.6075678,6936506.999998663,25,0,32870859.999999505,52964671792,482359210.3520214,3,11,141.8597598633523,3,24,41599681589.46667,1.2731989709606581,0.5050505050505054,0.8946408698930232,,0.027440083362278524,-0.016961131,12231937753,-0.030375303,47.85518710069972
2017-05-13,0,0,141.8405670665213,143.34950926935662,138.16880770628865,138.37,182857182.6551998,255836551.99999997,65,0,268472539.99999994,25695349810,776223239.1,7,22,140.52141368956674,1,23,41882438647.63333,0.6135113102219509,0.6699029126213635,0.652642545,,0.024822695035460984,-0.015562794,14998516333.999998,-0.108138948,33.33333333333333
2017-05-14,0,0,138.5695878136201,143.34784946236562,137.31215053763444,140.33,318461352,38902227.00000017,59,0,65885663.99999959,44728066816,1580573867.4534447,3,18,140.45053357732624,2,22,42874341369.333336,1.0432362431109572,0.29166666666666374,1.089873970932302,,0.038596491228070094,-0.018220793,25807718371,-0.037789509,41.85409066248067
2017-05-15,0,0,140.3329856115108,141.59044964028777,138.87432733812952,139.83,123268496.3169563,36176352,79,0,6942440.000000241,17313732547,218000897.64143005,13,6,140.45545345569693,1,16,42958440103,0.4030344794952106,0.18518518518518248,0.6568293821230108,,0.007526882,-0.00971223,3826532227,0.21813707849318476,43.78090528718147
2017-05-16,0,0,140.3329856115108,143.2503021582734,139.83,139.83,172175004.64850175,110077439.0000008,67,0,99760000.00000057,24305603718,377487872.5,4,6,141.1680154597371,0,19,43182555716.46667,0.5628569989601524,0.14705882352940836,0.49924053357814374,,0.008865248,-0.018597997,2982146058,-0.428807908,47.91840133222315
2017-05-17,0,0,140.28372241992884,141.6920925266904,138.97595017793594,141.34,289930686.5713881,35085051.99999961,49,0,19007999.999999877,40795002115,393027952.01529175,2,3,140.70605149605387,0,18,44125258699,0.9245272054620699,0.38888888888888484,0.4677486407564223,,0.016725979,-0.011514933,8611671263,0.3478622025998262,52.969894222945506
2017-05-20,0,0,146.36895833333335,147.67672222222222,143.35104166666667,144.86,541908482.1206682,24442978.999998488,37,0,33655877.99999993,79316392607,828401396.8409709,19,14,146.36492179751195,1,24,46159905137,1.718296265,0.3488372093023274,1.045270912,,0.017035775,-0.01,21201979666,-0.306977783,57.57798165
2017-05-21,0,0,145.30751236749117,148.22472791519434,141.9376254416961,142.34,265931266.7556555,13689294.000000348,27,0,23023023.000000153,38382817089,327512316.5350451,0,18,144.33360002104274,1,21,46297324139,0.8290504430452763,0.4719999999999999,1.3329407835963798,,0.016382252559726904,-0.019791667,7003222993,-0.196042123,53.51296043656208
2017-05-22,0,0,142.09313196691838,142.34462423588636,139.8297015462064,139.88,139938735.07291964,580776,55,0,12495808.000000084,19661704544,244129426.59247655,2,13,140.50223144974566,1,20,44839835023.76667,0.43848744165937753,0.8800000000000059,0.5191474260414908,,0.006428571,-0.014362657,3325430213,-0.115981398,48.47902657700926
2017-05-23,0,0,140.37733214285714,141.3329642857143,139.37140357142857,140.83,128655973.9,20314416.999999963,53,0,27321863.999999944,18027402280,259111437.81742427,2,10,140.12098884990186,0,21,43505769069.166664,0.41436808647927914,0.23076923076923633,0.40456028554406315,2.480118573554336,0.0075,-0.00685673,4879957945,0.5681063036806228,51.03076435141136
2017-05-24,0,0,139.82407142857144,142.79156071428574,139.67318214285714,140.83,129893656.18121138,61353979.00000065,74,0,17500000.000000156,18381874738,300409152.54936147,6,7,141.51479970935537,0,13,41920976421.166664,0.4384887067830476,0.32258064516128737,0.807299349,1.5600745865906278,0.012689461,-0.011760513,4378363358,-0.273998586,59.26335174953959
2017-05-27,0,0,140.4825190839695,142.3435478007997,138.31970192657218,138.37,125300664.03122063,-7494452,47,0,1208489.9999999965,17426455394,141941429.86470267,0,23,139.07711925339774,1,22,40555473946.53333,0.42969428533801185,0.5250000000000083,0.737829239,1.2090182657874444,0.011677282377919285,-0.012903226,2669527823,0.7887886250751127,51.01449275362319
2017-05-28,0,0,137.81258589511754,139.07,135.5492405063291,139.07,151422251.63586682,74983227.00000027,41,0,84373249.99999985,20686685305,285667034.4462224,1,11,136.61588756945957,1,18,38262892367.96667,0.5406461462991412,0.35714285714285715,0.7055739604848039,1.5243259025461566,0.023508137432188027,-0.01171732,5698377257,0.8291133854224891,56.219094712818524
2017-05-29,0,0,136.5588083854358,139.0234057,135.60314821625596,136.76,150748529.2848786,6284976.9999998845,45,0,6302491.999999953,20642326675,172857115.86530924,1,16,136.93219279102183,0,16,35728534700.933334,0.5777546391920955,0.058823529,0.8905608983145366,1.6423653995865115,0.012301013,-0.011869436,3017669128,0.6658535000949366,38.468388245770264
2017-05-30,0,0,135.80597014925374,138.77358208955224,134.54850746268656,134.8,172623173.88724035,67248865.99999954,56,0,51245999.999999925,23461009081,222627156.05441096,1,7,135.90880385692034,0,21,34238297927.366665,0.6852270849085527,0.2380952380952368,0.8539121503292042,1.3295179341645713,0.025009061254077574,-0.018141429,3714000321,0.7629919667877564,37.87812362998687
2017-05-31,0,0,134.59385655276003,137.05839279008634,133.33644010514456,133.94,163347135.62042707,2681216.9999996247,59,0,7002799.999999932,22054252248,210842436.39802152,1,13,135.01462492276508,0,19,33936093701.033333,0.6498759828485641,0.17567567567567288,0.7684542566608195,1.5092380170032884,0.012141280353200988,-0.006789891,4791697608,0.37795407361142686,39.79732842008291
2017-06-13,0,0,134.9994043186895,136.2065524944155,133.44017125837678,135.1,183156590.4219097,13073433.000000304,189,0,16019999.999999747,24732882486,519546339.5464683,9,0,135.03681428567032,0,8,33562248359,0.736925674,0.036363636,0.1623109919077718,2.030563400453529,0.007451565,-0.011235955,17563803882,-0.025836893,37.494022
2017-06-14,0,0,133.5883327,137.96415536826674,133.5883327,137.26,159789789.39967945,10598571.000000149,38,0,2874999.9999999115,21726178590,160103263.30352947,24,18,135.96725217314534,1,25,32402776061,0.670503618,0.8390804597701167,0.9051582548723799,0.5262010773546092,0.008813808,-0.015190811,3466853325,0.7359058558992043,44.306601683650825
2017-06-17,0,0,137.05817490494297,137.05817490494297,131.42495817490496,132.28,165695726.03568187,98200810.99999994,36,0,109199999.99999978,22049122464,295649633.8,3,16,133.0699529283683,3,19,31356199392.866665,0.703182238,0.848214286,1.4146069054191166,0.3194512062304437,0.034342688,-0.015151515,4756647263,0.5464859476563193,36.29764065335751
2017-06-18,0,0,133.28444022770398,134.84361669829224,131.32289563567363,132.53,166287527.35229757,119690130.99999997,50,0,71050000.00000031,22114694621,290895503.70297515,3,3,132.99069974230656,5,21,31123451028.566666,0.7105476382005974,0.21428571428571255,1.0947803727725756,0.5073883296129063,0.026109661,-0.020952381,5713260153,0.6193644079510184,33.24457968809433
2017-06-19,0,0,132.7864253393665,134.14446832579185,131.5792760180995,133.39,90433677.16,26337912.99999973,76,0,7651199.999999953,11979574568,117709179.21919698,2,3,132.46806880555053,0,18,30356730773.233334,0.39462663675769855,0.23529411764705557,0.8056616006531621,0.6963894183052727,0.018379594898724694,-0.012533232,2830403297,0.33377606944889254,25.730004231908524
2017-06-20,0,0,131.62722932330826,133.8905939849624,131.02366541353382,133.79,106906710.21750504,42098292.999999836,79,0,14454000.000000011,14174230657,164552019.4522777,14,9,132.58504193199926,0,15,29604144931.833332,0.4787920978510834,0.7543859649122786,0.7737401168196557,0.7458527392328774,0.020285499624342614,-0.008725341,3447864996,-0.055940645,30.12552301255228
2017-06-21,0,0,131.42202272727272,133.2326590909091,131.0196590909091,132.78,85672334.38770899,22241362.000000328,84,0,9014999.999999952,11285157760,149632382.0721433,0,0,131.72464414158685,0,10,28536770448,0.39546022842373657,0.6136363636363698,0.6542661361815032,1.051142647583907,0.010989010989010973,-0.011498658,2184175547,0.590853903,32.30309072781654
2017-06-24,0,0,132.3343358490566,135.80490566037736,131.73075849056602,133.29,132247187.33588417,30168458.00000025,57,0,15835365.000000188,17627716181,202232192.1464357,5,16,133.29369445286392,0,20,27537366669,0.6401380492555342,0.23456790123456567,0.8792469764321625,0.22196128086395978,0.017407407407407587,-0.014492754,3838489967,0.7838339029009282,30.784913353720597
2017-06-25,0,0,133.28420445810914,134.74278631821676,130.31674481168332,130.87,167696126.41552687,-9518338,109,0,8119836.999999638,22130266892,301757654.1438583,11,23,131.9664762987094,1,12,27283951356,0.8111093075738341,0.5454545454545437,1.207080169236223,0.090290514,0.020308386611508106,-0.019164431,4016364680,-0.297880291,27.40471869328485
2017-06-28,0,0,132.83184159938483,132.83184159938483,130.26674356016915,130.82,93394032.64026909,4921069.999999971,50,0,5249999.9999999935,12224189594,96169514.14929882,13,1,130.88833674293284,1,17,26986890305.866665,0.45296769859188224,0.7843137254901911,0.5987532795119364,0.10716182017328625,0.011068702290076348,-0.013513514,1615759815.0000002,-0.700068427,30.76923076923069
2017-07-01,0,0,131.0225855513308,133.18533840304184,130.5699163498099,132.28,160920629.80042335,24739231.000000216,51,0,20224540.000000075,21128534768,308346648.2931891,6,13,131.2978628,0,17,26445056328,0.7989597188291414,0.48076923076923117,0.6767955581782592,0.1530898383745499,0.011406844106463905,-0.008761905,4594078946,-0.113733234,33.34968121628248
2017-07-02,0,0,131.43089655172415,132.4871724137931,130.1231264367816,131.28,84121465.03656307,20632780.999999825,89,0,9300000.000000037,11012277756,131422461.6674217,10,16,130.90924832578173,0,12,25781080452.266666,0.42714570385787703,0.063829787,0.6182874860405705,0.16936833856195568,0.011769172361427533,-0.011909335,2893056734,0.7806379831481978,35.63941299790356
2017-07-03,0,0,130.27029741212823,130.27029741212823,128.25840092699883,130.22,324836453.9778836,239694067.00000224,67,0,257500000.00000203,42174374517,1846540748.9418204,5,20,129.83264039654685,1,12,26020287303,1.6208266275172598,0.025,0.5182921526418609,0.19901348919786055,0.013899613899613843,-0.011764706,27495869667,0.2622496526094483,37.403740374037355
2017-07-04,0,0,130.2716577540107,131.78059587471353,128.3100382,131.68,150338152.96172538,55374642.00000022,60,0,29020950.00000003,19667273346,293141328.00149536,3,13,130.82024062785376,2,17,25262327365,0.7785218306138614,0.4057971014492703,0.726525274,0.11536893393037925,0.018090839107005652,-0.011368091,4100290406.9999995,0.15952808327526358,43.982960596379144
2017-07-05,0,0,132.03235294117647,132.28384313725488,127.75701960784312,128.26,148885306.79869017,-8929938,67,0,3237000.0000000563,19293636946,194633666.03559577,0,10,129.5872464573498,1,19,24139959537,0.7992406497760766,0.8333333333333365,0.9959944844653323,0.088449337,0.007282484,-0.010575793,3230604507.9999995,-0.119893526,33.74524714828897
2017-07-08,0,0,129.7659375,129.7659375,126.34575,128.76,149319932.89841565,-4778544,50,0,2284800.0000000363,19162395991,166305351.08813417,6,18,128.33113181236448,1,17,23922194410,0.8010300252032859,0.2941176470588272,0.4474315552464809,0.11706800852599798,0.011412829594647846,-0.027070064,3348470614.000001,-0.013104428,28.070175438596493
2017-07-09,0,0,128.36164714771436,133.14,127.75806573479407,133.14,247690331.08006614,69821729.00000075,42,0,56781968.99999992,32459665271,310654369.6927037,15,9,131.04938383932065,1,25,23513247691.633335,1.3804841294871422,0.8878504672897192,0.9464647427859796,0.22199663880131087,0.017755950132225133,-0.014167651,6468129882,0.7932822640206896,52.28966986155481
2017-07-10,0,0,133.13487768717567,136.75622683469234,131.37449962935506,135.7,304352512.5865881,40054561.99999952,31,0,26161679.999999717,40991173048,369555621.7140601,21,5,134.68320895276995,2,19,24302495708.333332,1.6867063177360881,0.4766355140186918,1.4586782096251973,0.24746195590284872,0.014981273,-0.010820896,8248868452.000001,0.6877014031008482,57.51541014698907
2017-07-11,0,0,135.80007501875468,135.80007501875468,132.37992498124532,134.09,137346677.44052503,47465182.99999918,59,0,32483969.99999998,18322140515,278692605.3083067,3,11,133.40068253878223,1,24,24103046935,0.7601586871770333,0.5,0.8324429479516453,0.5364189217872805,0.012753188297074199,-0.010606061,4755135308,-0.628665055,51.602564102564145
2017-07-12,0,0,134.29246575342466,134.29246575342466,131.82792237442925,132.18,98529780.02723557,14816159.99999994,87,0,17630409.99999999,13054915327,145748617.7885891,1,32,132.49715287491114,1,10,23178377375,0.5632368097048911,0.8571428571428638,0.5589921016986095,0.5403063690137374,0.014232209737827678,-0.012514221,1867940600,-0.694969646,46.552462526766625
2017-07-15,0,0,132.02740384615387,133.03332692307694,129.76407692307694,130.71970384615386,148036945.78267184,4790689.9999998715,56,0,4919742.000000019,19352744656,177601342.5672103,0,32,130.72915381820374,1,23,21179589110.266666,0.9137450474248758,0.40000000000000346,0.8249521789377293,0.4073131404395076,0.007677543,-0.010444874,3793407127.9999995,-0.796954874,45.671700594546614
2017-07-16,0,0,129.7643709118892,130.77029626779532,128.25548287803002,130.72,152012551.52998775,138370115.99999934,67,0,141674402.99999955,19699275524,543626431.4308257,5,14,129.5897958802033,1,19,20556804391.433334,0.9582849137879283,0.3799999999999998,0.32097458740788437,0.6296675284379948,0.012697191,-0.009708738,9106191607,0.39357827813972807,44.48275087630299
2017-07-17,0,0,130.5680473372781,136.05029585798815,129.00887573964496,136,518833260.7058824,2174699428.9999933,72,1,1988178399.9999943,68719004798,2820589592.4541297,11,5,132.44911227261434,2,19,22192047733.233334,3.0965598859582024,0.7714285714285734,0.9726935261890733,0.1265200714604083,0.046950092421441644,-0.013127413,51695376338,0.16123712843413546,59.80857324308288
2017-07-18,0,0,134.7935532233883,138.9681296851574,131.32312218890556,134.19,581844076.6972203,776484045.0000014,27,0,319060000.00000143,79765534610,1587457336.5927546,2,21,137.0909111299733,2,18,24249985477.566666,3.289302366,0.078947368,1.1660141149736563,0.11653107953030943,0.048136084,-0.016605166,37442312320,0.6284981886028579,56.037134509451484
2017-07-25,0,0,137.51041635408853,137.51041635408853,134.72885221305327,134.83,138268393.42876214,5752435.999998357,190,0,14170009.99999965,18892656809,508084170.9393827,11,6,136.63756655083844,1,9,24267011547,0.7785324852514446,0.9636363636363625,0.5027551572535203,0.1356750700910061,0,-0.015736231,17352710938,-0.684659447,54.70643087
2017-07-26,0,0,133.7716409266409,133.7716409266409,129.82676833976834,129.87734362934364,311680588.1,-23071846,26,0,7683821.999999889,40706655451,462521690.7187502,8,26,130.6037558976009,1,24,25043018215.166668,1.625469227,0.9871794871794829,0.7039067281196315,0.24929134386777252,0.008497489,-0.014615385,6938297658,-0.566609518,47.74080286314452
2017-07-29,0,0,129.9772440944882,130.48299212598425,128.00482677165354,128.46,104635820.02179666,-3755222,66,0,3659616.9999999446,13483732542,145568353.56949958,5,17,128.86344790140896,1,19,24802919789.733334,0.5436348888077813,0.6122448979591892,0.5610738367265361,0.9449387163384713,0.012407910042652239,-0.011457922,3910498503,-0.143183413,47.19750509
2017-07-30,0,0,127.95425196850394,129.47149606299212,127.44850393700789,128.46,113692444.49634127,1996446.9999997132,57,0,6014854.999999986,14542255447,146916592.71030936,5,4,127.90872349893031,0,14,24599584082.133335,0.5911585902609643,0.2500000000000053,0.42374582788619003,1.157549927514641,0.010946051602814687,-0.011058452,1771359502,-0.629975488,44.622684870578325
2017-07-31,0,0,126.53964285714288,131.49603174603175,126.53964285714288,127.45,138020805.33542565,23340785.99999927,64,0,24698959.999999985,17673133446,226488443.78508815,9,14,128.04687962115418,2,17,24406654894,0.7241112525472483,0.1836734693877519,0.9369404151382242,0.6652939121277834,0.024672320740169822,-0.014901961,3148914965,-0.63976786,48.52890923858971
2017-08-01,0,0,127.44850393700789,130.38184251968505,127.44850393700789,128.46,88465534.64113343,11691881.000000084,76,0,6596746.000000001,11320828408,110713772.23344658,6,15,127.9688011147361,0,11,24048874099.633335,0.4707425537303056,0.3448275862068954,0.5507190111256901,1.1797103383627903,0.006301694,-0.010980392,2318576560,0.3564571464499708,49.465061228543156
2017-08-02,0,0,127.50480632411066,128.56692490118576,127.45422924901185,127.96,136760735.69865584,-2954527,75,0,2000256.000000023,17475667692,201546678.6973927,12,26,127.78278504224045,0,15,23806966939.833332,0.734056872,0.40909090909091433,0.2510215946950393,3.845505097231958,0.007870917,-0.006346688,7452302035,0.16532368193159866,39.280064134953406
2017-08-06,0,0,127.44622641509432,132.95878144654088,127.44622641509432,128.66,162600216.75734493,9120268.000000048,50,0,5749999.999999939,21204644190,191222741.1350654,14,16,130.40969202177982,2,22,23789582459.833332,0.8913415872599791,0.22018348623853481,1.1875808249528457,0.9331440622808439,0.022333461686561418,-0.024570983,4973587251,0.6758767570199442,34.21566588262404
2017-08-07,0,0,130.93827546296296,131.34287422839506,127.44861111111112,131.09,161297793.21077123,34432928.99999914,72,0,35199999.99999972,20812015299,289307257.86852163,2,12,129.0285185229069,1,27,23748345554.333332,0.8763564287619378,0.038961039,0.8383928337335695,1.3372717473009095,0.027777777777777735,-0.015246286,8194647831,0.6310009757765292,43.51227693461408
2017-08-08,0,0,128.2619294117647,129.47576470588234,126.9469411764706,128.97,116021579.4370784,27175097.000000075,79,0,19929210.00000032,14823047443,173785966.09548083,7,23,127.76112439530212,0,27,23505290648,0.6306260009598733,0.28000000000000586,0.4801784360361859,2.1393524145513045,0.015234375000000067,-0.011462451,4410062426,0.37717878417301526,43.120620433323424
2017-08-09,0,0,127.45,127.95575396825396,126.33734126984127,126.43849206349208,158887769.63515103,-4174891,27,0,3662999.999999862,20115984451,209106426.49325672,1,6,126.60498978109958,0,12,23776504311.166668,0.8460446576897556,0.6249999999999989,0.362961604,3.3428091171845424,0.007542676,-0.005988024,3879090984,-0.688930803,41.22767364492915
2017-08-12,0,0,126.794032,127.148064,124.467536,126.43999999999998,120019238.3739323,32765768.999999665,53,0,41460349.99999976,15046734903,226332612.09241575,6,15,125.36935833670555,1,8,23805587786.033333,0.6320673548681657,0.1320754716981194,0.653659744,2.018275774,0.013999999999999922,-0.009292929,3605752589,-0.869638513,41.230592107402785
2017-08-13,0,0,125.83,127.95413987138264,124.31275723472667,125.83,103042172.00985456,23622014,81,0,9000000,12910583093,154850372.73954052,4,19,125.29416685592848,1,19,23859768630.466667,0.5411026105472962,0,0.669207307,1.5479119889000115,0.012038523274478085,-0.015248796,1559606867,0.4310789643182945,24.23100435978698
2017-08-14,0,0,125.2741478439425,125.2741478439425,122.89712525667352,123.15,93384533.73934226,-3107207,55,0,520145.99999973306,11540105042,119311866.01576258,3,18,123.57619168727759,1,16,23656848259.166668,0.4878124471854946,0.893617021,0.45773481533181176,2.503071355930791,0.006459427,-0.011020408,1929990701.9999998,0.4426132144170434,23.207805915299815
2017-08-15,0,0,122.89848979591837,125.93302040816326,122.19043265306122,123.91,119996278.34718747,38414817,89,0,12399999.99999994,14820855226,144873973.27359617,7,35,123.51095742418396,0,16,23413201203.633335,0.6330127647687943,0.2702702702702702,0.8040603454047236,1.5897709125143284,0.016064257028112424,-0.015911873,2800813763,-0.256028882,23.652483627589817
2017-08-16,0,0,122.90116935483871,128.66690322580646,121.33329435483871,125.43,399380777.8,157468771.99999982,78,0,70500000.00000028,49357030631,644985341.0854454,12,18,123.58389129879157,2,18,24650962571.533333,2.0022354294593336,0.3448275862068964,1.2336049887520473,0.8113136731558969,0.039615846,-0.022177419,17059630949,0.3802149730148956,37.13923898246089
2017-08-19,0,0,125.93477727829996,125.93477727829996,122.9002043318349,123.76,99644604.14511958,7687964.999999875,60,0,6528143.999999852,12312161277,124614706.0883094,4,1,123.56074252720114,1,12,24357083455.166668,0.5054858599824817,0.7166666666666651,0.4507877205506234,1.9606901055136718,0.006085193,-0.020491803,2750137762,-0.106598595,36.60435573329952
2017-08-20,0,0,123.60311074918566,126.4352605863192,122.89507328990229,124.21,106345531.59971017,66873537.99999939,96,0,31999999.999999844,13286871822,236556286.35601956,13,11,124.94057457921637,0,22,24432903257.366665,0.5438106017136515,0.17142857142857282,0.7502596357109647,1.680661686068259,0.022891566265060403,-0.020408163,2362043942,-0.346500536,38.189862027594415
2017-08-21,0,0,123.4024115755627,125.93114951768489,123.14953778135047,125.83,99042409.98172137,91896799.00000015,113,0,38788347.00000029,12345550820,226727392.9945163,13,12,124.6491359,0,19,23438609134.133335,0.526718576,0.8727272727272721,0.9407251016323508,2.2344552638119906,0.021293692,-0.018829308,3071871873.9999995,-0.207754478,45.645867285557024
2017-08-22,0,0,125.17195660907996,125.88,122.89610285255122,125.88,115943464.83952971,106263904.99999931,83,0,87875276.99999942,14379139891,335145702.6546009,9,23,124.01854568432374,1,28,23262338018.966667,0.6181296084373007,0.2372881355932176,0.46374920592708185,2.3694914093426482,0.021695460024106106,-0.011513158,5504851776.999999,-0.738875032,42.68832489136394
2017-08-23,0,0,123.9063140631406,124.91779417794176,122.94540795407951,123.35,69679649.62302393,-4693678,96,0,308350.0000000165,8599119544,100956505.88793197,8,40,123.40933960664798,0,23,22905854105.566666,0.37541143431583324,0.28205128205126745,0.41315625420208657,3.5846522205965803,0.008097166,-0.005341002,1978866274,-0.477783935,38.283443601742746
2017-08-26,0,0,123.65435950413224,123.7555082644628,121.98540495867768,122.39,157661744.42356402,3901263.000000305,46,0,3931427.9999999106,19325024393,140718732.21974653,8,10,122.5726917056215,1,14,22911275052,0.843472236,0.7142857142857201,0.4161661003964104,3.425940856244446,0.00248139,-0.004132231,2471953267,-0.96674784,34.27232477026226
2017-08-27,0,0,122.59884583676832,123.91384995877988,121.68845836768342,122.7,139295225.7212714,11956916.999998832,66,0,15399999.999999499,17086369939,180160945.56328744,9,9,122.66299760473977,0,17,22398831874.566666,0.7628241523791766,0.045454545454557356,0.7981940598762137,2.7753643395367815,0.013877551020408118,-0.009068425,2375452265.0000005,-0.854736385,26.44980485109862
2017-08-28,0,0,122.89426229508196,125.27122950819673,122.89426229508196,123.4,69882450.24311182,-4649202,65,0,662099.9999999818,8633459891,72860716.03,3,16,123.54260420127417,0,17,21320241436,0.40494193824757024,0.21276595744681348,0.45241698501802585,2.9426823285746053,0.016955995,-0.010195759,1024115439,-0.59869573,33.01105774816989
2017-08-29,0,0,123.15288065843622,125.12534979423867,122.39423868312758,122.9,410989221.72497964,50792073,74,0,40320187.99999791,50503381996,1700226339.932364,8,16,122.88249746314561,0,19,22392949485.366665,2.2553251428090313,0.092592593,0.45795460013018774,2.5653690797010276,0.018997574777687796,-0.016433854,26302366339.999996,-0.581144982,37.68063883285892
2017-08-30,0,0,122.90288659793816,123.8638556701031,122.34653608247424,122.65000000000002,122740332.04239705,-8421033,63,0,1086340.000000058,15062975659,113639402.56435123,3,5,122.72229843566772,0,20,22459884829.766666,0.6706613045066308,0.16666666666666666,0.3236414180095879,4.262220914075684,0.007786885,-0.00781893,2327358425,-0.226999656,37.02943189596175
2017-09-02,0,0,123.30460905349794,124.82189300411524,122.5459670781893,122.9,44155156.305939786,-952929,98,0,1798031.0000000088,5447409260,59102628.76054312,9,34,123.36971977307233,0,17,21996373650,0.24765033303681694,0.17777777777777432,0.45074876520156604,1.8784531309298353,0.008163265,-0.01563786,763250643,-0.676727598,39.719298245614034
2017-09-03,0,0,123.40090871540686,124.91813300289137,122.44,122.44,124298062.95328324,375313.99999970105,42,0,1651339.999999999,15294851181,138631129.0733367,16,27,123.04979512632056,0,23,21849559505.133335,0.700007301,0.38775510204081703,0.5929184741362107,1.6749972219682772,0.015795868772782516,-0.009060956,2228859910,0.5628073599661203,47.04904405652531
2017-09-04,0,0,122.48942633099465,122.89401568303757,121.88254230293026,122.54,101604651.21592948,877122.0000000576,78,0,1805040.0000000072,12423609433,111141904.08021684,2,5,122.27402273737877,0,18,19973046326,0.6220187561794671,0.05,0.20445234063233664,4.165734862600206,0.00617284,-0.007880547,2505102468,-0.61434501,43.97537379067726
2017-09-05,0,0,122.39403232490676,123.55728139245753,121.58481558226276,122.04,64812658.013765976,-7950230,85,0,1213799.9999999069,7909573593,109557353.57221577,16,41,122.03748211221387,0,15,17577847625.733334,0.44997395366089477,0.1794871794871804,0.4050385403107104,2.206684956600938,0.013934426,-0.007880547,1310777881,-0.061752093,33.623188405797066
2017-09-06,0,0,121.4817257190496,122.3920800333472,121.32999999999998,121.32999999999998,106974895.89549164,534793.9999998868,80,0,1436018.999999905,13007801183,175125688.4,4,23,121.59676412032107,0,18,17381685771.533333,0.7483624634558396,0.14285714285716197,0.2303770701963719,4.312128801,0.005371901,-0.004149378,3288478300,0.6461250371969594,37.060702875399244
2017-09-10,0,0,122.08627806563038,122.08627806563038,117.13,117.13,166530761.00059763,73079804.00000043,57,0,48804000.00000013,19846461284,313432311.99340576,12,39,119.17594782341008,3,23,16686345965.966667,1.1893833032395875,1,1.3115813569589343,0.9240453905304117,0.028761984,-0.025213675,6199791315,0.8074347925366396,23.059360730593625
2017-09-11,0,0,119.15827045358203,121.28248410343366,117.84328105129292,119.31,150541845.93076858,21608908.00000016,73,0,9000000.000000011,17951758954,214075882.12065464,32,11,119.24763405821184,1,13,16835280180,1.066317801805654,0.044117647,0.7120871169103137,1.331653243876374,0.017514595496246822,-0.017394994,4202253466,-0.247656801,26.204379562043812
2017-09-12,0,0,119.26019368421052,120.8280757894737,118.3498105263158,120.12000000000002,88460702.83882783,25885952.999999676,47,0,19468800.000000037,10579039477,154547229.06065187,19,5,119.59027158392155,0,26,16703172981,0.6333550810509927,0.3469387755102141,0.36239901126996393,1.8479966486303268,0.012976140644621366,-0.012717253,1966755062,0.3290924235129799,30.082987551867333
2017-09-13,0,0,121.48080231596362,123.30149710504551,120.9244789081886,122.29000000000002,106865693.89156921,13031139.00000022,38,0,3604730.0000000014,13017694471,119302800.34581284,1,16,121.81359608452405,0,19,16547991681.533333,0.7866631021773504,0.3404255319148982,0.5132427283038057,2.0800237204905083,0.013945857260049363,-0.008316008,2245549390,0.34200362282099195,46.24113475177315
2017-09-16,0,0,121.88540115798182,124.9198924731183,121.88540115798182,122.29000000000002,82231713.35350396,30327221.000000052,93,0,25359660.000000007,10088681035,212737823.65086275,3,4,122.6860127750228,0,9,16506920102.433332,0.6111788857276167,0.13333333333333522,0.6744590527485658,1.937375157752742,0.017522412387938054,-0.017768595,3324685019,-0.737369979,49.619482496194905
2017-09-17,0,0,122.9002043318349,124.36691458929302,121.98983244789538,123.76,106065922.84259857,10449933.999999806,81,0,4755525.000000004,13044448172,176509187.4759818,8,5,122.98434617269027,0,19,16359212785,0.7973762761910467,0.36170212765957577,0.2962840841438697,2.579059456089305,0.007802875,-0.017798013,2688822963,0.2152703301621991,53.70629370629371
2017-09-18,0,0,123.9085020242915,124.92,123.04872874493928,124.92,72259047.23022735,9953592.999999885,105,0,6101963.999999913,8965405539,135405622.00083256,17,22,124.07312139661866,0,14,15951238163,0.5620507603962092,0.5405405405405465,0.2446743280861139,3.276187863246828,0.008140008,-0.009864365,2618538967,0.015096379347508253,55.14905149051489
2017-09-19,0,0,124.92385908726982,126.44115292233786,124.72155324259408,126.34,124061032.64207694,15109272.999999408,62,0,9500018.999999894,15576651088,198758127.75657973,8,15,125.55635525733142,0,17,15776726023.033333,0.9873183488930953,0.8235294117647136,0.30612967418849685,3.565153127,0.007633588,-0.007692308,3408934034.0000005,0.3162247825797657,60.969387755102034
2017-09-20,0,0,126.43843498273876,131.85,125.93268124280782,131.85,590598736.9283277,171020059.00000185,62,0,134005694.00000162,77519230320,1497147706,12,0,131.25532696391014,1,10,17866598786,4.338779375427539,0.9145299145299174,2.064630072739679,1.0360496749006742,0.019417475728155345,-0.004016064,44454106187,0.9417716693422866,71.96752626552046
2017-09-23,0,0,136.5,137.76435716932198,133.1620971,136.5,422664230.46153843,-25619286,10,0,17952120.99999997,57604975124,887225774.3040396,21,16,136.29015888355835,1,24,19116231808.033333,3.0134063921422163,0,0.9386886464870589,1.3320925037589113,0.018021331,-0.016949153,7371081579.000001,0.7528377381937537,76.83504341
2017-09-24,0,0,136.5557620817844,138.88226765799257,132.6613940520446,136.05,267110059.97794926,37825394.999999866,22,0,17930195.999999747,36306535367,393568527.2767488,10,15,135.9235042289205,2,22,19824891824,1.831361083340844,0.081300813,1.8983862398127131,0.9854944117191093,0.019679300291545118,-0.018106375,12500443018,-0.569313898,76.86537702329255
2017-09-25,0,0,137.5633358,137.9679338842975,134.1242524417731,134.63,94096509.66352224,1083480.0000008915,42,0,4047460.0000001425,12778674676,106454242.53906445,4,37,135.80391793165333,1,26,19820494876.266666,0.6447202633321412,0.7631578947368489,0.6004056409874491,1.7000922362903623,0.011816838995568726,-0.023378582,1230288761.0000002,0.48796268458562975,72.68292682926825
2017-09-26,0,0,134.58057518796994,136.09783082706767,133.82194736842106,134.53,102723889.09536906,12464403.99999967,85,0,3583056.000000091,13887941400,178231418.20551738,3,25,135.1968030251114,0,19,19898756088,0.697930129,0.022222222,0.6152265443917686,3.0763395784776923,0.013770003721622457,-0.013951735,5516505585,-0.064909228,73.79047619047617
2017-09-27,0,0,136.00251698113206,136.05309433962265,134.03,134.03,72964545.99716482,-629469,70,0,1200000.000000008,9854087130,93763796.18,14,22,135.05308633569652,1,19,19733197151.666668,0.4993659696532106,0.9749999999999905,0.4067598460128933,3.560687007408587,0.009328358,-0.009005629,1938162585,0.13386837927742493,74.38556068
2017-10-02,0,0,133.6710012,133.6710012,128.31,128.31,162573415.7353285,-19774624,53,0,1931166.9999999537,21055004787,177498736.4,2,46,129.51074867786383,1,24,18789796290,1.1205552450816851,1,1.481176759389444,0.8369746576534631,0.005405405,-0.019409938,4901967421,0.9504881762733184,70.28301886792454
2017-10-03,0,0,126.94105387337792,131.1892803775069,125.98014549744396,128.61,136249040.26125497,56702112.99999994,63,0,22169856.00000007,17418631406,199807798.5138095,4,14,127.84406681030639,2,15,18960011961.166668,0.9187036085038512,0.32038835,1.2085617300404166,0.8613756857353054,0.019607843137254985,-0.01645768,3348176003,-0.739322063,68.10747663551403
2017-10-04,0,0,126.73786885245902,131.4918032786885,126.73786885245902,129.57,92029029.17341979,63449653.000000045,98,0,42030000.000000045,12011953804,274642972.73462105,14,27,130.52353058473147,1,20,18917514694,0.6349646874001522,0.5957446808510646,0.7814375152447601,0.9438544428894696,0.022788721514098297,-0.013250195,3726237069.0000005,0.6077698595258337,68.29268292682924
2017-10-07,0,0,129.47456,129.47456,124.467536,126.43999999999998,266720163.71401456,143801694.0000007,34,0,176160000.0000008,33540596987,424846708.4608964,1,42,125.75201109640605,3,28,19624016233,1.7091606829665953,0.6060606060606085,0.901332254,0.8514070778687887,0.033751962,-0.022864019,6891094005,0.38469265210302267,57.74542739828288
2017-10-08,0,0,124.4157551020408,125.42726530612244,120.36971428571428,123.91,243656148.0106529,39835832,41,0,32331572.000000335,29770808975,292381812.1,2,39,122.18369705860404,2,26,20137071868.933334,1.4784080410880993,0.1,1.2782051150649878,0.5192714342695999,0.026037429,-0.01701951,4394607152,0.5709594168957876,52.762619372441975
2017-10-09,0,0,123.91,125.5284163265306,122.39273469387754,123.91,109828373.01267049,34976699.000000216,67,0,15539370.999999922,13589878105,176579135.7,5,10,123.73740712185717,1,19,20303430487.633335,0.6693390121081997,0,0.6289605533132884,0.9797117886116337,0.016619375760032307,-0.020164609,2141123499.0000002,-0.453269118,50.26929982046677
2017-10-10,0,0,123.90573770491804,125.42295081967214,122.69196721311476,123.4,84112138.73581848,19829996.999999925,97,0,15000000.000000007,10385381239,139765915.96376917,9,30,123.47065946829228,0,18,20005442383,0.5191277973480225,0.18518518518518556,0.5504974107613464,1.2482149640446663,0.012903225806451599,-0.014314928,2352450080,0.2060341569445713,47.20588235294118
2017-10-11,0,0,124.06034907597537,126.28564681724846,122.9477002053388,123.15,143595894.6406821,28298647.00000002,100,0,19081999.999999903,17780986308,222130456.8839432,4,26,123.82656448844239,0,19,20028596261.466667,0.8877799560126498,0.2727272727272727,0.5956433157969977,1.3390196872348983,0.020024028834601488,-0.01504065,3860987332,0.096905589,43.87245485977718
2017-10-14,0,0,126.43999999999998,126.94576,124.92271999999998,126.43999999999998,106397738.05757673,39751323.99999972,91,0,15213698.999999741,13397968272,220304433.91645727,23,18,125.92343142435735,1,23,20187413208,0.6636793002791663,0,0.452333351,2.3161076784108268,0.010799999999999841,-0.008090615,3471808674,-0.620555541,38.639227215455655
2017-10-15,0,0,126.43999999999998,127.350368,123.9112,126.43999999999998,169722358.4308763,-795523,102,0,5135467.999999589,21421473787,322055567.59179986,13,37,126.2148015443966,1,15,19218016267,1.1146558255110186,0,0.5068207071533836,1.4066690259629946,0.02584493,-0.020408163,6462060564,-0.124967115,23.747390396659597
2017-10-16,0,0,126.48814887751082,128.41,125.52722331626624,128.41,190553601.01238224,8587088.999999817,84,0,13642499.999999903,24104261574,382865028.0636932,11,14,126.49596463114702,0,18,19519392464.366665,1.234887900225541,0.6666666666666683,0.45231307529249376,1.687151774357657,0.008333333,-0.007252216,5195686127,-0.264157617,31.52804642166339
2017-10-17,0,0,126.743456,128.91822399999998,125.731936,126.43999999999998,62566039.22809238,6825490.999999821,93,0,5609645.999999834,7934530675,113263134.0915898,7,50,126.81849087607524,0,11,19602296511.533333,0.4047755664919969,0.095238095,0.6533563501057261,1.546176022,0.019223224794036858,-0.018377946,1110712870,-0.31660804,30.71125765426278
2017-10-18,0,0,126.43942423030788,129.47397041183527,125.57963614554178,126.49,87929833.33860384,56873921.99999997,48,0,54437460.00000002,11134405185,163229502.13288257,5,11,126.62829852210876,0,14,19463614978.333332,0.5720625483701095,0.012987012987011281,0.5216465562809722,1.265058869377245,0.027343750000000038,-0.023190724,2198764749,0.21462872016185403,31.01983003
2017-10-21,0,0,126.43995098039215,126.94571078431372,123.81,123.81,94225064.21129149,-5431892,72,0,448795.0000000206,11724375834,123637108.24748707,11,23,124.42948096813294,1,18,19440307192,0.6030962226258286,0.838709677,0.5879444818759539,1.5827454678573047,0.006857604,-0.013436482,3584343758,-0.735079352,28.124999999999986
2017-10-22,0,0,123.80631924497334,126.4361920393927,122.8959786622897,123.25,44236601.955375254,32716605.999999944,111,0,31499999.999999974,5495285418,96722756.61839671,15,36,124.22485396919733,0,13,19359830919,0.28384986629971454,0.15714285714286036,0.7648824958305566,1.5306458841730632,0.027599999999999954,-0.019309778,1850572873,0.084612915,36.09890109890109
2017-10-23,0,0,123.96188976377954,124.87225859925404,121.48366348943225,122.04,149141629.97377908,11335896.000000114,63,0,14289000.000000063,18270979644,189486133.08743998,0,19,122.50757650437548,1,17,19535270201.233334,0.9352816447272116,0.5671641791044799,0.6097392336145231,1.7368821663957383,0.020251113811259512,-0.017369727,3552228015,0.844920161,32.810047095761334
2017-10-24,0,0,121.48403340292276,122.49555741127348,120.62423799582464,121.13,117579235.90357468,919081.0000000293,64,0,1448999.9999999988,14289240656,206566349.9683972,5,6,121.52860618790238,0,19,19350029513.633335,0.7384609230664126,0.18918918918919636,0.43595246877964816,3.252980687098491,0.007438017,-0.007528231,3739443647.9999995,-0.008462041,27.85939139559288
2017-10-25,0,0,120.76975115984816,121.88237030788696,119.65713201180937,119.91,135095787.50729716,-2900548,54,0,831515.9999999617,16208920289,130898128.61483179,5,13,119.98094528391184,0,18,19291934891.466667,0.8401915297863478,0.38636363636363563,0.4304561745262306,2.7356018133328255,0.004189359,-0.00921273,3710952247,-0.809178818,30.96209912536446
2017-10-28,0,0,119.96691525423728,121.43362711864404,119.05654237288137,119.36,71512132.37265415,257545.99999998492,84,0,1717833.000000058,8572969408,100818975.94177282,2,35,119.88132815458117,0,23,19225065889.166668,0.4459266593635381,0.2553191489361706,0.6298345081426309,2.560842245,0.011666666666666728,-0.010570825,1835664056,-0.718177065,35.00329597890574
2017-10-29,0,0,119.86395918367346,124.01115102040816,119.25705306122448,123.91,305588237.02687436,28424714.00000026,68,0,14500000.000000164,37251008983,397993914.2983162,21,14,121.899355,1,31,20032843039.566666,1.859496872681821,0.8510638297872343,0.8930944697425602,1.2004487190925637,0.020408163265306034,-0.015664691,11182118679,0.15868670106627508,50
2017-10-30,0,0,124.05729880478088,126.94,124.05729880478088,126.94,125381420.59240586,52256500.99999944,58,0,34145054.99999968,15765565394,319768474.03318524,17,14,125.7408419804975,0,21,20222072518,0.7796216426289089,1,0.4752793397703295,1.234628427143724,0.009654063,-0.006033789,4833083063,-0.378369841,57.95863309352515
2017-10-31,0,0,127.65057471264367,132,126.94252873563218,132,628705796.5909091,72234093.99999976,56,0,57037271.99999961,82692383696,1824851049.314165,24,6,131.52794859597407,1,17,22543670369,3.6680976230787614,0.8600000000000001,1.9640779915935012,0.083750549,0.022988505747126495,-0.011457922,24983535960,0.943275305,66.35859519408501
2017-11-01,0,0,131.8045962264151,134.6369283018868,129.9838113207547,134.03,399772874.7295382,193716322,31,0,116753084.00000024,53058267122,639767985.6224031,8,17,132.7210285537656,2,22,24013432421.766666,2.2095244940455085,0.47826086956521524,0.9033877993612369,0.056310989,0.022556390977443545,-0.022376543,11330122529,-0.236755709,64.71500581620785
2017-11-04,0,0,131.5,134.02884615384616,130.8930769230769,131.5,124564457.79467681,6257134.000000246,58,0,6813638.000000283,16439234359,160923221.7,11,17,131.9737158579959,0,19,24042185197.466667,0.683766231,0,0.6987592731031596,0.2888250527423412,0.013257575757575898,-0.014609765,3224661336,0.42778515506459147,58.93361581920905
2017-11-05,0,0,132.30904709748083,138.53,131.49981745162466,138.53,1391766015.7005703,31031466.999999702,26,0,17504860.000000127,1.9196E+11,1889827845.8886142,28,1,137.92552591203594,1,16,27856879508.866665,6.890939080269215,0.8848920863309339,2.2436866275558294,0.1629999317980513,0.028697572,-0.005767013,54846252816,0.7519926367056223,65.15877771120431
2017-11-06,0,0,139.5859701492537,141.50780597014924,135.3377014925373,135.54,318494292.4597905,-60462213,26,0,8650040.000000061,44142448562,460410855.5367697,12,13,138.59729862372004,1,24,27408128623.466667,1.6105604716188289,0.6557377049180305,1.6751528030199192,0.1899525530959959,0.012931034482758483,-0.021603808,7176476017,0.603288011,63.22674418604652
2017-11-07,0,0,136.04444866920153,136.04444866920153,132.9594258555133,133.01,252810544.39515826,-25174360,37,0,3989848.0000000037,33843719420,375249851.0864815,0,18,133.86988861944067,1,22,27326034758.566666,1.2385155665290974,0.9836065573770504,0.6150393423258643,0.4657181678778915,0.004124484,-0.009433962,5763698406,0.069780744,58.839479392624725
2017-11-08,0,0,132.91501130369252,135.59556518462696,131.9540580256217,134.23,128887358.86165537,9755890.000000048,61,0,16199999.999999946,17292775187,190828640.59396192,21,22,134.1696760623488,0,22,27476504776,0.6293659010936693,0.36111111111111305,1.1331503059806332,0.5093927365977735,0.016442451,-0.013297872,2726180050,0.5573941706798661,64.70920384
2017-11-11,0,0,136.45771320754716,136.45771320754716,133.06903018867925,134.03,109410656.56942476,34614502.000000365,71,0,33135000.00000035,14715875857,264672469.32747108,6,32,134.50130287502915,1,30,27504102590.833332,0.5350429379908058,0.7164179104477608,0.6180572314920806,0.6367486380713194,0.018608113137327856,-0.018939394,2698564929,0.23346578506405488,65.37364517969195
2017-11-12,0,0,131.99851711026616,133.41459315589353,131.99851711026616,133.01,240197577.70092475,2679292.9999998612,57,0,7125200.999999952,31888201170,810525233.1232877,2,7,132.75821294794528,0,29,28238573058.833332,1.1292426534288007,0.7142857142857114,0.31058234571666976,1.2650824734655413,0.009487666,-0.005718643,12055160533,-0.081588284,65.72985374
2017-11-13,0,0,132.6072340425532,136.50149682717432,132.6072340425532,135.49,123000761.50269392,-13856187,61,0,1470726.0000000552,16559532129,227095053.1974607,9,9,134.62950901029436,0,29,28088723970.233334,0.5895437666213942,0.7402597402597424,0.9034113503763548,0.19695577835042247,0.017055988134964832,-0.007116105,3822835953,0.4529947300449659,69.70362239297475
2017-11-14,0,0,135.59360606060608,138.02124242424244,133.0648181818182,133.52,124288360.69502695,1820508.9999999818,69,0,4160375.999999957,16785017552,168525747.4871061,2,22,135.04898976973638,1,22,28067603508.433334,0.5980210439753678,0.4183673469387764,1.1180506300056077,0.10862954583545403,0.013215859030837072,-0.020591539,2238679741.000001,-0.579901818,68.29792955095456
2017-11-15,0,0,133.52172923777022,134.98844520288208,133.0665415244596,133.37,89067190.99497637,-1491241,80,0,870956.0000000658,11880220353,119351665.49526615,5,29,133.38492232981812,0,22,28063212393,0.42333786262452366,0.078947368,0.32495680197770604,0.059222199829902324,0.011240164855751328,-0.012135002,3157259891,-0.549665947,69.04050013590648
2017-11-18,0,0,133.52152671755726,134.43190076335878,131.80193129770993,132.51,143668889.29137424,660635.0000002626,108,0,4987307.000000001,18983120404,373063220.0250267,5,37,132.13104449843988,1,24,27577963173.966667,0.6883438158304557,0.3846153846153929,0.4851364006313967,0.039025259865806544,0.012039127163280714,-0.008,10255052225.000002,-0.427493327,62.99093655589121
2017-11-20,0,0,131.60230946882217,132.51270207852195,131.19769053117784,131.4,134226441.0958904,-5053644,76,0,692100.0000000371,17656904395,175212391.31279406,0,24,131.54564965621068,0,18,27174166354.633335,0.6497680246956097,0.15384615384614886,0.22564502550609897,0.37481651658517984,0.006872852,-0.005372218,3093551800,-0.037581687,57.152020525978195
2017-11-21,0,0,131.49436893203884,132.00011650485436,130.23,130.23,139634619.71128005,-3660626,59,0,280009.99999999366,18274554355,170985509.39812082,0,24,130.87409406625636,0,20,27330322229.633335,0.668654917,0.7142857142857212,0.46631315485296704,0.5862255510028187,0.001917913,-0.003869969,3803449660.9999995,-0.479538944,46.75705386588493
2017-11-22,0,0,130.03326923076924,133.0173076923077,129.62865384615384,131.5,108941917.87072244,19683899.000000037,83,0,10793920.000000028,14293349315,159312662.20868444,1,26,131.2015576223049,0,22,27460587832.166668,0.520504128,0.43283582089551953,0.8217784401565531,0.3062241145035274,0.011406844106463908,-0.009338521,2202672315,-0.191466335,45.23181304183944
2017-11-25,0,0,132.00461183704843,135.6966948501153,131.04365872405842,131.6,66638267.91793313,6283604.000000165,77,0,7098881.000000059,8824151026,94095386.94684276,7,29,132.41867325944284,0,22,27162026656,0.32487086246262437,0.086956522,0.9143772400559851,0.3313961682855656,0.030935519940365298,-0.011367942,1683618391.9999998,0.3235633534750973,50.207468879668035
2017-11-26,0,0,131.75078214421976,135.34168637924455,131.64962991224724,132.56,107719481.6913096,5691684.000000112,88,0,9840450.000000011,14327568552,194964075.2361299,19,29,133.00814603859996,0,25,27193013332,0.5268841807644399,0.2191780821917845,0.7579458309681891,0.36939453377231135,0.018726591760299578,-0.018695155,4096199242,0.2445007308599016,33.444259567387746
2017-11-28,0,0,134.02864885791712,134.02864885791712,130.5388463027487,130.64,87828939.93417026,-6134577,88,0,479495.0000000362,11531715444,117487966.85690573,6,23,131.2974453823908,1,14,26863354720.666668,0.4292730957808615,0.9710144927536177,0.9769924360096539,0.2095929482909322,0.010215664018161185,-0.011538462,2046365308,-0.939252759,35.55424528
2017-11-29,0,0,130.9392032646716,132.20358336572093,129.97827438787408,130.13,107132854.97579344,12858223.99999987,95,0,19806799.999999713,14015278084,230867347.2129152,7,46,130.82147476763072,0,22,26527055271,0.5283390086392978,0.3636363636363694,0.5572957098183137,0.068149609,0.011538461538461374,-0.005813953,3370498457,0.11141815864316466,40.36144578313258
2017-12-02,0,0,131.2971164936563,131.75230680507497,129.93154555940023,131.55,152176828.59749144,14437782.000000555,92,0,8521300,19915715399,243645583.00169772,10,47,130.87219376661594,1,22,26926428095.133335,0.7396345080987387,0.13888888888889367,0.4618315827707764,0.24919789391966285,0.011918492887351109,-0.007782101,6536219830,0.19531675967620424,41.149273447820455
2017-12-03,0,0,132.00690566037736,135.4967433962264,131.5011320754717,134.03,115680299.93285085,57340739.99999988,71,0,24467390.999999803,15460936585,190087271.00750887,34,25,133.65228646515124,0,27,27070645808.466667,0.5711329051545718,0.5063291139240531,0.847936573,0.16733014987761638,0.017977528,-0.016774685,3075597771,-0.291199506,50
2017-12-04,0,0,133.57233172182967,136.50576422461882,132.6619561175158,136,162679616.3014706,18779496.99999952,62,0,6443054.999999973,21988848209,281022096.7419061,17,8,135.16658515011034,0,28,27412794887.633335,0.8021381365575304,0.6315789473684246,1.1778775338511094,0.28318487169616263,0.014163250093179341,-0.008003049,6408989206,0.081641024,58.13826891671203
2017-12-05,0,0,135.0366202346041,141.61143695014664,135.0366202346041,137.97,362428096.94861203,46624730.000001095,19,0,23099999.99999984,50524500469,492586453.74362683,19,26,139.40558387823825,1,39,28913768722.666668,1.7474200943369866,0.44615384615384557,1.2216807391125395,0.2112306981600828,0.018050541516245504,-0.013186813,14507406324,0.29016792519795276,56.94288913773791
2017-12-09,0,0,140.80634336283185,144.09384778761063,139.44076460176993,142.88,325762162.3040314,23190560.00000052,18,0,13156368.000000056,46303786266,370194455.2,18,7,142.13985423753738,0,25,29848195610.066666,1.5513093947422232,0.44565217391304435,1.046476069568267,0.2984694383553579,0.020560085076214027,-0.014135556,8359498769,0.2162713605776504,72.49999999999991
2017-12-10,0,0,142.7276856524874,145.15537130497478,139.18731074260995,140.3,291840538.4461867,14875522.99999954,36,0,31828212.000000037,41090233188,417014263.2336956,2,15,140.7968660103632,1,20,30741562028,1.3366345259502936,0.40677966101694857,1.145163863799987,0.23270593697667236,0.014642857142857001,-0.017651297,7989616710,0.026507726,64.91605682307362
2017-12-11,0,0,141.10355798836812,147.83,141.10355798836812,147.83,1031769686.8565243,590549926.9999977,76,0,447174196.0000002,1.52365E+11,2530140354.3911185,9,3,147.67301390023053,1,10,35280082662,4.318712650692704,1,0.32569717059690756,0.11258488912085586,0.014368799178925697,-0.014578271,54635863455,-0.160071247,75.6187291
2017-12-12,0,0,154.20393979933112,155.01314381270905,149.19698996655518,151.22,1070567977.5162014,-69850022,4,0,69063509.99999979,163809741938.99997,2723524239.574386,6,10,153.01199492165924,2,23,40454641746.166664,4.049219937895557,0.5130434782608715,1.2568195938431224,0.056162045,0.012675117,-0.021512605,11873982950,-0.67332637,80.79552517091359
2017-12-13,0,0,151.1200827300931,151.4741123750431,146.16366770079284,146.72,462702026.0496183,3689255.0000009676,11,0,9506280.000000007,68625055521,454861267.02820987,4,7,148.31371305394055,2,23,41500443297.433334,1.653598132173307,0.8285714285714335,0.9362088460107468,0.1495492202692237,0.015254237,-0.02417962,8865663812,-0.266022917,73.21881160236555
2017-12-16,0,0,150.20677907777014,151.0665485203028,146.7171266345492,146.97,308689271.6,-14680380,25,0,2912247.0000000885,45780930053,428956733.0530367,23,20,148.30748671211276,1,30,42500955452.73333,1.077174137977073,0.7441860465116317,0.8228062606628205,0.18097516822239124,0.013135735938026166,-0.012671233,8994666897,-0.424577246,72.42679037402146
2017-12-17,0,0,147.1736733995207,151.62428620335498,146.0104451,147.73,467573207.49340016,17009685.000000246,23,0,13377650.999999981,69879501121,578258894.9280003,12,3,149.45146556966986,2,19,42073859367,1.6608769001109278,0.099099099,1.3590696233524309,0.17158860763111572,0.026845637583892537,-0.01279834,13878493425,0.5190395996587643,72.94452347083927
2017-12-18,0,0,146.72401353965182,156.89,146.72401353965182,156.89,1547718887.1311111,168338026.99999636,13,0,40830992.99999986,2.4034E+11,2339331708,30,2,155.28663469339713,1,25,48316585710.63333,4.974276512,1,3.513048729845293,0.094754325,0.018954248366013088,-0.007733692,60192768506,-0.446379547,78.06228373702423
2017-12-19,0,0,157.7978987583572,162.85552371856096,157.7978987583572,158.86,652808190.8,91128325.99999885,3,0,116647535.99999864,1.04573E+11,1022446061.375954,6,2,160.18948252064743,2,16,51254378107.63333,2.0402746093104174,0.21000000000000377,0.8476087245614993,0.2003705032501353,0.011694058154235312,-0.010236724,16181408573,-0.493191785,82.51152073732723
2017-12-20,0,0,156.9828718941594,158.2978057437883,155.8196611810261,156.73,468982487.73049194,3223192,7,0,44996760,73471266946,589851615.3544961,7,8,156.6610031,0,20,47304751683.76667,1.5531477141484025,0.10204081632652663,0.4628628168120517,0.893192563,0.013418530351437653,-0.010981912,10118769601,-0.322237566,79.54242558862725
2017-12-23,0,0,157.13529206349207,161.68700634920634,154.80886031746033,159.31,327934416.86020964,15972085.000000095,13,0,8632602.000000052,51820380968,299179721.6922876,17,6,158.02056235558146,2,23,47560682763.96667,1.0895634367818747,0.316176471,2.0760873378589006,0.42668006227012467,0.01968879,-0.013029316,9785330504,0.6179364375770514,80.05630142919011
2017-12-24,0,0,160.06942514213517,163.35679090334807,159.56367656348706,160.12,330652436.92230827,15923515.000000408,13,0,8895148.000000086,53444427311,398543976.7686413,7,17,161.63324791571873,0,29,48214039693.666664,1.1084826670937593,0.013333333,0.8366780687536808,0.9741568780508827,0.013754298,-0.017377567,6943295196,-0.071810795,79.30802066951246
2017-12-25,0,0,161.54046756667765,161.54046756667765,153.6,153.75172867961803,881293130.1888021,-128538704,11,0,36702384.00000038,1.37242E+11,1589463293.373077,2,15,155.7283000374667,1,26,52212356554.066666,2.6285402547744345,0.9808917197452246,1.8924409325077725,0.493976556,0.008985879,-0.013221541,40589773932,-0.86665638,68.14798213101041
2017-12-26,0,0,153.90657045840405,157.29524617996603,147.9890322580645,148.95,761306226.0825782,-115978714,18,0,8017037.999999796,1.15255E+11,1477923330.7325811,9,20,151.39110566330564,1,26,55563660402.666664,2.0742872316142185,0.5326086956521721,1.5762089484791753,0.437781679,0.018977163074943692,-0.031784005,45584857296,0.350501087,60.61074604
2017-12-27,0,0,147.17575862068963,149.70455172413793,144.39408620689653,146.67,305417354.6055772,-3966542,13,0,36385723.99999971,44765604126,488956190.60160446,9,9,146.57190710007725,3,21,55992907167.86667,0.7994870491684379,0.095238095,0.8287721965893585,0.7814038908972009,0.01566224,-0.029772329,11617620283,0.2099675734307567,53.858684585624104
2017-12-30,0,0,144.49160242683797,144.74447537473233,139.28241970021415,141.71,466137307.2189683,-87666569,20,0,4220027.999999986,65787955606,517274629.7859294,10,11,141.13428508543743,1,19,57633854617,1.1414810972313603,0.5092592592592593,0.8975562263129115,0.5724799463553537,0.013810198,-0.03257329,8584780627,0.4868231862556813,51.36919790250534
2017-12-31,0,0,139.94575600739373,139.94575600739373,134.12943438077633,136.81,813494060.1198742,-47832909,13,0,11375999.999999927,1.099E+11,1018644525.2634473,6,18,135.09615673752486,1,25,60737684733.73333,1.8094190045733216,0.5391304347826084,1.224507415168351,0.49601705200430923,0.011843079200592077,-0.016032811,30988891428,0.040427962,38.722881702824395
2018-01-01,0,0,136.3484114867321,141.75986550345328,136.3484114867321,139.13,255444695.22029757,11517393.000000153,33,0,12825786.000000011,35607479909,305240769.67946446,17,6,139.39408637275406,2,26,61528593386,0.5787143496983224,0.5140186915887854,1.135758614,0.5053462821327005,0.016333938294010943,-0.01369356,8833769770.000002,0.29494555747193946,37.350910232266166
2018-01-02,0,0,140.60306569343066,140.8559489051095,135.34309489051097,138.58,224743823.9284168,10703047.00000003,58,0,24499999.999999836,30978125480,303143625.36783916,6,16,137.83749398989872,1,16,61928426888.13333,0.5002246470099824,0.3669724770642199,1.5993716754152894,0.49605125784947396,0.017985611510791377,-0.02014652,6677007419,0.7991415274714537,40.71624087591243
2018-01-03,0,0,138.12079723334548,140.1438041499818,134.27708409173644,138.93,213403916.93658674,52419302.99999958,71,0,21843999.999999885,29394418925,362515610.87600976,3,12,137.74076571300512,2,11,62319677372.46667,0.4716715516564386,0.1379310344827568,1.5978182535005843,0.4053402274228983,0.025,-0.017764619,7201454304,-0.470299338,40.85116067
2018-01-06,0,0,139.58574545454547,142.11447272727276,138.06850909090912,139.08,107179193.6295657,-3220396,87,0,2875955.9999999604,15011051273,147254783.3519862,14,31,140.0556466666601,0,30,62210893936,0.24129296853291052,0.12500000000000175,0.8033260109430996,0.5251537324823463,0.018571428571428517,-0.009124088,2057231238,-0.379711959,40.01846295868917
2018-01-07,0,0,138.7306120257695,142.27094846098782,137.92139226914816,141.31,108374951.65239544,14366343.000000572,71,0,6800000.000000128,15309922435,167010989.84029585,19,28,141.26809010356408,0,20,62244779707.066666,0.2459631555778783,0.5930232558139565,0.9330039310607042,0.27364862892051317,0.026737968,-0.022735607,3302349077,-0.210179303,28.598901098901138
2018-01-08,0,0,141.36249999999998,142.32346153846154,139.39,139.39,103630938.40304182,-3004474,78,0,7500075.000000159,14612224243,163186681.3782355,1,26,141.00252750940152,1,16,62437715480.96667,0.23402880983777102,0.6724137931034427,0.7149218015781464,0.40574934176020444,0.009242801,-0.009782609,2922650935,0.058886208,23.21870701513066
2018-01-09,0,0,138.47181481481482,140.8487962962963,134.93162962962964,136.55,129729315.26913218,17499335.000000056,71,0,24294075.00000014,17744696153,160795678.02748084,0,20,136.7824698387364,1,16,62551619734.333336,0.2836808419728305,0.3247863247863234,0.8663689835936781,0.2011520302469626,0.010744720266765293,-0.019399707,2237273298,0.7113374831321139,22.773880194279556
2018-01-10,0,0,136.5045477031802,143.63575971731447,134.68381272084804,143.13,569020624.1179348,53219097.999998555,29,0,17098925.99999997,81016231441,1187079722.5427537,43,19,142.37837436312086,2,33,64867770267.566666,1.2489442924710399,0.7401129943502823,2.9382513044756275,0.15555470027751275,0.021090909090909004,-0.01034975,33861839699.999996,0.48043541783845667,30.297126156843603
2018-01-13,0,0,147.53404123711343,148.09039175257735,145.2074845360825,147.18,736074198.9400733,5949675.999998355,29,0,19007259.999999944,1.08167E+11,944781874.6253918,15,11,146.9509487953215,1,24,68006154395.36667,1.5905443099921779,0.1228070175438657,0.6824652472045936,0.9341804429205076,0.00928154,-0.009342561,20400802156,-0.706556821,35.39503386004513
2018-01-14,0,0,146.72346113989636,149.20172711571675,146.01538514680482,146.42,223816756.31744298,-6259329,31,0,1654440.0000000317,32927019870,275642061.2221517,10,9,147.11597295824924,0,24,68439864544,0.48110878198244783,0.095238095,0.6200212896825269,1.2456101521205805,0.011864406779661075,-0.011015491,4555476659,-0.411978469,40.52545733956798
2018-01-15,0,0,146.61942413793102,147.17575862068963,144.24235862068966,146.67,194829897.0477944,-6106505,53,0,1766283.0000000137,28404331649,457950590.2652643,12,43,145.7904155337722,1,28,68871311046.53334,0.41242617887451616,0.017241379310345663,0.5822629832302046,1.5989116340483565,0.010344827586206931,-0.013986014,11276460905,-0.147476746,46.66080843585237
2018-01-16,0,0,144.39408620689653,149.04706551724138,144.34351034482756,146.67,229775104.65671235,38588426.00000104,41,0,19333000.00000079,33661988657,785392090.5,7,14,146.49972070425792,1,13,69260415728.13333,0.48602059781351586,0.4838709677419349,0.6467831861716338,1.1399416969518061,0.018835616438356163,-0.011867365,11465896846,-0.31523408,50
2018-01-17,0,0,146.66534653465348,153.64459405940596,146.1090297029703,153.24,623304080.0704776,55253603.999999166,29,0,15335534.999999698,94433082303,678732253.6616181,13,12,151.50403362083293,1,30,70724035123,1.3352332363290698,0.8724832214765078,2.313925746273795,0.7115298086955739,0.020060180541624853,-0.006896552,18908584017.000004,0.7961562556621821,67.22438004182851
2018-01-20,0,0,155.57226490066225,159.06201986754968,152.74,152.74,395139101.4796386,224608075.0000019,8,0,229988196.00000173,61804636556,1422523181.8322043,9,22,156.41235282604595,1,30,71240730132.26666,0.8675463662606003,0.4479999999999978,1.053350358186031,0.8481116442656802,0.007467532,-0.017857143,5296709796,0.6687545322341345,77.39938080495358
2018-01-21,0,0,151.67450153113302,152.23082681184073,148.64,148.64,537430435.6969861,-51594541,91,0,4240000.000000031,79936816238,1119819672.4777658,0,19,148.73890819810205,1,7,72535616233.93333,1.1020353915543668,0.845070423,0.4068011854214037,1.6024652804171278,0.005414552,-0.023817625,17898548207,0.4602787692699857,65.41329011345216
2018-01-22,0,0,145.66077348066298,149.60575276243094,144.14347375690608,146.47,289433935.24953914,-13452027,28,0,7807879.000000116,42426029687,389646192.8606812,26,21,146.5827759637855,2,28,68870999246.53334,0.6160216949245954,0.14814814814814814,1.0706300772087092,1.106567661293591,0.020274914089346986,-0.014010508,6079414103.999999,0.4333425081033033,62.14967662
2018-01-23,0,0,146.6670068027211,149.90379591836734,146.56585714285714,148.69,186771601.85621092,57080008.000000104,67,0,45000000.00000013,27776911671,650282002.2670366,12,23,148.72127986772045,0,26,64336571570.933334,0.4317437344384287,0.6060606060606063,0.729804783,1.9886665934231198,0.017555706,-0.009648518,12822234658.000002,0.073039293,64.21083284799066
2018-01-24,0,0,149.9046357615894,149.9046357615894,144.13907284768212,145.1,222087965.23776707,-29776206,63,0,7245720.000000083,32373403940,339650826.36226124,1,9,145.76838463687608,1,15,63128183185,0.5128201431867532,0.8333333333333334,0.7590442601245563,1.3313045188069044,0.013476157567380683,-0.015406162,5749591058.999999,-0.399280212,57.96717840127049
2018-01-27,0,0,145.65966101694914,150.9701694915254,144.14237288135593,149.2,168201071.38069707,55864264.00000006,46,0,28244599.999999978,24793771976,260550507.5617333,20,24,147.4055532017578,2,26,62428611249,0.39715398885150044,0.5185185185185185,1.702699693011737,1.1241869667467619,0.027824337914850762,-0.010876954,6595560052.999999,-0.771524343,59.949558638083204
2018-01-28,0,0,148.6938271604938,151.22263374485595,145.76041152263377,147.48,122913196.25711963,25234278.000000402,61,0,13200000.000000076,18202150148,180895842.54131496,10,12,148.08947047413275,1,16,60706032883.23333,0.29984087714991065,0.2222222222222228,1.2051831570333167,1.492942147064866,0.021002710027100375,-0.013793103,3210353951,-0.23789708,60.253485424588085
2018-01-29,0,0,147.17825934987764,148.64498427123382,144.6494232785739,144.7,151354512.19765034,-14649675,76,0,1529219.9999999567,22060607568,242396499.25832704,10,24,145.7545418,1,20,53430051221.03333,0.4128876365238369,0.6202531645569538,0.6266797542552862,2.3479815614373343,0.009867302,-0.016955017,6159882630,0.5674421884468595,60.3452653
2018-01-30,0,0,145.14987951807228,149.7016179001721,145.14987951807228,146.92,213513288.42227063,11031999.999999896,61,0,5978899.999999981,31406128155,259110555.91806057,6,6,147.09214769287476,0,14,50991155284,0.6159132496634412,0.3888888888888889,0.7047184604429662,2.0610814486301576,0.027118644067796526,-0.014137931,4294820553,0.3719597812507318,55.40964887239507
2018-01-31,0,0,147.1240173724213,148.1355266015201,139.74,139.74,810050364.7702875,-192703403,6,0,4817358.000000001,114089567429.99998,1335284046.0769477,5,23,140.84256040345502,1,7,52345098633.36667,2.1795654303586534,0.8795180722891566,1.6018085879697117,1.1174407495373981,0.017550017550017553,-0.031125588,30672143686.999996,0.7154589630699534,40.25157232704404
2018-02-03,0,0,140.0402000741015,140.0402000741015,135.28621711745092,136.19655427936274,325996826.68864465,17396301.000000007,23,0,24299999.99999981,44603566033,357462766.16624695,7,13,136.82208654012538,3,29,52104538135.53333,0.8560399464050147,0.808510638,0.8533584859183815,1.8883984037559371,0.026049204052098412,-0.025555556,7976586443.000001,0.5484164157784287,37.51516202325372
2018-02-04,0,0,136.4482784154017,139.58385783043315,135.74024435394298,138.0666419844502,212222710.9956076,-18022378,60,0,10692353.999999931,29098302826,334492442.4335952,10,15,137.1121059074693,0,22,51293000653,0.5672957802375772,0.42105263157895323,0.7994315913102816,2.003192372814291,0.017824664,-0.014814815,6677008013,-0.566441905,39.89351056748727
2018-02-05,0,0,136.7577391304348,143.7372391304348,136.5554347826087,139.59,221029238.77068555,62614564.000000104,35,0,31647448.00000016,31241868509,361936071.92150134,19,19,141.34722031691453,2,24,47759653570,0.6541477203850716,0.39436619718309585,1.6932575766185711,0.8927075369621453,0.041211694,-0.013566583,10535144600,0.6861454746436513,41.97040235
2018-02-06,0,0,141.6161616161616,143.08290043290043,138.27806637806637,140.2,152058277.48930103,37392008,49,0,18318300.00000008,21406498586,264959317.43037817,4,37,140.77825251904608,1,19,44631370478.73333,0.47962897747448985,0.2947368421052629,1.0504585401536917,1.3500932029227994,0.017562724014337127,-0.015930485,3925642564.0000005,-0.00379729,32.89920905290026
2018-02-07,0,0,141.4581732,145.60532023289664,138.87885007278018,141.60989810771468,230395459.89350986,107479515.99999978,89,0,46529379.00000005,32730915383,497598124.85259825,6,16,142.06406410147326,2,14,44230214187,0.7400125905878646,0.022556390977441956,1.2388679673897538,0.964394942,0.04550191,-0.01695514,16417844625,0.2878144254801658,35.74408651316266
2018-02-10,0,0,141.46213224893918,143.03,139.4390770862801,143.03,77372680.14,33157533.000000093,175,0,15068928.000000065,10907347361,204502913.42143118,1,19,140.9715592335961,2,13,42400860579.13333,0.25724353732499045,0.4366197183098625,0.3892021086006974,1.8064920786292997,0.015558699,-0.01120752,4852991303,0.20098965198048577,42.284818946826704
2018-02-12,0,0,142.61979238754324,147.47493425605538,141.65887889273355,146.16,246929263.95730707,67559333.00000057,35,0,26194344,35860206260,351825220.23749316,7,1,145.22461082701022,2,20,39932870086,0.8980122436148753,0.6086956521739117,0.8311808870760419,1.0372825888971922,0.032921811,-0.009722222,5279557607,0.2498711895441293,49.58463850011751
2018-02-13,0,0,145.65726315789473,146.11244210526314,140.90317192982457,144.14,164474718,8360979.999999732,79,0,12291831.999999993,23513501039,256451821.21809915,14,15,142.9611877583483,2,22,39529737457,0.5948306908063389,0.291262136,1.0496010493958168,0.9543731559938522,0.013437057991513386,-0.021631206,4127345544,-0.320465355,43.87071516050999
2018-02-14,0,0,144.13875000000002,145.15025,139.58700000000002,141.61,99331843.79634206,14278467.000000251,75,0,3725999.9999999753,14222778980,125878088.13821737,15,38,143.18448582471353,2,18,38971225907,0.36495590397654937,0.4545454545454564,0.8568591104676277,0.623072958,0.031578947,-0.01218638,2086638257,-0.269584399,45.160425843026275
2018-02-17,0,0,142.6221677,150.25902841108382,140.59915819010874,144.19,709905228.3445454,198758960,31,0,117805410.00000018,1.04682E+11,1658239895.0692945,10,14,147.4596657417396,2,17,41480824866,2.523633221354115,0.16230366492146583,2.176517782737747,0.2605104932480552,0.061657682,-0.029309142,63820571343,0.23155961571740513,42.746886313554235
2018-02-18,0,0,144.0928689111748,144.64921203438396,141.21,141.21,115529681.80723743,-3507136,108,0,2261934.999999964,16518897054,165759924.17525393,7,18,142.98400891956027,1,17,41531086391.63333,0.39774777134960343,0.8382352941176497,0.7119254694824394,0.7577864293865554,0.01260063,-0.010283688,3213603140.0000005,0.7281821148683946,41.24225631395111
2018-02-19,0,0,141.0049674149167,142.4716618392469,138.57733526430124,139.69,168194648.39286992,4675638.999999749,67,0,26352989.99999955,23560429091,276850112.5213552,0,30,140.07835157731907,1,21,41806103280.166664,0.5635643421035454,0.3376623376623351,0.7719080253993119,0.9389308342416781,0.016134815,-0.010909091,5951591722,0.5073368886802591,42.746886313554235
2018-02-21,0,0,140.0912765957447,144.44068085106383,139.5855319148936,142.62,146573266.72275978,4371550.000000464,72,0,6608752.0000001695,20849824241,231211824.75602767,7,17,142.24847891557877,2,19,42014023280,0.49625869205617235,0.5208333333333316,0.9933428903649073,0.31599736465348083,0.014285714285714351,-0.017921147,3624705122.0000005,-0.224142096,43.90017129997932
2018-02-24,0,0,143.784725,143.784725,140.446775,141.61,72036678.20069204,7515845.000000163,154,0,34260650.00000019,10206554246,182062841.40439695,0,6,141.68552050061007,1,10,41762751883,0.24439371894230502,0.6515151515151488,1.180657769507896,0.027441784,0.019366197183098528,-0.022661871,3625972164,0.5513600029343879,53.21561196418945
2018-02-25,0,0,139.6357433660487,143.17594692838966,139.13,139.13,91930281.48494214,15014350.999999883,86,0,17999999.999999948,12968425544,181875101.20667803,9,9,141.06804998877527,0,20,39494491686.63333,0.32836036090544457,0.12499999999999913,0.7355680023528646,0.28418096305485996,0.020141343,-0.016216216,3099781046,0.2313092626905672,55.23578168478612
2018-02-26,0,0,139.23172363636365,141.35585454545458,138.22023272727276,139.08,134862250.1438021,79226905.99999973,61,0,88311080,18867932683,401078777.5,4,32,139.9052193099354,0,22,36517862712.13333,0.5166768064093463,0.048387097,0.8447345158745874,0.012458249406806402,0.020042949176807368,-0.013052937,7093480013,0.4584476595779851,51.93437972891492
2018-02-27,0,0,140.54817948717948,141.81255677655676,138.07,138.07,156282129.28224814,3128750.999999689,89,0,8728695.000000015,21811329343,280443171.38719386,6,25,139.56380965099584,1,22,36147339694.566666,0.6034006797539925,0.6621621621621641,0.7878384511308425,0.35144212149793475,0.012125534950071262,-0.012,4206668860,0.38743856988556125,47.04049844236758
2018-02-28,0,0,138.83480392156864,143.6396514,138.83480392156864,139.29,165612103.38143444,-11075564,54,0,5542940.000000098,23296680284,221918396.3376686,6,21,140.67015518994745,2,22,35977084649.066666,0.6475421927942228,0.094736842,1.2767157157617801,0.27374273478410244,0.014497878359264537,-0.0125,4435676839,0.8445436777929883,48.26930391783949
2018-03-03,0,0,141.55722643553628,143.98478873239435,139.63540628385698,140.04,186463914.2673522,-1880880,47,0,4181655.999999999,26513603431,280986827.98674333,15,10,142.1916060014956,3,22,35738805141.53333,0.7418715686212912,0.34883720930232454,0.8310058545230792,0.30240893021994314,0.014632405424696567,-0.019784173,7456173676,0.5326949004559762,46.93739393953164
2018-03-04,0,0,140.6005757466715,143.48339330694498,139.08330334652754,140.55,146481119.6584845,66810648.00000033,53,0,64960000.00000043,20664610331,314259641.04806775,17,21,141.07354162214762,2,24,33279856076,0.6209344861327876,0.011494252873567598,1.0869356604884222,0.8363936613798193,0.026436376,-0.013214286,7867268740,-0.633822172,44.983818770226556
2018-03-05,0,0,139.59230769230768,141.05903846153845,135.6473076923077,136.76,275445739.92395437,13131625.000000097,35,0,30650650.000000082,37812123970,612071225.9851041,2,20,137.27612552816845,1,23,32480105656.266666,1.1641625914078448,0.5233644859813098,1.3362856883657337,0.6798392754507021,0.013983506633201841,-0.018222388,9934504247,0.8393797127784554,31.481481481481495
2018-03-10,0,0,136.04377344336086,136.54951237809453,133.00933983495875,134.83,76926804.18304531,4642007.999999812,159,0,5075226.999999975,10354107121,142167082.68831804,2,16,134.59687076513245,1,7,30160682019.033333,0.3432981758988703,0.34285714285714586,0.7849848600062276,1.0392451442011532,0.025925925925925908,-0.022813688,3641731181,0.7109876037735534,31.593515223408517
2018-03-11,0,0,131.5503870967742,134.58499810246678,128.81923719165087,133.27,294863123.58370227,139065597.0000007,40,0,90721251.00000001,38675355193,440773541.10846704,8,21,131.1637573,2,20,30035659536,1.2876479421659923,0.29824561403509187,1.2860583566428623,0.6380956793034066,0.040992854,-0.022692308,7890350134,0.24974120473926306,32.853618421052644
2018-03-12,0,0,130.2355769230769,135.0403846153846,129.62865384615384,131.5,156346541.44486693,120228384.0000005,79,0,105837794.99999999,20605989334,273531934.7624992,15,12,131.79689901401733,2,16,29796628791.333332,0.691554386,0.23364485981308783,0.9503067041484958,0.5959325081833106,0.030188679245283095,-0.022988506,4382036477,-0.078225042,23.01148447469167
2018-03-13,0,0,130.32876096491228,138.37,128.4575292397661,138.37,635856326.0822432,1333867070.0000002,77,1,1277664216.0000012,85737617722,1874176503.0134103,24,6,134.8380352685372,2,23,31575435917,2.7153264945030675,0.8112244897959205,1.6602756101683804,0.2628420732992951,0.058845029,-0.013461538,57413231147,0.5295741777040234,44.81751824817519
2018-03-14,0,0,138.07304832713754,140.85473977695167,135.03847583643125,136.05,153589252.33370084,81920727.00000039,66,0,41120123.00000017,21209931815,442504371.59064853,14,33,138.09515635194012,3,14,31455974579,0.6742735553125105,0.34782608695652006,1.1458314957765356,0.034756351,0.030630630630630592,-0.014869888,6599421953.000001,0.7201526542674667,43.54609929078017
2018-03-17,0,0,136.5555131629149,137.56703548264022,132.05423884013734,132.56,52359437.81683766,-6653994,103,0,1800000.0000000023,7041686320,82952506.21920332,5,37,134.48743175266765,1,28,31083959117.766666,0.22653762647548914,0.7247706422018302,1.0519473786233893,0.2843649419255565,0.014705882352941261,-0.017970797,1587479942,0.37727484183298865,32.51043115438111
2018-03-18,0,0,135.79503873109556,138.07093323496866,132.7099373,137.11,80660623.63,17262586.000000138,94,0,10050000.000000088,11037745556,161661403.5481702,15,16,136.84180780130023,2,15,30716530384.033333,0.35934219841891707,0.24528301886792242,0.8184015099480345,0.2924169527303097,0.027788069655428075,-0.023246951,3101344399,0.668780312,43.03405573
2018-03-19,0,0,137.26596104373394,140.09827269386255,136.55788313120178,137.62,88679746.80279028,73686036.00000024,118,0,39200000.000000216,12330689870,189314577.4173071,15,38,139.04741854328364,0,14,30080682441,0.409920549,0.1,0.9085030681922658,0.432363061,0.021014492753623156,-0.017764619,2217414796,0.2612926920132521,47.51071546323774
2018-03-25,0,0,139.03399628252788,139.03399628252788,135.19020446096656,136.05,24654912.75266446,-2839037,134,0,199999.99999999843,3359279030,67170527.79072858,2,100,136.25191310551128,1,24,26389672827.866665,0.12729521324162485,0.7763157894736837,0.8703161290641119,0.4376354402285517,0.016176471,-0.028432473,1305160973,-0.317896562,45.24332810047097
2018-03-26,0,0,136.5530075,136.5530075,134.37827443609024,134.53,17867200.029733144,-1392468,134,0,507890,2406742708,39563399.023133986,10,58,134.70172741083627,1,21,24983112050.366665,0.096334784,0.9302325581395391,0.617580982,0.7735107997171753,0.014825796886582617,-0.011278195,638521665,-0.215085669,44.53028430160694
2018-03-27,0,0,134.3755019011407,134.3755019011407,132.50425855513308,133.01,63903166.979926325,-4756244,97,0,622680.0000000153,8498412728,83742276.42288278,10,44,132.98891322036633,1,20,24296449047,0.3497800321160249,0.72972973,0.3781964539412033,1.047833427999796,0.005285013,-0.01257622,1348175703,-0.17360126,40.385793018983485
2018-03-28,0,0,135.49345679012347,135.49345679012347,132.3577366255144,135.19,47822261.594792515,3783256,90,0,2104100.0000000033,6362112256.000001,183806071.3,20,21,133.0366244471547,1,25,23467123838.666668,0.2711074565310462,0.096774194,0.9558167613692089,0.6252953793513705,0.019475655430711548,-0.023300229,2805289756.000001,0.3927058707107778,42.886476972719294
2018-04-03,0,0,133.51920731707318,135.94682926829267,132.55827362804877,132.71,27547373.249943487,-3233989,134,0,260087.9999999888,3665363425,62813146.631888255,1,44,133.05673073593394,0,24,22875752666.633335,0.16022919457187146,0.23880597014925423,0.7474132829856006,0.6941819477878304,0.014136905,-0.01436673,1034571682,-0.267304059,39.129229062673325
2018-04-04,0,0,132.6126923076923,133.0173076923077,129.47692307692307,131.5,64517131.55893537,-3875915,86,0,2143215.0000000456,8479545586,105603695.73255725,17,55,131.43091425653466,1,31,22067373673,0.38425712599507206,0.31428571428571106,0.7794317401392201,0.9327278975804474,0.015384615384615425,-0.009765625,1482906325,0.3801269477605497,42.144563918757484
2018-04-07,0,0,130.99250864387247,134.48227045716482,129.12118709181715,131.65,113130611.23433346,98165516.99999979,75,0,73800000,14800054144,215622842.43823075,9,48,130.82271882491523,2,29,22197130566.166668,0.6667552862241822,0.12264150943396086,1.082978216731638,0.5732231645453063,0.035727717186912394,-0.026640927,2747064172.0000005,0.10650663071289583,44.98422712933754
2018-04-08,0,0,130.48608,130.48608,125.93424,126.43999999999998,225951380.1012338,25718542.999999966,60,0,26578125.000000156,28881873092,266856026.89763376,19,47,127.82339757809824,3,23,21964519460.566666,1.3149330739446494,0.8888888888888927,1.2601021128936463,0.7584707716855079,0.024825446,-0.022997621,4606621645,0.5941514411430968,40.339462517680325
2018-04-09,0,0,128.91506455643483,128.96563931695127,121.43,121.43,427941878.1026105,34012175.00000004,33,0,58819120.00000005,52644076271,458064821.8638477,10,24,123.01688375162284,3,20,22935538634.966667,2.2953058617398594,0.9932885906040283,2.3062150255484517,0.4009984516810817,0.024409764,-0.028395062,9221548630,-0.989678911,36.95257838818348
2018-04-10,0,0,127.44573705179285,128.9629482071713,125.4733625498008,126.94,102386783.44099574,34004942.99999956,93,0,25999999.99999986,13092585993,228245003.03686225,24,24,127.87378949691393,2,19,22897865535,0.5717819406686147,0.14492753623189014,0.7373496766142625,0.8445021175340307,0.019223225,-0.012306471,2719330320.9999995,0.2596057079660309,34.64947623
2018-04-11,0,0,126.43574297188756,127.9529718875502,121.47946184738956,125.93,439984542.28539664,169447690.00000024,78,0,41299999.99999989,54457404973,991136684.2608424,13,34,123.77117771032084,4,19,21223699445.166668,2.565877127769152,0.078125,1.6134494303613323,0.455234094,0.045454545454545435,-0.038285476,15154818739.000004,0.4127145796889996,35.91314031
2018-04-15,0,0,123.9083953680728,126.43713813068652,117.58653846153848,122.29000000000002,86879833.42873497,48425593,85,0,27709000.000000227,10640529541,163118159.1302728,8,36,122.47410153851321,3,13,21027753861,0.5060231164552716,0.18285714285714266,1.2126328320169062,0.3329675487683034,0.022369511184755622,-0.03106383,3584534645.0000005,0.7871513551842532,35.763792625450535
2018-04-16,0,0,119.35587010824314,127.80181515403832,119.35587010824314,121.48,121334811.49160355,33926114.999999434,130,0,23799999.99999976,15242559976,270147956.14145327,8,56,125.62396387828727,2,23,20750491557.566666,0.7345638021978231,0.2514970059880231,1.0765724110308081,0.35949063068253334,0.048387097,-0.028309742,5526249888,0.1367663468454517,25.82740488710175
2018-04-17,0,0,124.92577235772356,126.3419349593496,122.3969105691057,124.42,47064632.21,10727601.000000106,131,0,6000000.000000022,5835491022,93683574.40408857,11,47,123.98887970763336,1,19,20250013784,0.2881721999975143,0.1282051282051233,0.731624694,1.2120570328521394,0.023396531,-0.02587269,1839344469,0.4366810810556824,31.012658227848107
2018-04-18,0,0,123.91078669910786,126.33842660178426,121.88775344687753,124.71999999999998,69165743.98652983,66019122.99999963,117,0,54107699.999999546,8577331081,180570530.6469407,8,39,124.01126029484267,5,20,20195706344.766666,0.42471062584164837,0.1818181818181798,1.098465137881275,1.1309846058152153,0.031224979983987128,-0.02545156,2972905398,0.31125705424436123,33.084502836667625
2018-04-21,0,0,125.32180327868852,126.3838524590164,122.23680327868854,123.4,94661045.71,87175887.99999925,105,0,62099999.999999434,11760200580,261224747.22155467,16,18,124.23484752794998,1,19,20155432179,0.5834754856845958,0.46341463414634065,0.8931306961974702,1.551970241,0.027710843373493728,-0.020491803,6256311167,-0.235485672,33.28326824872333
2018-04-22,0,0,123.50633484162896,125.93397778691896,122.4442410530646,122.95,52825165.35176901,61042694.999999985,124,0,61999999.99999986,6521505129.999999,179264108.26236054,16,41,123.4545142750151,0,16,19743884594,0.3303050673176933,0.1594202898550717,0.9408659111681191,1.8592318586030956,0.027710843,-0.027227723,2880972391.9999995,-0.119329665,34.38857852265673
2018-04-23,0,0,122.69164361269324,125.77663547599674,122.69164361269324,124.31,109915270.5,41270427.00000016,120,0,18899999.999999784,13641376167,202412357.8731128,8,2,124.10810718830457,0,9,19471552821.666668,0.7005797787129114,0.5245901639344285,0.7619966258675301,2.2994883309177583,0.018608414,-0.018945634,2194242784,-0.143819559,32.67515923566877
2018-04-24,0,0,124.11115008156608,126.9433524,122.94792414355628,124.01,255082522.92557052,68597299.99999924,110,0,66810259.99999979,32160506117.000004,779022391.2173685,6,39,126.07883028655783,0,19,19767013682.766666,1.6269784922058443,0.025316455696204106,0.7812838081659844,1.971388145397646,0.019207683,-0.014285714,8466111768.000001,0.056057321,35.11293634496917
2018-04-25,0,0,126.1351790744467,126.43863179074448,123.7581327967807,125.68,25298023.671228513,7722638.999999918,145,0,2550000.0000000135,3165862567,39543631.94717144,24,52,125.1426834025988,1,15,18988755653.966667,0.16672301359245018,0.16981132075472077,0.8316576492890471,3.028332106851815,0.019238476953907742,-0.021659174,629005260.9999999,-0.644977191,40.19541778975741
2018-04-28,0,0,124.11266447368422,125.37705592105264,122.29194078947368,123,111682165.59349594,31614385.000000037,91,0,16585380.000000091,13738144903,165923254.08395994,24,48,123.01108981898247,1,18,18757873473.033333,0.7323935158614974,0.36065573770491954,0.7303547173813177,2.336794313987102,0.020242915,-0.021004942,3652549775,0.10912555295051511,36.57249301459172
2018-04-29,0,0,122.90154346060112,125.88557270511778,121.99116165718928,124.52,74056216.58,41889291,122,0,7699999.999999917,9241292242,142573924.3954842,25,19,124.78752857377961,0,16,17805512415.433334,0.5190129902686709,0.41558441558442083,1.025828651403801,1.5329803594001374,0.023481781376518105,-0.019688269,2006824139.9999998,-0.221609675,46.633941093969156
2018-04-30,0,0,123.4002442002442,124.91746031746032,123.4002442002442,124.26,49738688.604538865,3276187.999999763,121,0,3999999.9999997886,6173486713,93642893.34879681,14,41,124.11840533400478,0,15,17666158401.833332,0.3494526977839923,0.5666666666666667,0.5226461342492149,3.9348749200341397,0.011340623734305314,-0.012295082,1274450742,-0.294800403,55.95288178376105
2018-05-01,0,0,124.26229922543824,125.17264573991032,122.89677945373012,124.06,50520391.15750443,14083434.000000082,132,0,4876000.000000042,6288128786,117439898.34140123,16,19,124.46714370036987,1,28,16586584188.266666,0.3791093280344133,0.088888889,0.6560201225303451,2.6232014086932116,0.018181818,-0.014344262,1590459633,-0.025997553,42.199349945828814
2018-05-05,0,0,123.40183180682764,125.3236636136553,121.4294254787677,121.48,168385499.11096475,3195720.9999998496,122,0,3919999.999999993,20805792856,339486699.26380116,8,29,123.56047857950728,1,14,16593244305.666666,1.2538713028467092,0.49350649350649173,0.8307084123573076,1.565236714637533,0.019599836668027844,-0.020408163,5719494850,0.5950403105913784,38.89166250624061
2018-05-06,0,0,121.48692887029289,123.8640669456067,117.84535564853556,120.88,85361989.74189278,-3507056,107,0,7799999.999999998,10347019714,178283383.75396028,19,43,121.2134317075558,1,19,14080224372.066668,0.7348618488301323,0.1008403361344542,1.525637632450569,1.113443208,0.029166666666666643,-0.026180258,3130449176.0000005,0.6552744579313158,45.850500294290676
2018-05-07,0,0,120.36793002915452,122.8966680549771,120.36793002915452,121.43,83647138.54895824,-326153,103,0,4000000.0000000605,10156625216,127971669.25786519,12,13,121.42226730272883,0,12,13711780818.766666,0.7407225472929896,0.42000000000000115,0.3793063634916464,2.670331136642524,0.016460905349794257,-0.012184874,2411598409,0.20084138412415947,49.85056784219965
2018-05-08,0,0,123.35634266886323,125.6322899505766,121.4344316,122.8,84884758.33876222,21544641.00000013,93,0,15090699.999999976,10496105095,144756081.48850518,20,39,123.65123374813219,3,17,13826928111.266666,0.7591060726241431,0.13253012048192211,0.9213826463393487,1.608574509346946,0.02388664,-0.012033195,4255273157.0000005,-0.237258246,44.65699208443269
2018-05-09,0,0,123.65303797468354,123.90590717299578,118.84852320675104,119.86,685783227.7,345373614.00000644,104,0,353800000.0000003,84161796955,1976718625.238508,15,35,122.72361521502503,11,23,16264396491.233334,5.174603127780611,0.7499999999999972,1.4399905193499454,1.3351898791619643,0.035918367,-0.033022862,14527934594.000002,-0.092175661,36.34831461
2018-05-12,0,0,122.90211706102116,123.91365711913656,120.37326691573269,121.84,144186084.20879844,45409984.00000022,124,0,18080000,17683908406,258801655.42631808,5,13,122.64642945980572,1,13,16442837109,1.0754779293053478,0.3,0.9474306386736087,1.9072948174677986,0.025724785626786408,-0.0217119,5644077562,-0.085319207,45.77464788732394
2018-05-13,0,0,122.34500613496932,127.14979141104294,121.3840490797546,122.39558282208588,302645999.0295973,-27296530,56,0,19865999.99999998,37522509694,420591793.93433577,24,5,123.98151574549802,2,19,17581611464.566666,2.134190587115492,0.00877193,1.4525504694874618,1.0152015387349511,0.015936255,-0.025123558,6310124642,0.8546291916377416,48.50686837244189
2018-05-14,0,0,126.1851341,130.13,125.07247959580256,130.13,669756388.3654807,15502724.999999098,32,0,7491499.9999992605,86845184237,692528552.6474769,31,1,129.66682475241922,1,6,20396226182,4.257904548675318,0.7799999999999991,0.9405386838003488,1.3221570381998549,0.022529644,-0.011462451,10725524770,0.9562644685674324,61.66800320769846
2018-05-15,0,0,131.5003953,134.63617391304348,127.45422924901185,127.45422924901185,313159943.88871527,512342648.0000007,67,0,513201900.00000143,41003899760,1023044895.7172295,2,24,130.93596598219847,3,22,21479742417,1.9089567726059564,0.5633802816901404,1.4009623259899993,1.1387200363236365,0.036281179138321996,-0.036733099,14842697507,-0.634406923,56.30447019124885
2018-05-16,0,0,130.48905811623246,130.9442525,125.8865370741483,126.19,122625799.8256597,-13071262,63,0,5455999.999999993,15666634532,184246654.83809054,2,18,127.75969293797603,1,23,21789893159.133335,0.7189862941311971,0.8499999999999994,1.0141700558420599,1.6600917276424776,0.013359528487229756,-0.018153118,2111823659,-0.1016313,50.94760312151615
2018-05-19,0,0,128.8122435,130.2283184039088,123.75483306188924,124.21,227154413.78310928,-7598640,68,0,15807232.000000035,28607311869,291376007.54577506,11,49,125.93773280722922,3,21,22621291441,1.2646188633446664,0.7109374999999993,1.4723328360265955,1.3381262477184355,0.024871693643900458,-0.039591837,7151624880,0.2891218625297579,52.30827928271651
2018-05-20,0,0,124.01188069594036,125.9337613918807,122.0394241922121,122.09,103584386.07584569,-15242386,83,0,963892.9999999609,12773177253,118684274.17007887,7,23,123.31180148760384,1,13,22764412496.166668,0.5611028729667806,0.4935064935064966,1.198101348850709,2.4128780814811464,0.015668943350743165,-0.010288066,2291455850,0.6183723798065301,45.46810891458412
2018-05-21,0,0,121.88822532825073,124.41702668360864,117.488111,119.41,235759443.39670047,32992551.99999952,68,0,91541700,28365066837,467603842.5996992,8,23,120.31359774323667,3,26,23216579585.933334,1.2217590766120465,0.357664234,0.8342317355662773,1.378008598769795,0.035684647,-0.037005164,7668030369,-0.319405164,41.703729045501184
2018-05-22,0,0,120.36573839662448,123.45074261603376,119.35426160337552,120.36573839662448,168357851.74370098,118067367.99999972,80,0,122058987.00000009,20290428632,371120185.9616162,15,4,120.5196456,0,19,22930198103.933334,0.8848780346350117,0,0.6274922962594193,2.3308067104666534,0.021712412945514334,-0.02048495,5060543317,0.23250546575930167,43.83996893
2018-05-23,0,0,119.91195807127885,123.40159329140462,119.35563941299792,120.62,148913175.50986567,27048834.999999378,62,0,14990057.999999868,18066839352,200346839.92190203,9,17,121.32465304121493,0,13,21777623539.966667,0.8296056417195121,0.17499999999999621,0.6532960217858061,2.3599145518097466,0.024590164,-0.014613779,4009161444.0000005,0.4860414887131866,48.44540853217642
2018-05-26,0,0,123.40828105395232,123.40828105395232,119.86787954830616,120.93,104268538.30315058,52551246.99999966,63,0,23925948.999999933,12744216872,196714201.9581965,3,33,122.22494991679497,1,26,21766011235.933334,0.5855099831502739,0.7000000000000012,0.8392379474530117,1.8355682535347086,0.023360655737704846,-0.022212909,5804783884.000001,-0.416053859,50.09134088417978
2018-05-27,0,0,122.34,124.91930549813972,120.36758991318726,122.34,135384730.98741212,71489403,95,0,35100000,16647323572,322739093.98942906,18,32,122.96308047875682,2,9,20505675189.233334,0.8118398159715711,0,1.0682485399905495,1.3169874002794943,0.024897959183673407,-0.025779626,6990939218,-0.421174099,51.61176053843428
2018-05-28,0,0,122.09230705394192,124.87402904564314,121.38423236514522,121.89,82051513.65985724,29233960.00000001,103,0,14721020.999999974,10071401305,139317991.02007413,8,42,122.7448569291576,0,19,20486704248.033333,0.491606712,0.057971014492757635,0.6958180361817862,2.0399321787067644,0.016333197,-0.015339967,2144269323.9999998,0.507709511,48.33394361039913
2018-05-29,0,0,121.4311504793664,123.40358482701124,120.47022092538556,121.32999999999998,97174448.02604468,67934160.99999975,125,0,65636839.99999982,11850851208,324868033.68224674,12,31,121.95439695035608,0,17,20373647289,0.581675487,0.034482759,0.7693659235750407,2.763089647115946,0.021721311475409785,-0.020920502,7197611994,0.5063291022447649,52.94825511432006
2018-05-30,0,0,122.59123586091329,123.29927105152912,120.46713028906576,120.72,94130471.03,21731872.99999959,111,0,12749999.999999952,11456434905,178611871.98912942,4,14,121.7080375714708,1,18,20561012085,0.5571921682418758,0.6607142857142859,0.6529440940323349,2.8801163362030424,0.010334849111202821,-0.014993753,3991366658,-0.493866584,47.62308998302206
2018-06-02,0,0,122.7982177385456,122.7982177385456,120.2694241277848,120.32,61882511.619015954,9202301,113,0,8000000.000000016,7490553090,102565954.56930658,9,21,121.0447490579587,1,10,20524786152.166668,0.36495157778826703,0.9800000000000099,0.5967033621306301,3.3254548415963905,0.015702479338843077,-0.015100671,1460024214.9999998,-0.666363415,45.565831000387945
2018-06-03,0,0,121.329425,122.3915,119.407575,121.37999999999998,85956856.15,4487728.999999964,73,0,4908599.999999891,10383998769,102167879.63317893,6,27,120.80477618177093,1,20,20478912758.466667,0.507058109,0.016949152542366425,0.6834607218283989,2.6694288471708885,0.019834710743801755,-0.010961214,1919131602,0.14034370748466996,23.849372384937197
2018-06-10,0,0,120.27312335958004,120.27312335958004,114.3049868766404,115.62,252106256.66839647,53038085.00000033,101,0,57693744.000000164,29648686440,461476807.46910125,0,20,117.60392951690159,3,10,21249818802.133335,1.3952442002481205,0.7796610169491486,1.9279926121444102,1.260534604498976,0.025442000862440927,-0.052212389,8490342092,0.9469623912690086,20.137043686415325
2018-06-11,0,0,115.05483800350262,118.64556042031523,114.34680823117338,115.3077057793345,135322976.1579084,57870070.00000012,61,0,42026759.99999975,15720730416,212053991.8109819,4,11,116.17192336691943,2,19,21319130610.433334,0.7374001643531588,0.058823529411764705,0.8456927220181784,1.6527324932944107,0.027789653698161457,-0.028131868,4089356164.0000005,0.3896488163889755,21.153312281750758
2018-06-12,0,0,117.58492822966508,117.78722488038277,114.44933014354066,116.27,87382880.22705771,7393459.000000034,87,0,6522978.000000022,10174793977,101041456.39080743,9,31,116.4392149876678,1,19,20586273539,0.49425137374546063,0.3939393939393983,0.6236051990641587,2.185151051614045,0.017741237559498146,-0.024229075,2076736624,-0.252057108,27.752358856285923
2018-06-13,0,0,117.79120638923918,122.24188314417825,116.3245060949979,120.32,260113813.63863033,47779341,31,0,22507758.000000175,31417445724,272559714.60768265,18,15,120.78345738165017,2,33,21527992977.666668,1.4593764386950858,0.42735042735042456,1.0093539598758883,1.2282388094259247,0.037656903765690336,-0.008013496,4819451466,0.621339682,45.52455919562775
2018-06-17,0,0,123.90725967291584,126.79,123.5026645,126.79,500992580.3691143,11981149.000000345,51,0,4053903.9999998496,63437686973,589207131.2151647,17,8,126.62400494287016,0,10,23184644380,2.7361940917982714,0.8769230769230771,0.2572577157902662,2.253614294908274,0.020359281437125946,-0.001198083,9341625651,0.6214464023250844,65.65908952
2018-06-18,0,0,130.7409336099585,130.9432406639004,120.87846473029045,121.89,292959730.49470836,-41077590,19,0,3746915.999999961,36621709612,246090107.0420586,5,18,125.00595064775118,1,23,24097324959,1.5197417005542901,0.8793969849246207,2.401018960806623,0.851531401,0.016129032258064578,-0.020502092,5482501576,-0.299918756,52.77049313
2018-06-19,0,0,121.63593220338984,124.41762711864406,118.85423728813558,119.36,333692057.6407507,170972936.00000015,36,0,179800584.99999988,40462711574,477015841.39058954,14,21,121.25764053264261,5,27,25240299121.033333,1.6030995266724661,0.4090909090909106,1.1519415029509723,1.651999988808866,0.032639739,-0.023294509,8271578041.999999,-0.22185113,47.884812136179214
2018-06-20,0,0,121.38122448979593,124.11230204081632,118.19496734693875,123.91,520247070.05084336,76761795.00000086,17,0,35863003.00000014,63139599887,512673003.2718376,25,14,121.36464292019832,4,31,27135348157.733334,2.3268394980591314,0.42735042735042456,1.292068847258341,1.6001198400742749,0.024549918166939633,-0.016386555,13087312713,-0.127543955,54.379185960086545
2018-06-23,0,0,126.43849206349208,127.45,125.93273809523812,127.45,540688649.3526872,14778202.999999419,67,0,12940542.999999313,68883526093,802188281.6186525,10,3,127.39961561143808,0,8,28737939265.633335,2.3969542651019284,0.6666666666666697,0.17949352009473882,6.3316091871084605,0.011512504962286346,-0.008,11641683833,0.11847839856416514,57.066876184045256
2018-06-24,0,0,132.50465863453817,132.50465863453817,124.15989959839358,125.93,466915336.69498926,-128694478,12,0,3948768.0000000144,59839044155,486427679.2,8,24,128.15823223662846,3,21,30387673413.666668,1.9691880763759875,0.7878787878787881,1.395713125821847,1.1512267009543817,0.031007751937984357,-0.025477707,6406942081,-0.504774724,55.42652070736441
2018-06-25,0,0,126.44310631229236,126.44310631229236,121.79,121.79,522736267.9366122,-34886091,16,0,8309598.000000204,64229712793,479257817.0436518,3,21,122.87211875795958,3,27,32190109666.233334,1.995324447756556,1,0.948448232,2.075343607823839,0.023481781,-0.01876785,13417810708,-0.679926548,50.563662099743276
2018-06-26,0,0,120.82132930513596,123.90634441087614,116.7248338,117.18,322739869.2951015,-38956623,23,0,3177075.999999742,38302905201,385810465.6023961,0,21,118.68042608016682,1,21,33117003003,1.1565933426226571,0.5070422535211256,1.229985688535786,1.2409286601544594,0.012083333333333378,-0.029411765,6376139979,0.7663737051616386,46.04951175
2018-06-27,0,0,116.17480919340848,120.92902428447528,113.7977016478751,116.63,233492336.5343394,163805643,41,0,186735999.99999976,27470787101,385558224.38402224,9,32,117.65177182575289,4,18,31227302674.633335,0.8797041290189678,0.063829787,1.3093530071429786,0.6929731013091509,0.041405269761606134,-0.035064935,5656963793,0.46546740058568487,45.89585832287652
2018-06-30,0,0,118.2980688172043,121.88898924731184,116.6796258064516,117.59,156095980.10034868,17961460.99999967,63,0,25899999.999999996,18499465789,198363458.51405048,9,33,118.51340295315318,2,18,31254487920.733334,0.591897901,0.13592233,1.0879766173291046,0.9286257768688264,0.016813787305590668,-0.012179756,3152552426.0000005,-0.618116292,45.77523712545347
2018-07-01,0,0,116.98442307692308,121.2328846153846,115.82115384615383,118.35,217537057.03422055,86790358.00000027,72,0,103999999.99999991,25542459190,296236946.3714915,7,23,117.41658887102598,2,17,30855152903.933334,0.8278182665153448,0.25233644859812926,1.2715010903046915,0.8475582911082238,0.03487395,-0.034332899,8588992090.000001,0.11005266949598957,53.42495068543834
2018-07-02,0,0,117.3394226626454,120.82925894011204,116.88422662645412,117.39,82003506.25266206,14670306.000000073,71,0,8400000.000000173,9761474603,129540474.39346313,6,36,119.03728327083714,0,30,28285695916.133335,0.34510286159982156,0.012820513,1.066557339903107,1.1048860634884605,0.023157894736842134,-0.010725011,1657824926,-0.667217127,52.57058798857257
2018-07-03,0,0,118.3478562148116,119.25822433954092,115.81905586834128,116.78,113574545.49580407,6749390.999999916,54,0,9668160.000000078,13285610610,115708757.96346858,13,14,116.97700881832564,1,20,27361752944.466667,0.48555407385500615,0.4558823529411764,0.6678032790286494,1.3591388292894426,0.011919965942954563,-0.01637931,1797746469,-0.781051193,50.63511830635119
2018-07-04,0,0,116.32127659574466,122.79480851063828,115.86610638297871,118.85,290593941.1022297,10471605.99999956,16,0,13736524.999999719,34901632222,317335102.5500017,27,12,120.10447323718203,2,22,28002919534.133335,1.2463569085879664,0.36496350364963737,2.326562601534103,0.6746295804831148,0.026492851,-0.02,11187271812,-0.657973973,48.07440398218496
2018-07-07,0,0,118.85,123.30055319148934,118.85,118.85,127631910.81194785,39079960.99999967,70,0,21155975.99999997,15492883217,192975923.73523167,4,19,121.38722297926832,2,16,27565771912,0.5620333530377499,0,0.7536556616951308,1.050275596888487,0.034058268,-0.020579588,3163777960,0.5022675011364044,37.47634069400629
2018-07-08,0,0,119.35351444588184,119.35351444588184,116.97655886157828,117.28,89815000.50306958,-3256530,54,0,1445442.0000000014,10545985624,154149440.41244897,7,22,117.41897862194604,1,15,27491532191.433334,0.3836085071783029,0.8723404255319204,0.4397200341641272,1.9665102034479092,0.011925042589437846,-0.013816926,3801301621,0.3926448845639346,41.87522030313711
2018-07-10,0,0,116.47253454231432,119.50699050086357,116.47253454231432,117.13,157630325.34790406,6537420.000000517,55,0,6638917.9999999525,18572686646,200499011.69930267,2,18,117.82432476116787,0,21,27165119518,0.6836961138131563,0.21666666666666823,0.6472547857975205,1.5404103646672116,0.017021276595744487,-0.011558219,6563024111,0.5887622243218089,45.70988841862254
2018-07-11,0,0,116.62327426160338,120.31516455696205,115.86466666666666,119.86,245232892.79159018,90752821,19,0,38432000.00000005,28873981407,299875263.82151145,11,29,117.74106270294823,0,29,27451237944.233334,1.051828025594217,0.7272727272727215,1.0366896128109473,1.201346496673487,0.026593499366821472,-0.028658272,6531396649.000001,-0.094157476,41.62184526272239
2018-07-14,0,0,117.84022155943758,121.88623775031957,117.84022155943758,118.7,147377739.5,35246888.00000035,50,0,28133709.000000406,17728169979,286101478.56286323,24,24,120.29069006534542,4,25,27439948965.133335,0.646071536,0.21250000000000013,0.9598697673778573,1.0660847480669324,0.017118997912317566,-0.016949153,6043152054,-0.377741993,29.92198256080769
2018-07-15,0,0,118.40135850694443,120.77848958333334,116.12538194444446,116.53,145767197.45988157,-22996334,49,0,6117479.999999986,17158745966,213194682.00553364,3,34,117.71335571380848,3,21,27587099934.933334,0.621984406,0.40217391304347605,1.0298316174912163,1.1357755874967808,0.016985138004246326,-0.017035775,3851354471.999999,0.8150330300236078,29.055258467023165
2018-07-16,0,0,116.1263544857768,118.35177242888402,115.31711159737418,115.57,78415675.82417582,-7050137,46,0,901800.0000000133,9090252908,91162130.12100357,1,10,115.92392480786913,0,11,27335197579.466667,0.33254754722637564,0.18333333333333465,0.5608564047764582,1.825080410361527,0.014536126549807809,-0.013431542,2594032381,0.6283558139533854,33.85254413291793
2018-07-17,0,0,115.5603220114689,118.2407146,114.39713277459198,114.65,118225918.56955953,12378397.00000035,49,0,10213599.99999983,13718647336,137045298.8228404,2,20,116.03756183064445,1,24,27456772447.166668,0.4996453010781921,0.23684210526315566,0.899233879,1.3195926629536394,0.013686911890504739,-0.008810573,3010594479,0.7263341844623445,41.87540141297366
2018-07-18,0,0,114.6081,116.32772727272727,110.25845454545454,111.27,331134877.3254247,-79114393,27,0,10216061.999999499,37164332025,460368785.02383447,4,11,112.2332154352818,1,22,28300555141.066666,1.3132015198907243,0.55,1.4649313556320769,0.9125475628722992,0.026785714,-0.028899083,8648052307,0.3392591773539802,35.43478260869564
2018-07-23,0,0,114.8163979732842,114.8163979732842,109.94785812989406,110.1,81174301.27157131,-19222084,180,0,4180000.000000044,9035484872,179864613.5132782,11,5,111.3096722788101,1,11,28219856806.633335,0.320181811,0.9687500000000012,1.2555577894956949,1.1376100871803463,0.013636364,-0.043317972,6378767839,-0.162937275,29.876410531972013
2018-07-24,0,0,111.31129707112972,115.0132217573222,109.02928870292888,109.08,193826949.1749175,118444426.00000133,58,0,81983996,21651594250,305914663.52501625,6,27,111.7057991273479,3,21,28691891511.966667,0.7546241502052824,0.3728813559322042,1.2384360278203026,0.8623536472131612,0.040265487,-0.026363636,7430424816.999999,0.6272422061288595,25.43720190779014
2018-07-25,0,0,110.5534686172723,111.56772062293534,106.14147239263804,107.46,233635781.51870465,-9936411,46,0,16942799.999999836,25141681092,247028011.0685126,8,30,107.61057629345694,1,26,29183814256.066666,0.8614940073083012,0.5700934579439276,1.4797072995501674,0.9530683794346548,0.01362782,-0.026755853,6336205057,-0.366015625,24.577572964669713
2018-07-28,0,0,108.42789551503203,108.42789551503203,102.24070970921638,102.9,551591123.1875607,-71516524,13,0,2268000,56650250287,649757163.1438981,4,21,102.70333931341548,3,20,30083866384,1.883077446340618,0.8934426229508206,0.9492831926128783,0.75843736,0.016464891041162118,-0.040389294,16675279448,-0.885445606,20.442930153321967
2018-07-29,0,0,102.64156787762909,106.74925908221796,102.64156787762909,106.09,255253026.52464887,33317668.000000082,33,0,7679868.000000145,26838631416,207192229.2903617,22,12,105.14520349245805,1,29,30454463084,0.8812708778253245,0.8395061728395087,0.7336900105315897,0.7600728344769639,0.013119533527696636,-0.010576923,3868894832,0.073341905,24.065040650406516
2018-07-30,0,0,105.48136585365852,106.14062439024389,101.67795121951218,103.96,481490693.53597546,-6374032,11,0,17149672.000000067,49279093672,339338938.62798655,2,18,102.34692868122492,1,21,31757939741,1.5517094016237538,0.340909091,0.8515375130927463,0.4216419269740095,0.015121951219512287,-0.023517883,7230234725.000001,-0.902509786,22.147399925177695
2018-07-31,0,0,105.78718602455146,107.41,105.12791784702549,107.41,124611576.59435807,19884577.000000164,125,0,8128840.000000003,13331618872,251032608.09312934,18,0,106.98539603104263,0,4,31155078845.733334,0.42791157544529074,0.7111111111111095,0.24186427580454764,0.6917196157258539,0.015108593012275738,0,3166944876,0.7617202176087773,32.75078643830828
2018-08-01,0,0,109.9992857142857,111.0642857142857,102.95,105.08,244905194.3661972,-3839703,46,0,9071099.999999948,26321906892,232745034.1587316,2,10,107.47794451693775,1,27,29917886176.366665,0.8798050349156261,0.6062500000000002,1.621975502175276,0.19454096706641766,0.019138755980860945,-0.021780303,5923040021,-0.341589626,30.431958428061066
2018-08-04,0,0,107.4628210213188,107.4628210213188,102.1885721368369,102.29,196119501.8770163,-12367658,38,0,1369404.9999999527,20207670981,162193361.68200517,6,17,103.03753980403202,1,15,29370751555.333332,0.6880202211689935,0.9807692307692314,0.9385225804279634,0.22330215816756221,0.009661836,-0.032148076,3652631941,-0.730790681,21.52350081037278
2018-08-05,0,0,102.94289215686275,105.73198529411764,100.15379901960785,103.45,238676430.73948768,-55238455,32,0,8244118.999999918,24471066410,274648303.73162705,0,22,102.52820663599526,3,27,28837696716.533333,0.8485790890494441,0.090909091,0.9724985092590925,0.089059952,0.043478261,-0.018110622,2676311417.9999995,-0.082223264,25.283630470016206
2018-08-06,0,0,102.69496457489878,105.94063259109312,99.90571862348176,100.21,403876101.1475901,309901872.0000005,28,2,300728200.0000008,41274475617,746450543.0093282,2,36,102.19588507396455,5,25,28108859240.866665,1.4683796045693744,0.41176470588235087,1.220200851109596,0.004639505,0.04368932,-0.03,13172312440,-0.649684824,24.436090225563902
2018-08-07,0,0,102.23931914893618,107.26,101.98574940898348,107.26,488883334.51426435,40556506.99999964,28,0,17063070.000000194,51718417278,403100962.2225041,34,0,105.78887359575353,1,20,27536688947.033333,1.8781639788821411,0.9519230769230811,2.118258715340532,0.2020680703089697,0.024975984630163386,-0.017326733,9884477880,0.044715336,39.06866614048936
2018-08-08,0,0,109.28194179389313,109.28194179389313,104.97151717557252,106.29,276634335.49722457,-33384560,21,0,4908635.9999996675,29847501404,288289338.7757499,19,14,107.89514378376742,1,28,26536970855.333332,1.1247516367528936,0.6941176470588212,0.7517618121736497,0.24725119532838122,0.018492176,-0.019323671,5821355740,0.3908923238483969,39.01734104046244
2018-08-11,0,0,105.53503286384976,111.01210328638496,104.77432863849764,108.02,135382184.7805962,9192953.000000026,47,0,3004275.0000000065,14578896024,145937078.2129284,19,7,107.68696078902057,2,20,24881943630,0.5859227173313782,0.3983739837398371,1.1221269682180217,0.17085542511761226,0.033944954,-0.018957346,4135413227,-0.400748995,45.53694040098874
2018-08-12,0,0,106.59940780619112,113.04,106.49798115746972,113.04,498570924.28343946,66682127.99999976,22,0,20210415.99999973,55703591831,532933219.2753196,27,3,111.726515,1,30,25461966517.366665,2.1877175823401793,0.9844961240310077,2.339330230251073,0.1629095948675753,0.027827648,-0.0223703,14773420443,-0.308646563,53.65126676602088
2018-08-13,0,0,113.03539331135184,115.06384361752237,107.5078662270372,107.96426754592558,193650137.15400335,-2212094,29,0,4030143.0000000107,21364419956,149300085.33206615,6,37,110.32483772014892,3,23,25258420945.866665,0.8458335539576204,0.6711409395973118,1.8152016065998875,0.14104828325647228,0.020134228187919562,-0.028214616,2515357057,0.6545561940627038,48.74115535
2018-08-14,0,0,108.77644186046513,113.1883534883721,107.3058046511628,110.1456558139535,153518144.0887829,-89510,49,0,6541000.000000004,16851942119,171245841.45587048,7,23,109.77166392302237,2,32,25203503490,0.6686349033003535,0.23275862068965483,1.1562120011110124,0.18117276519853784,0.036771300448430674,-0.022609515,4218955117,0.7095178960484969,52.99223275773884
2018-08-15,0,0,108.57284510996725,111.76765559195134,106.59510528778662,108.37,95687847.75306818,6611564.0000005625,63,0,9500160,10385951166,133785226.5889376,8,33,108.53991818064463,1,17,24698286556.066666,0.4205130239469542,0.039215686,1.0690503945707641,0.4990083359336088,0.029250457,-0.019553073,3035601118,0.5799554605064154,56.49755189624341
2018-08-20,0,0,109.03216103655716,110.90852845904676,108.1193336418325,109.59,63252247.175837204,-6796917,159,0,850449.9999999889,6930267317,87743533.22306459,1,3,109.5655511,0,8,24603912979.866665,0.2816733794608616,0.19999999999999796,0.4653511424841484,1.1527829376864789,0.015560640732265398,-0.008442777,2375397594,0.20591484446818278,54.36161241
2018-08-21,0,0,112.47938080495356,114.66,112.07368421052632,114.66,444092739.4383394,16671580.99999972,32,0,14028000.000000143,50809029402,484690378.16781354,32,9,114.41085361192813,0,26,25854693606.266666,1.9651762335982546,0.8431372549019617,0.6200190471471523,1.3017683353740868,0.019018133569217097,-0.01620162,6788362116,-0.40816865,62.42372283059947
2018-08-25,0,0,117.70645692567568,120.09,115.47505489864864,120.09,471042327.32117575,-6962588,65,0,4480199.999999961,56277526993,542874943.9886022,25,0,119.47445851214918,2,9,26567223431.966667,2.1183066848184366,0.5164835164835143,1.216905833311745,0.6200388914833294,0.012554112554112701,-0.006944444,16113344564,-0.452312571,64.07550885528772
2018-08-26,0,0,125.40924796747969,125.40924796747969,123.58363821138212,124.75,677668100.6813627,-43964095,44,0,7772065.000000772,84936123735,791876704.1553731,7,5,125.33587407995272,1,12,28881998116,2.94079805,0.36111111111111693,0.32440166694479683,1.567391626464009,0.014152850788516018,-0.014772261,12956078358,0.16575094653304992,70.76086883468714
2018-08-27,0,0,128.81198818066696,130.33338961587168,119.12573237653018,120.14,522291994.48143834,-108966903,3,0,12273824.999999776,64284380732,440891080.2103428,17,31,123.08130588106228,3,31,30673277952.833332,2.0957779873038307,0.7737556561085978,2.2512685113690885,0.25531164843746107,0.020833333333333308,-0.057452123,9141409219,-0.755557062,68.14290761461375
2018-08-28,0,0,119.93928571428572,126.78571428571428,117.40357142857144,120.70000000000002,405152112.6760563,29244667.999999695,11,0,20176169.99999982,49711524934,345292353.2267447,24,11,122.69842209547451,4,31,31711239229,1.5676311031194876,0.081081081,2.6184181241940068,0.3183634653746589,0.050020008,-0.042372881,11309558393,0.5110501814207609,67.74955171
2018-08-29,0,0,121.71282051282051,125.71920085470086,117.6557264957265,118.67,190585950.61936462,2330647.0000001676,10,0,13276010.000000248,23061557720,175913608.4370741,7,20,121.00345091049337,3,20,31517491772.866665,0.7317066309145083,0.3773584905660376,2.3013516759446406,0.3989503872800569,0.025514403292181007,-0.022727273,3545806653,0.065718949,69.47965204820035
2018-09-01,0,0,117.65787384208204,119.68645787384207,114.97,114.97,217808043.97668955,-21824556,28,0,3240164.999999936,25191441038,200493183.34940222,5,18,115.65891037842505,1,17,31766267474.833332,0.7930248984385022,0.5698924731182793,1.1583302296516442,0.7138373945174729,0.010004349717268586,-0.01978022,4255889820,0.6258414071780751,58.75484196833094
2018-09-02,0,0,114.61500669941935,118.16502903081732,111.52141581062972,113.55,184003662.23690006,11537450.999999898,36,0,9011550.000000084,20974200061,165308367.44012696,5,32,113.98794896808224,1,23,31893449278,0.6576334807244552,0.16030534351144582,1.276896044256539,0.5599908870375582,0.034037052994399034,-0.022727273,4650889695,0.4249351251511216,58.160461829664946
2018-09-03,0,0,114.10504567203132,119.63280121792084,114.05433231839932,116.59,301201141.4358007,84291010.99999997,32,0,44631000.00000013,35158313929,322560973.9663758,34,30,116.72702753184552,3,38,32762384645.366665,1.0731304912498845,0.44545454545454555,1.4673197819955988,0.666914691,0.026450511945392625,-0.014563107,7792843884.000001,-0.403923851,59.357371018169474
2018-09-04,0,0,118.41504219409282,121.6606793248945,115.57510970464136,120.19,335147992.26225144,57864980.00000038,28,0,47466940.000000134,39599504484,585466584.2584532,7,8,118.1552788566718,2,19,33625079883.633335,1.1776776329169305,0.2916666666666687,1.3344411074866271,0.6113417629675477,0.040867389,-0.018679409,9923612067,-0.24815528,58.05674172112053
2018-09-05,0,0,120.85287559190702,120.85287559190702,117.15071028842014,117.81,192734899.04082847,-10620151,28,0,2126768.000000015,22806755870,207035170.7429219,4,3,118.33225836888354,1,18,33146494012,0.688059372,0.8219178082191769,0.6567451606299002,1.0049153820342112,0.013185878,-0.012335177,4270204185,0.6185479029326794,61.81193708784533
2018-09-08,0,0,119.17925683952636,124.2,118.16496529195592,124.2,345905317.69726247,16900252.99999965,21,0,9846170.999999914,42476629873,346907549.9390288,21,0,122.79842980088469,1,25,34261198845.166668,1.2397881949478924,0.8319327731092431,1.4116579806039158,0.662349116,0.021153048527582142,-0.004581424,8195172982,0.9164350414170488,65.31452905787245
2018-09-09,0,0,126.025,128.71285714285713,123.28642857142856,123.94571428571427,377757839.43661976,4180751.000000144,7,0,12348442.000000162,47493533965,368079678.14412224,20,11,125.72481364206995,1,28,35122596835.666664,1.352221596461534,0.38317757,1.2892103887579198,0.8484363389407227,0.024044146629877767,-0.013793103,9579919201,-0.834195908,67.55433907583316
2018-09-10,0,0,125.71999594320488,129.72640162271807,122.7785842,125.01000000000002,379396370.61035115,38698965.00000022,5,0,14231756.000000192,48138089964,327495736.6,16,8,126.88073395788739,2,22,35889143798.066666,1.3412994813934007,0.10218978102189649,1.5046311264812098,0.6666472867018888,0.026274509803921597,-0.023957043,10519748423,0.4992178337740862,67.44005687
2018-09-11,0,0,123.38429741909054,126.7820565342073,123.38429741909054,123.79,298180346.12650454,19572578.00000036,16,0,19921780,37151391060,235541655.93546918,5,31,124.5936948649135,0,23,35239181823.833336,1.0542637239912698,0.11940298507462661,0.9170303330784968,1.5039295919981017,0.023647294589178254,-0.020483408,3649613458,-0.303305685,61.31110403171568
2018-09-12,0,0,126.02360784313724,130.28356078431372,124.80647843137254,129.32,723326370.6,-5304058,2,0,6025960.000000362,92911045295,502554678.55489326,4,4,128.44968615474247,1,24,37441595620,2.481492675645117,0.6018518518518524,0.669684188,1.2696549898293608,0.021471172962226552,-0.011595362,13897963658,0.6658214080190394,61.40672998834784
2018-09-15,0,0,134.85,134.85,131.95927040240693,134.85,419223954.0526511,0,83,0,0,56530727517,1186852756.8111591,14,0,134.84612930753525,0,3,37683316747.96667,1.5001526509751908,0,0.003499637,2.6250104543816146,0.000376081,0,27631288331,-1.11E-14,62.219149671621125
2018-09-16,0,0,139.96789681117878,141.54,132.91878896452883,141.54,924173375.0883143,-63308477,19,0,15372725.000000112,1.29432E+11,1057853239.1655113,21,14,140.05123596168465,4,15,41553316900,3.1148325351840795,0.18235294117647113,2.1412369063052274,0.9976578078795987,0.027675277,-0.04177744,14085956195,-0.141055083,74.64950964
2018-09-17,0,0,145.14287586206896,147.07,145.04144827586205,147.07,479496730.8084586,185276506.0000015,126,0,84793603.00000085,70475711141,1207772631.530862,11,0,146.9785018600105,0,3,43025110374.666664,1.6380134885719282,0.9499999999999937,0.035153721,3.7766449332619376,0.003448276,0,20859265000.000004,0.6929854414300989,77.25380186032771
2018-09-18,0,0,154.27,154.27,153.25573307034847,154.27,286402554.89725804,-131292908,206,0,4623727.9999999115,44177250569,2779524786.190427,14,0,154.24880055573465,0,4,43824096360.933334,1.0080584481459265,0,0.057643475,7.553356386624337,0.004273504,0,0,-0.542087629,83.24084943
2018-09-22,0,0,161.9745733173077,170.03780348557692,159.13469350961535,168.77,1166628497.1025655,-495419092,91,0,57408855.00000039,1.91764E+11,1860337849.2488582,7,0,164.37471182837118,2,20,49400534914.666664,3.8818248294932243,0.623255814,2.6308169635869842,0.7026545277187916,0.033984962406015055,-0.031847134,42100341036,0.2982318299972888,91.80356984282032
2018-09-23,0,0,168.87473378509196,168.87473378509196,156.14573733462404,157.16,1039121833.0109444,-212169130,0,0,16350768.00000004,1.67123E+11,1135193360.0986967,2,32,160.8310059993127,3,28,53595486052.73333,3.1182292030072345,0.9203187250995998,2.4967667661315534,0.5630601789611849,0.024196018376722868,-0.027950311,25691188532,-0.767593307,79.25331084577493
2018-09-24,0,0,159.7436460621274,163.90205208660183,155.88951364919987,161.62,642178252.0232644,15342133.00000127,4,0,25391828.00000043,1.03244E+11,588991807.6250015,18,16,160.77108908736412,2,32,55312995375.666664,1.8665359969172641,0.23417721518987314,1.955602515727045,0.8313507844058532,0.030349953545989346,-0.030670927,11937380890,0.2204875235492248,79.64115777
2018-09-25,0,0,162.2763613471829,168.36172489770223,160.2986181932641,161.11,921938857.6,-114366160,0,0,11221242.999999532,1.50919E+11,867284621.9581627,9,6,163.69782466566767,2,26,59348724844.46667,2.542925494414744,0.1446540880503159,1.8817577920421003,0.8261369170954499,0.031770045,-0.017155334,14634573822,-0.594249846,78.07794855708907
2018-09-26,0,0,163.79826923076922,166.08028846153846,157.91573076923078,158.22,888727523.7011756,11053380.000001112,0,0,49415697.00000013,1.43227E+11,749850634.5022345,2,4,161.15979724980195,3,21,63636999894.666664,2.2506898151558477,0.6832298136645962,1.9577386651091107,0.8591780767153704,0.023853211009174313,-0.0165625,20216697774,-0.839992975,77.53528667380507
2018-09-29,0,0,162.18154676258993,169.18,161.42084532374102,169.18,1522856768.5542026,97175779,1,0,14470217.999999829,2.55256E+11,1568909867.0915086,34,0,167.61663552859255,1,21,70288751098,3.6315359705336516,0.9019607843137266,1.4433214610618406,0.9040687121204201,0.028279181708784656,-0.013761468,49231264754,0.7315657373505804,78.85235686533242
2018-09-30,0,0,175.91928818443805,175.97,172.9272910662824,175.97,1366701452.7476275,22727427.00000005,74,0,11247183.99999986,2.40401E+11,2961470039.703448,9,0,175.89896381956362,1,3,77589982745.96666,3.0983557526502574,0.016666666666664644,0.3061354362650365,2.1345457026669363,0.014125108100317212,-0.004052098,52187244279,0.3283684294739871,80.78932684015622
2018-10-01,0,0,184.33917597765364,184.33917597765364,180.53575418994416,181.55,138871029.68879098,-28323738,204,0,2950374.999999635,25556626071.000004,1378670834.9184482,2,5,184.0313716134476,1,3,77880138878,0.32815331918107077,0.7333333333333353,0.22908067202299867,1.1939557665178142,0,-0.015363128,0,0.090383784,81.76404494
2018-10-03,0,0,174.8523321123321,174.8523321123321,166.13,166.13,711102604.2256064,-29511508,114,0,59340442.000000246,1.1831E+11,2121767878.543236,0,31,166.3757173774385,1,9,81477614035.73334,1.4520578113040121,1,4.307141786031492,0.2671937733808854,0.018573996405032957,-0.052503053,73178545186,-0.256263139,70.51356589147285
2018-10-06,0,0,167.65461020211742,167.85745909528393,158.07,158.07,440846930.9546404,-100297272,79,0,5148099.999999937,71687941683,776255900.7322197,0,24,162.61413349926696,1,9,83636203181.26666,0.8571400775765619,0.979274611,3.3706892491651637,0.057464467,0.017236165709101782,-0.038338658,21902477000,0.43657891837502666,63.59595195308805
2018-10-07,0,0,154.52,154.52,154.52,154.52,54360022.04,0,141,0,0,8399710605,209179120.3460018,0,14,154.51999999999998,0,3,82222559221.36667,0.10215822378364038,1,0,inf,0,0,5959155015,0,59.47951807228916
2018-10-08,0,0,147.52,147.52,147.52,147.52,81177841.73671366,0,137,0,0,11975355213,330564996.22772187,0,14,147.52,0,3,80745820162.03334,0.14830928943404068,1,0,inf,0,0,3713396680,0,52.873342302517784
2018-10-09,0,0,140.57570188133138,149.60256874095512,140.17,140.17,1080258101.2484841,371170230.0000037,3,0,233870728.00000253,1.54732E+11,1790648763.4753327,19,15,143.23639650669745,6,22,83072358628,1.8626204946524068,0.043010752688171235,2.8845462081991884,0.062200676,0.031509695,-0.032511611,21822372621,0.1992029672084865,46.74159425765017
2018-10-10,0,0,138.4434588147596,140.06623928438316,136.06,136.06,221719582.36807293,-4560487,95,0,11649810.000000017,30249498833,590511385.0887618,0,6,136.4313359691582,1,6,81937862565,0.36917607911776407,0.5949367088607578,0.36865972079859405,0.24156551233145798,0,-0.028699217,4559368470,-0.224615001,41.14213444887635
2018-10-13,0,0,129.62,129.62,129.62,129.62,74776882.30211386,0,206,0,0,9692579484,342955533.9,0,14,129.62,0,3,80603897716.56667,0.12024951346748418,1,0,inf,0,0,0,-9.18E-16,29.33600760054894
2018-10-15,0,0,136.0581263537906,141.17995667870036,136.0581263537906,140.47,506464891.1511355,470469.00000043306,64,0,14025167.999999942,70023199577,572127546.4026693,9,2,138.25874369661727,5,20,82169285778.46666,0.852182162,0.8613861386138607,1.5371182897266895,0.355007814,0.0345448,-0.029739777,12721683933.999998,0.43087894860637943,41.11950622539109
2018-10-16,0,0,143.0114265,145.1413839602555,139.51221078779275,142.91,956816021.8179274,-44339396,7,0,9166700.000000019,1.37758E+11,1116482960.9576647,11,7,143.97540457491834,1,27,85921503539,1.6033003168171083,0.018018018018025113,1.6050013150149223,0.32301187612216503,0.014134275618374586,-0.02676311,21185236543,0.423708811,39.825992387166934
2018-10-17,0,0,138.4971111932028,141.7427410417436,136.82358330254894,137.28,556425683.8505245,-73799234,11,0,11347265.999999808,77060069042,691826274.9520432,1,16,138.4912150509232,3,22,87791032504.73334,0.8777669750933301,0.2474226804123722,1.351297856642912,0.3696343731704417,0.021660649819494445,-0.020467836,15920328612,0.47257431978752334,37.725352838158024
2018-10-20,0,0,142.043038,145.39,141.99232647366586,145.39,795219113.6254214,41962077.99999961,48,0,14513684.999999776,1.15412E+11,1154304789,6,11,145.13286783290735,0,14,90466169724,1.2757523709440217,0.9850746268656763,0.5132123103864974,0.4159189098797288,0.016393443,-0.009507042,26215769474,0.8849301660072588,43.72861472
2018-10-21,0,0,145.04359437026343,148.49218332731866,139.7692818477084,140.53,384041236.71813846,-30090500,9,0,9071712.000000076,54712748157,366762070.43865454,9,17,142.46581597474554,3,28,90969944513,0.6014376336015105,0.5174418604651155,1.7034880358969369,0.19105372140919769,0.029176797499131588,-0.036231884,5487887699,0.12637224241221223,35.10759954257199
2018-10-22,0,0,138.69698388909703,141.79040839265642,135.35,135.35,309834025.0092353,-20775926,35,0,23009217.000000726,42185199677,552793764.9441975,1,16,136.1541866673377,1,15,91615892640,0.46045722484663726,0.5196850393700778,1.334954768880669,0.25876352671448344,0.012792398,-0.021929825,12965474628,0.7597978358359443,28.52611545781349
2018-10-23,0,0,129.37,129.37,129.37,129.37,52983463.507768415,0,123,0,0,6854470674,160064522.16527313,0,14,129.37000000000003,0,3,90428487333.66667,0.075799904,1,0,inf,0,0,707264750,3.9420731243837157e-14,22.53105917035164
2018-10-24,0,0,124.65,124.65,124.65,124.65,34281695.43521861,0,110,0,0,4273213336,82222375.77935009,0,14,124.65,0,3,88987809979.36667,0.04802021,1,0,inf,0,0,1487006428,-2.03E-14,25.39155196962504
2018-10-27,0,0,121.71,129.316875,121.71,121.71,927348405.2255361,-29778507,14,0,16509560.000000065,1.13732E+11,1417964018.7047143,5,21,122.64170594690339,2,14,91174259995,1.247408977386943,0,1.6483692559330805,0.5833348736064828,0.036106750392464755,-0.039166667,33576718719.999996,0.40457864600970517,27.03385548256695
2018-10-28,0,0,121.76229708431838,128.71,118.0602364066194,128.71,506302861.3472146,101521900.00000036,7,0,38995472.999999896,62944183617,554204359.7728786,21,8,124.3212085539328,2,24,92034019747,0.6839230079301772,0.6523809523809518,3.320765101890245,0.5191101540906294,0.039754098,-0.016,13836044667,0.039266607,34.378404551507074
2018-10-29,0,0,130.17573260785073,130.48,124.74963078118924,130.48,385993284.29644394,-4496334,19,0,9825280.000000006,49900821745,433719047.02338165,11,13,129.27898949318515,2,25,90600345628.26666,0.5507795958057725,0.053097345132745645,1.3229624929110269,1.0090037744675127,0.024901185770750945,-0.02811245,6885445333,-0.068019784,38.98940294649778
2018-10-31,0,0,131.85714285714286,135.71142857142857,129.87928571428571,134.9,426366490.14084506,31734639.00000037,10,0,32223000.000000298,57421088587,549390025.1614922,8,21,134.67542575410096,2,31,90630024331,0.6335768859284366,0.52173913,1.8917358343165058,1.263048968910207,0.033559578,-0.012987013,9561998389,0.40286088461411296,46.46071188717261
2018-11-03,0,0,136.16485109717863,139.2076410658307,128.30431034482757,129.42,201434731.38618454,-42545333,32,1,4365325.999999935,26675370652,232549613.1646994,8,21,132.42686833810595,5,22,87204815904.86667,0.3058933199411905,0.618604651,2.211877426661593,0.6778261839379092,0.055059524,-0.038656775,3524979149.9999995,0.25071432012089423,45.621208124505394
2018-11-04,0,0,129.36336144578314,136.66572289156628,125.81360240963856,126.27,269526911.6179615,214302319.00000003,33,2,193200000,34812051124,386553995.51746315,1,14,129.15983385489915,3,21,86016027237.63333,0.4047158679838354,0.28504672897196376,2.113964981642339,0.6949785875984563,0.046874999999999986,-0.041860465,5219894485.000001,0.7892534851231305,47.69061078174548
2018-11-05,0,0,126.78571428571428,135.61,125.7714285714286,135.61,347169811.2676056,60078538.00000039,57,0,16533000.000000207,46894724099,558444945.5782304,13,5,135.07719443627715,1,8,86106609688.63333,0.5446123621470423,0.896907216,1.8324187041401172,0.8027117224675812,0.046372476,-0.015294118,12157477197,0.9418704953459174,46.578428611658694
2018-11-06,0,0,136.9249530956848,139.86630393996248,135.04857410881803,135.15,203227457.6026637,-350624,12,0,12800000.000000084,27829559874,182503192.88943568,13,39,136.93799156022723,1,30,80642120917.03334,0.3450995529077386,0.3684210526315783,1.1816052326157886,2.0895301422345662,0.02,-0.012186115,3721606275,0.29146958296758735,44.38006952
2018-11-10,0,0,136.5667259786477,143.76779359430606,136.5667259786477,142.5,330047278.1052632,-5574502,19,0,9569180.000000153,46726408630,422673218.69751674,15,6,141.57489465826583,4,17,76628900879,0.609775269,0.823943662,1.5187952235776634,1.549380241589177,0.037037037037036945,-0.020938628,12110460927.000002,0.060177432285986376,53.68852459016393
2018-11-11,0,0,141.94198905109488,144.47757299270071,135.50160583941604,138.95,234721335.8762145,-20250128,24,0,6313734.000000103,32780671469,247053318.61960888,12,35,139.6578259348678,3,25,74280133362.83333,0.44131142453497635,0.3333333333333333,1.9753196681359062,1.5806493570656808,0.024817518248175206,-0.028832117,3718492247,0.5426977323630361,45.135951661631424
2018-11-12,0,0,140.22021791767557,146.61,140.22021791767557,146.61,687055427.7811881,96340258.99999955,21,0,19172136.000000734,99973550599,1127612773.4201536,23,8,145.5101678213353,1,20,72581938867,1.3773888126895761,1,2.2278942329877425,2.5417811905402963,0.023999999999999945,-0.022061483,30275106456,0.527300539,54.40579710144928
2018-11-13,0,0,149.60639057479474,151.12781149589435,139.4635844341307,142.05,476783518.57796544,-41509659,6,0,28315000.000000022,69417991704,448612074.8485277,9,23,145.59645834873484,1,30,70121633673,0.9899654082179359,0.6478260869565233,2.1924248129812978,1.4488635178078586,0.027122226,-0.022775053,6189860292,0.2823125145036643,54.89909330213513
2018-11-14,0,0,140.9835783434923,146.51135173897455,139.46217282179992,141.44,314461919.0469457,100902367.0000004,24,0,128640000.00000073,44686701760,594115499.1444093,3,3,142.10528860039415,3,17,63102652800.433334,0.7081588455769823,0.064748201,1.3545836860837783,2.3974243315120907,0.027345102111457218,-0.017253521,11753962352,0.003412497,59.577844786541796
2018-11-17,0,0,142.50419117647058,145.03985294117646,136.36788970588236,137.94,258203897.34667245,2129600,10,0,10058999.999999681,36163838094,246337996.51192522,2,26,140.05922631541583,3,21,56294735091,0.6424017811931861,0.5263157894736851,2.319148490771373,1.9093132883138924,0.030207236,-0.022304833,4576509126,0.9193422610839137,60.75416734099366
2018-11-18,0,0,139.40908155487804,141.5897256097561,133.07,133.07,308545210.1,-33202615,30,0,2591798.9999999856,41314038103,709317909.5727563,5,13,133.89946352964623,1,11,56819982158.333336,0.7271040316041493,0.7440476190476182,2.1168456500901494,1.7380248284006004,0.009811321,-0.028009084,13509892002.999998,0.8518052092252539,58.91399874450721
2018-11-19,0,0,133.11774941995358,137.22538283062644,130.32861562258313,131.14,282965566.4938234,-51974,18,0,26102999.999999736,37831262900,334918499.68176395,5,6,133.69564137700755,2,20,54137350724.76667,0.6988015186102007,0.2867647058823528,1.5963563208287528,1.880590464,0.032738095,-0.034615385,7524606227,-0.349512289,52.07161125
2018-11-20,0,0,131.85346534653468,131.85346534653468,127.03574257425744,128.05,192172534.36157748,-26750722,30,0,2644395.0000000275,24648203051,224153033.33892068,6,17,128.26080029013812,1,18,52569359437.03333,0.4688701425118788,0.7894736842105274,1.0255229318771173,2.6103045696659404,0.016875981161695468,-0.023505976,5510422492,-0.291748893,47.973986993496766
2018-11-21,0,0,127.48962711864404,134.64,127.48962711864404,134.64,316760055.81550807,21279063.00000058,27,0,6693396.000000064,42395391141,396979759.94637805,24,3,133.84071117127385,1,21,53702548788.23333,0.7894483985886566,1,1.425584545609497,1.5867589428801805,0.021864211737629403,-0.015110422,7711289524,-0.749138789,49.79079497907948
2018-11-24,0,0,140.47071144817622,140.47071144817622,136.92091007583966,140.42,474719118.9716565,2879781.999999328,10,0,3125940.000000017,66454409727,572212180.1905823,24,16,139.98679865886697,1,20,55518517272.03333,1.1969773868668403,0.014285714285712455,0.9538385846213119,3.3071761005705915,0.012368133866860644,-0.012867647,11155853979,0.049353713,58.80845611787315
2018-11-26,0,0,141.4890784982935,141.4890784982935,133.27358361774742,133.73,136547125.43931803,-27476134,8,0,2324219.999999951,18369331011,126880542.47109321,3,24,134.52740914098106,1,20,50973085715.066666,0.36037314110592245,0.9444444444444433,1.1330323135353655,1.1711614680329714,0.013503375843960665,-0.031657356,2414352270.9999995,0.8352983972121792,55.65322825098514
2018-11-27,0,0,132.96637168141595,137.17545209696038,131.09003462870336,131.8,135512096.63125947,-7371715,32,0,3170907.9999999655,17944385471,188881150.10810316,2,24,132.41906750087614,2,24,50562915269.666664,0.3548922243762528,0.19166666666666826,1.6630903806098143,1.483276629643749,0.025278810408921916,-0.016228748,4281913892,0.5154384014069838,46.74748165
2018-11-28,0,0,131.0890487609912,131.84972022382092,125.9671942446043,126.88,223206953.72005045,38262601.99999987,16,0,64681171.000000045,28409814550,315536241.29003173,6,12,127.28014999762068,3,19,51186823105,0.5550220315805043,0.715517241,0.873256795,0.9676103018636355,0.035921205,-0.026570048,3570623998.000001,0.48329676815343237,43.43963192
2018-12-01,0,0,128.96262054507338,129.21618448637315,120.95,120.95,211030419.8842497,-8565862,15,0,1112787.0000000142,25690930822,181742205.17824805,1,17,121.74041465723987,1,11,49709080813.36667,0.5168257067246306,0.9693251533742351,1.604905306075821,0.5581853685292709,0.013199999999999885,-0.032833401,4794631634,0.9290238179010518,32.51095601363416
2018-12-02,0,0,121.71360571201905,127.85,121.71360571201905,127.85,248449272.56159565,14477625.000000557,18,0,6218869.999999963,31517141331,327865326.0946085,19,6,126.85543815865374,1,11,46167719729.566666,0.6826661900482782,1,1.0486057081572553,0.809858078,0.029211685,-0.022258862,7953642369,0.8205595263083546,41.456280788177345
2018-12-03,0,0,129.31265060240963,130.73255421686747,121.95957831325302,126.27,221011804.46661913,-9278172,28,0,8394080,27857508751,214927665.51704326,4,10,126.04534322603347,3,23,44527634386.53333,0.6256229223671729,0.34682080924855496,1.4549133940829548,0.6577463096983999,0.024488157366519568,-0.031983806,5585907736,-0.689399139,32.72758152173911
2018-12-04,0,0,126.67928771508603,130.33057222889155,122.21660664265708,126.73,121711810.27381046,93730460.00000034,36,0,56700000.00000041,15409781422,176131651.80267155,12,12,126.6087603769363,2,21,41194212750.066666,0.37407636639384645,0.00625,1.9055113437875966,0.42031143581150826,0.036234738,-0.024896266,2745976507,-0.606395437,36.016794450529375
2018-12-05,0,0,131.24645555131627,132.92,128.15293399465853,132.92,618309142.4992478,-11571137,82,0,9746460.000000115,82142206009,1528930223.825645,17,0,132.84973545268244,2,5,42108528012,1.9507261328627168,0.35106382978723594,0.3808319591983075,0.18887448420383782,0.035864174,0,32190914941,0.8946586493442785,42.942345924453264
2018-12-08,0,0,139.51,139.51,139.51,139.51,970200914.1495234,0,113,0,0,1.35353E+11,2039814435.1034498,0,0,139.51,0,3,45214112340.333336,2.9935947545354846,1,0,inf,0,0,32333501613,0,51.23719464144995
2018-12-09,0,0,146.45604403669725,146.45604403669725,132.9159596330275,138.19,1440925397.4600189,-432165965,3,0,46624005.00000025,2.07207E+11,2732115173.824859,5,21,143.8012676702434,1,23,51892526610,3.9930007711721647,0.6104868913857675,2.280689142266899,0.17125404904377117,0.024647887323943685,-0.029590018,71808255473,0.8288903595963343,54.27378965
2018-12-10,0,0,139.1549090909091,143.51617810760666,136.67,136.67,358632446.6598376,46644445.000000164,9,0,21839999.99999982,50095303765,355378308.1490177,11,22,139.6842484040919,2,27,53419929625,0.9377643159966088,0.3629629629629643,1.428958029159192,0.4645833760116408,0.024320457796852678,-0.013624955,8661982427,0.6920070094468741,54.64783997310473
2018-12-11,0,0,141.4885090909091,141.53922181818183,136.8736509090909,139.46,321403085.11401117,20734582.000000335,22,0,25510662.00000023,44779711772,412751708.22862375,15,5,139.32570608684517,3,15,51121533669.53333,0.8759461729272642,0.4347826086956527,1.0842557240031332,0.6921302164490256,0.021747009786154466,-0.020717721,9985249752,0.2529130877194734,59.63845244129076
2018-12-12,0,0,139.51211029411766,141.8956323529412,136.67216911764706,137.68643382352943,202066343.0477019,7231563.000000031,16,0,9555632.000000075,28071621525,241219745.16210586,2,2,138.9227968478309,1,19,49959114933.13333,0.5618918902500942,0.34951456310679496,1.427500762473389,0.9389606312710563,0.011139058569888729,-0.01051868,3615268012,0.8254130335582184,52.80139232880383
2018-12-15,0,0,138.9056815578465,138.9056815578465,132.00857579228713,132.82,200134566.42824876,-4601799,20,0,4999999.999999966,26738056200,230769762.93278715,3,38,133.60039036328087,1,33,49187022748,0.5435998095844116,0.8823529411764713,1.4437199039036233,0.8047314855246739,0.011363636363636456,-0.02087994,5594659190,0.7491276232087571,42.891881780770674
2018-12-16,0,0,130.2763984,134.3332734,127.2844531,129.82,133288109.69034047,40824782.99999986,36,0,41999999.99999991,17291742046,144498657.15097985,18,9,129.73206752029697,2,21,47849377864,0.36137861803119037,0.064748201,1.146687786409754,0.8721695765356967,0.028312570781426995,-0.014942529,2153931219,-0.473383317,46.071930882057465
2018-12-17,0,0,136.16128663875142,136.16128663875142,131.24223829463267,133.22,413846836.94640446,-2304680,19,0,19621412.99999985,55910649789,737751819.9561889,3,5,135.0998601355524,1,22,48823887168.166664,1.1451494961149657,0.5979381443298978,1.3543709951416996,1.3973099707507495,0.018621973929236417,-0.015069552,11303023020,0.8596090108449057,51.38563622170178
2018-12-18,0,0,3803.465931469082,3803.465931469082,3608.2213469870026,3613.901189444663,326712292.78502643,-3966384162,180,0,1224256982.0000048,1.20163E+12,17326641775.985653,9,10,3677.951568188046,1,9,87717885117,13.698825364855727,0.970909091,25.61534953393511,0.034295396545853986,0.002576213,-0.021069152,6.2365E+11,0.7353517516849777,99.43322956454269
2018-12-19,0,0,126.7779533781114,128.4514223627025,124.39452785460291,128.35,316903246.4199455,-9391710,20,0,4838931.000000197,40035229075,345135336.7333077,10,21,126.3326568196375,2,17,87489235283.06667,0.4576017717547558,0.3875000000000009,1.0416899773420298,1.6915022205793264,0.013147410358565828,-0.018181818,9914658841,-0.423757075,50.052807184402404
2018-12-22,0,0,128.35785714285714,130.74142857142857,126.025,127.09000000000002,221111307.0422535,-55459393,32,0,11661999.999999896,28134940879,336741359.26120996,2,16,127.24333845859599,1,27,87499414650,0.3215443325143679,0.26881720430107175,0.9586863605710974,1.532104619501623,0.019215686274509796,-0.029964043,5950678916,-0.13096308,49.99457219030938
2018-12-23,0,0,130.28571651698556,131.75643889105817,128.30784849668098,129.88,208325302.17893443,-9881277,25,0,3879435.0000000526,27122812028,210239307.2907937,3,7,130.1945166732734,2,21,86845961429.83333,0.3123094221245246,0.11764705882353281,0.6316389491251339,3.062244444244386,0.010852713178294546,-0.011732499,3351083842,0.37447796920763005,50.02577764080636
2018-12-24,0,0,133.8828064764842,134.08565921356978,129.82575173477255,131.55,155916220.08361837,2197516.000000368,34,0,10240800.00000005,20527948746,199683958.07179782,2,9,131.66012320585241,2,28,86437537339.06667,0.23748881999582494,0.5476190476190467,0.7561753655441733,2.678103681468609,0.019157088122605546,-0.015,3287471763,-0.632138704,50.03441184540909
2018-12-25,0,0,130.12996847911742,131.29637115839245,128.40572104018915,128.71,155376257.4625126,-8421840,31,0,2082075.0000000065,20089837565,141155252.1570644,17,1,129.2979885929293,1,21,83774746905,0.2398077977827574,0.4912280701754407,0.5348961892361487,3.946681000872406,0.013203883495145285,-0.020899054,2906708093,0.12008880865385442,49.96992879644232
2018-12-26,0,0,129.27139543583988,135.7628582117471,126.7863823419379,135.56,582531744.6223074,85914511.00000118,17,0,30660793.99999997,78267595198,673338755.5016717,14,11,134.35764818060838,2,28,84069733687.73334,0.9309842170871545,0.7005649717514126,2.4096168468724333,1.1440098862664423,0.033255993812838405,-0.021755725,18179947307,0.5442392481619563,49.97178697330771
2018-12-29,0,0,136.5161985378992,137.83470565602155,130.58291650634862,131.8,238597369.46130496,-22641891,21,0,3922799.9999999693,31740705163,199403465.9714437,9,10,133.03040697666876,1,14,83638200467.83333,0.3795000966718223,0.6503496503496498,1.6566325073363284,1.7042488963454634,0.011070110701106955,-0.020715631,3564227957,-0.945875387,49.95437508243714
2018-12-30,0,0,132.81641379310346,135.80845977011495,130.23006896551726,132.36,222255756.79963732,29494551.999999538,33,0,10904723.999999892,29599934106,262794342.28685915,18,8,133.1796059288769,2,20,83419403668.23334,0.3548327224169771,0.081818182,1.2192728196905298,2.3517969263050373,0.029588014981273482,-0.016525749,7994832293,0.15137389395720016,49.969222166505574
2018-12-31,0,0,134.34214285714287,138.95714285714286,132.92214285714286,135.61,283422270.4225352,18482996.999999437,11,0,16262766.00000003,38656902991,256022252.83031794,0,13,136.39331494087966,2,21,83330832497.83333,0.4638967574457523,0.21008403361344483,1.0541736124614869,2.304398117625601,0.027818991097922963,-0.010931021,7478829145,-0.13479757,49.97250884578506
2019-01-01,0,0,135.40271107668474,137.43121611154143,130.48358636715724,130.94,319816904.0018329,44770454.99999967,22,0,66094139.99999944,42863961527,478647689.5439102,8,5,134.0265664217497,3,19,83498589118.73334,0.5133495305656997,0.6423357664233588,1.3052184351900125,2.0671518528428874,0.015275707898658729,-0.01278079,7108091214.999999,0.26207228508126945,49.95184660594728
2019-01-02,0,0,134.8979459459459,140.73,131.80442162162163,140.73,2037706872.202089,95735565.00000043,5,0,87025928.00000039,2.84588E+11,3102732621.5328326,39,23,139.66083367842518,2,28,92163243703,3.087867018685241,0.6534090909090954,3.583375210816383,1.7383658492973846,0.038195708,-0.028396009,67051531883,-0.830134742,50.05641881832647
2019-01-05,0,0,142.45157039086823,146.61,141.74159460394327,146.61,1653591935.9798102,36768933.99999249,31,0,51866865.00000091,2.41097E+11,4372594160.100769,22,2,145.80217664894545,0,8,98786640782.96666,2.440586112090688,0.8541666666666635,1.016244881019796,3.31749949,0.016603251,-0.00601557,84093634789,0.676854756,50.119707072662735
2019-01-06,0,0,148.9897477224947,150.56179747722493,144.47644358794673,144.73,1114136308.8095076,-24481699,0,0,40009893.00000002,1.63351E+11,968590929.1939642,8,0,146.61637473833494,1,27,102016514677.46666,1.601217480115313,0.6999999999999976,1.027373427274604,3.001922837430228,0.017759563,-0.034494774,22221143021,-0.212732374,50.08208023252605
2019-01-07,0,0,145.7961285008237,153.91,143.00698517298187,153.91,1049076747.2548892,324518036.0000016,20,0,162742380.0000012,1.5928E+11,2239884989.085249,17,1,151.82916236947187,1,11,106713551770.33333,1.4925980923191464,0.7441860465116296,2.3678641262266233,1.677785904372438,0.031301482701812294,-0.013189865,60861111192,0.7975722016166783,1.1291179930045558
2019-01-08,0,0,157.0578223,159.2384766,152.8993652,155.79,1583460792.9135375,15767603,0,0,192270659.0000005,2.47142E+11,2462155414.0978713,3,14,156.0772520924014,1,23,1.14353E+11,2.161212855187565,0.2,1.2385727610239923,2.8857238254790896,0.018187723,-0.022163414,24806096014.999996,-0.708641537,74.38677568432277
2019-01-09,0,0,157.20849673202613,161.26549019607842,153.4050653594771,155.18,1001919898.5694033,91875121.00000238,0,0,50243370.00000001,1.56983E+11,1150707822.9146626,12,14,156.68254270540942,1,25,118639263991.26666,1.3231990153492181,0.25806451612903003,1.501293022,2.327218308450132,0.011042546281260252,-0.019230769,15178064737,-0.369814892,75.25624888
2019-01-14,0,0,152.64925836495345,152.64925836495345,146.05643325284584,147.02,758418507.2371105,-151743986,154,0,71590650.00000034,1.124E+11,1485529603.6701255,0,16,148.2028983093625,1,6,121529560327.33333,0.9248763889316898,0.8538461538461561,2.3291040248262886,2.7746715984229646,0.009621993,-0.037931034,44134085631,0.080913322,64.05378812725483
2019-01-15,0,0,147.01928620689654,153.1556551724138,144.28074137931034,147.07,775989776.9769498,7871427.999998065,1,0,32500096.999999862,1.15229E+11,625434830.3181821,8,4,148.49274625227798,3,24,124319950717.86667,0.9268733809949931,0.005714286,1.8806283026970296,1.9797920411625063,0.024511427625041462,-0.020761246,19217560791,0.575010588,63.07277628032343
2019-01-16,0,0,148.48845990063876,148.58988644428672,141.49002838892832,142.91,730228235.4908683,-62515904,2,0,10293247.999999939,1.04744E+11,571646344.1639556,1,6,143.43997504094025,1,12,1.26883E+11,0.8255168880954367,0.7857142857142888,1.9858194240197877,2.299868839865749,0.018094912939569874,-0.021253985,14290282575,0.590898639,61.700725115359255
2019-01-19,0,0,143.0592014388489,146.55834532374098,138.74866187050358,140.98,609408319.6198043,-48450870,2,0,16145430.999999948,86005482228,456165491.21843135,7,15,141.1294848774904,2,29,129236021115.46666,0.665491567,0.26623376623376555,1.4857027671694614,2.0908327983792674,0.026855123674911753,-0.028996013,12463877721,-0.716264473,54.86011477761836
2019-01-20,0,0,140.98646502835538,142.35575803402645,134.08928544423438,134.14,623187791.4119577,-49196187,5,0,8110536,85346742866,543765370.0321244,0,17,136.9518851976059,1,24,1.29343E+11,0.659848999,0.8282208588957053,2.0562312900701603,1.9752974599047604,0.013571428571428538,-0.012671977,15470521539,0.9726229050373428,51.98844323589392
2019-01-21,0,0,130.08,132.36210526315793,130.08,130.08,724216451.2223246,117151464.9999992,34,0,130883689.99999958,94215889610,1691620693.828588,0,11,130.09355069328163,0,5,127971611013.26666,0.7362249241375319,0,0.13111955380812174,7.071470865744699,0.001557026,-0.013645224,61470773155,0.5274409771113303,48.171318575553414
2019-01-22,0,0,131.60013,136.57,128.70949127367248,136.57,686394707.1172293,104098609.00000072,29,0,46230208,92360081274,847219647.1755528,18,0,134.55826555233887,2,13,1.24143E+11,0.7439790867155663,0.6322580645161316,1.9904452126258456,2.045204489,0.037735849056603814,-0.030980392,11898724585,0.8252799551304671,50.73193046660566
2019-01-23,0,0,137.93485585922875,139.30406214900785,132.96514414077123,135.45,331894910.4983389,-25212413,2,0,3184020.0000000726,45271867527,253370523.30905902,10,17,136.40422343031554,1,28,123982602555.36667,0.36514693669850196,0.39200000000000074,1.3893099039842272,2.525997437972643,0.014656144,-0.012585812,3801345918,0.538184848,53.63533773980331
2019-01-26,0,0,136.41844961240312,136.41844961240312,129.8257364341085,130.84,351995883.52185875,-9533571,3,0,5638967.999999422,46161027431,276550335.9980325,6,15,131.14081610597424,1,22,124028646410.66667,0.3721803693491738,0.8461538461538435,1.343475092832788,2.2365797857374465,0.018796992,-0.02164831,5606362213,0.6758961911133278,41.30167106420405
2019-01-27,0,0,132.11139963167585,137.69,131.65496869244936,137.69,1203122978.3208659,-52479910,22,0,34772624.99999931,1.65111E+11,3591377525.827801,11,1,137.23525649675184,1,7,128596622044.06667,1.2839442273252004,0.9243697478991639,1.433647416104787,0.5018192820559227,0.026256564141035225,-0.005658242,86825849610,-0.65641986,42.28640608785885
2019-01-28,0,0,139.40458641323477,144.07,137.78183386131644,144.07,1268004518,166228145.00000247,73,0,68065297.00000082,1.8157E+11,2767538908,16,0,143.19372928414802,1,8,133757696695.13333,1.3574568059873469,0.7419354838709695,1.1999811754922602,0.36672277886472543,0.037323944,-0.011978221,78024330315,-0.42548408,49.47047496790757
2019-01-30,0,0,149.0419965277778,153.65677083333335,145.54288194444445,146.05,1429125431.5645328,327323411.00000757,65,0,240415120.0000031,2.13152E+11,2686562638.245103,0,11,149.14829099616026,3,19,1.40286E+11,1.5194037184100724,0.36875000000000013,1.2411464513098018,0.28420573561204887,0.029071688,-0.033105802,79696442584.00002,0.3906810787756925,42.8701016
2019-02-02,0,0,148.33045774647888,149.7503732394366,142.54937323943662,144.02,545722229.1348424,-18156063,15,0,37605270.000000305,79863386032,542543554.4294317,3,16,146.34438871696864,1,28,141084783692.93332,0.5660666157012382,0.5985915492957754,1.8038861122759662,0.3202352118235112,0.02173913,-0.017667845,11603462480.000002,0.7778551391078932,39.35227067125023
2019-02-03,0,0,143.46196028880863,146.0482310469314,139.05008664259927,140.87568953068592,736607029.2589165,-25022585,18,0,24174135.00000047,1.03125E+11,1219116811.2946677,0,9,140.00050272769195,1,19,1.04468E+11,0.9871487653366352,0.36956521739129966,1.798389067877289,0.3295178874722262,0.013314142,-0.019628837,27441395826,0.8688538208891162,37.62695173320364
2019-02-04,0,0,140.47495429616086,145.29268738574038,138.04073126142595,138.7,330547722.42249465,68777106.00000012,9,0,59031400.00000036,46471689927,338830607.93216705,1,10,140.58995653160633,2,18,104682444548.46666,0.443930118,0.2447552447552442,1.6490533749964607,0.31798506786458286,0.026019690576652595,-0.017266716,5765362438,-0.023134214,41.972211501350806
2019-02-05,0,0,138.44128816083398,141.48395383469844,135.90573343261357,136.21,283532945.27567726,89059550.00000015,20,0,80353440,39058140299,305593641.9446338,11,14,137.75520957899278,5,18,1.05047E+11,0.3718174452600366,0.4000000000000041,1.0091270375164527,0.4133959567964053,0.025090909090909004,-0.018477458,6072166527,-0.421611185,39.992628086988574
2019-02-06,0,0,136.92650731359257,144.43210845522654,135.45581519800214,142.15,437100490.43264157,44982344.00000044,2,0,13305178.000000168,61251051541,372660156.4986532,10,15,140.13036562913433,2,27,106184159179.56667,0.576837939,0.5819209039548047,2.8428062184092826,0.2569004481315437,0.029338104,-0.016044776,12270164752,-0.460002346,49.32191291934333
2019-02-10,0,0,144.5313829787234,146.5091808510638,141.23505319148936,143.01,272744618.41829246,-5445459,15,0,9588692.000000125,39206928010,309734466.50080365,1,19,143.7495934378827,3,20,1.06807E+11,0.3670827233108064,0.28846153846154055,1.1390540782421943,0.43723131277546046,0.017361111111111105,-0.017730496,8614204835,0.7943805047329825,51.84646170638531
2019-02-12,0,0,143.00989090909093,143.5170181818182,138.44574545454546,139.46,203661596.51512977,4576094.999999988,22,0,27815183.999999963,28547328934,221426695.29298788,3,25,140.17040729561037,1,21,107088708200.66667,0.26657646182926203,0.7,1.1290795463665904,180.19562988166953,0.022743426,-0.015994184,3289243073.9999995,0.7305968590084388,55.14705882352944
2019-02-13,0,0,139.96782449725777,141.28636197440585,135.9614990859232,138.7,263469609.33669794,68585334.00000039,13,0,55269000.00000009,36426012049,328363853.6572947,13,9,138.25508050323103,1,21,105693988762.36667,0.34463655384316255,0.2380952380952391,1.2172359392152006,171.53748077381547,0.024425287356321813,-0.018141429,7021834447,-0.657708975,58.908639933856946
2019-02-16,0,0,139.46428571428572,143.1157142857143,137.18214285714288,137.74,238438436.61971828,-5566525,16,0,10963200.00000016,33370445817,275733747.8832964,6,15,139.95413780632188,1,18,105748313450.83333,0.315564804,0.29059829059829123,1.3795537023508082,153.83315368714793,0.015985790408525862,-0.020565553,6155684760,0.7153682327897386,51.365227537923005
2019-02-17,0,0,137.98565024082995,139.70983697665804,133.47233790292702,136.87,286702127.8658581,-65142133,19,0,5395170.999999998,38879278298,361987318.4372076,12,9,135.60861437411722,2,24,1.06058E+11,0.36658635648212207,0.17886178861788818,1.0238665606237525,146.1018261827152,0.009328358,-0.026070764,8567711358,0.4688971800741353,51.66666666666668
2019-02-18,0,0,136.92425373134327,139.2063246268657,135.80857462686566,135.91,170818893.38532853,12526223.000000637,19,0,13777805.000000142,23437911688,203627705.66072604,18,21,137.20912964310926,0,22,1.0555E+11,0.22205437681527532,0.2985074626865617,0.9255357440643385,267.8628959,0.012021858,-0.013333333,3186676718,-0.227861843,56.50834403080872
2019-02-19,0,0,137.43500910746812,144.02783242258653,137.43500910746812,139.21,279798159.5790532,-6127593,20,0,14828860.000000233,39288228318,551860291.8220425,15,4,140.41632145510818,2,18,105431134106.83333,0.3726435141842376,0.2692307692307707,0.8827650636195061,137.91247959303948,0.022540250447227354,-0.014996342,10613987316,0.41623712053863615,52.146892655367246
2019-02-20,0,0,141.23044444444443,141.23044444444443,133.62377777777778,136.92,322978606.5,-119538791,21,0,5282000.0000000335,44130313483,462649288.26135385,2,4,136.63540741351204,1,26,97415883204.13333,0.45300942753375933,0.5666666666666673,1.4982143089008744,119.2342655163777,0.025376976829716992,-0.039245283,8141350494,-0.652123448,38.58192270839988
2019-02-23,0,0,140.72657894736844,146.2035052631579,139.45877192982456,144.53,477239253.78814083,90790849,97,0,32058601.00000012,68211787471,602037604.3376199,21,8,142.9299600348487,1,24,91653032668,0.7442392846736173,0.5639097744360883,1.7658062259021676,134.31577418181067,0.034843205574912876,-0.017985612,17697704666,0.26368478400701617,47.94260963724958
2019-02-24,0,0,147.07142857142856,148.0857142857143,142.10142857142856,143.42,410780546.47887325,-27625577,14,0,17397060.00000001,59547157148,398738344.2554079,9,5,144.96099598295498,1,18,88192917020.86667,0.6751920580414751,0.6101694915254212,1.2709339124656975,151.37323704375328,0.024137931034482644,-0.026548673,9897942939,-0.797451989,49.16712937257076
2019-02-25,0,0,142.10070681572304,145.49854670032457,139.97071763433104,140.63,276910088.16042095,7911072,11,0,10506619.999999747,39530437060,373655683.70240825,5,5,142.75549627899082,3,23,84201250129.63333,0.4694756550424169,0.2660550458715594,1.1385637532248594,164.1341602518852,0.021478873239436615,-0.014023732,11162647227,0.4061983408413098,49.65556598804218
2019-02-26,0,0,138.70357142857142,140.37714285714284,136.9792857142857,137.03,211174225.35211268,-24445137,13,0,1526000.0000000175,29154473392,201011483.0090753,15,11,138.05886273946416,3,18,76934992264.23334,0.37894945503950817,0.4925373134328348,0.6757814114768879,266.9256931109682,0.011199421965317771,-0.011422255,3965244977,0.2647452927756353,47.74871933135618
2019-02-27,0,0,138.23853352984523,139.45560058953572,136.5650663227708,137.63,215723205.97253507,-4188953,13,0,7083599.999999962,29723256457,202517089.00706652,1,6,137.78423291550854,1,18,72692988902.96666,0.40888752692059094,0.21052631578946904,0.623935928,313.17370054917814,0.014936248,-0.011856243,3855821133.9999995,-0.599565626,52.017045454545446
2019-03-02,0,0,139.40917537313433,140.06844029850745,135.40287313432836,135.91,237013473.62225002,9426868.000000104,14,0,12842326.000000129,32333343526,224581787.2744953,2,4,136.41985424648303,1,14,70024106324,0.46174589328613286,0.75,0.7331933172595689,194.27523494949472,0.015079073188672288,-0.021072089,4812968715,0.5097763346125254,39.92898644286636
2019-03-03,0,0,136.11499439671272,137.9406798655211,135.60785954426595,135.76,188588635.82056573,-4324569,25,0,1929906.0000000761,25754116819,171529949.4308732,8,22,136.5624005229243,0,21,67041615116,0.38415119883970644,0.15217391304347191,0.5476700874537084,388.9740114516737,0.013975726369988825,-0.009719626,2763192572,0.5858680039936152,38.02444664684507
2019-03-04,0,0,135.6528864,139.8619292364991,135.6528864,136.16,288977818.22855467,13787451.999999885,20,0,8111414.999999851,39690647960,343804140.66759133,11,4,137.34842419153563,2,27,64873172719,0.6118191279455558,0.12048192771084655,0.7965446812587046,215.66639782083277,0.02066715,-0.01230884,8653379998,0.40201797776968096,43.91592920353982
2019-03-05,0,0,136.9263873159683,137.83922989807473,133.6300113250283,134.34,187360078.67351496,-26968430,27,0,1073199.9999999932,25297348517,243531650.08976912,0,9,135.0199503,1,14,62849568261.96667,0.40250632130926917,0.6144578313253032,1.0264017191183334,215.65739335774083,0.005660377,-0.009687034,3270255271.000001,0.9683311436237443,42.26401703335703
2019-03-06,0,0,133.53071428571428,137.68928571428572,133.53071428571428,136.32,273495580.2816902,13606245.000000343,14,0,8868144.000000233,37166946917,262900856.19025362,10,1,135.89596906362962,1,24,61243575063.666664,0.6068709554979858,0.6707317073170714,0.8229380949870735,218.77141704035307,0.021489440533530853,-0.010861423,6145988324,0.6320026753384117,47.56849315068491
2019-03-09,0,0,137.79142909760589,139.92144014732963,134.6471270718232,137.69,266255903.26094854,39877518.99999935,26,0,27237599.999999866,36560613551,349473019.07432145,4,8,137.31381390319132,3,23,59321732528.36667,0.616310617,0.019230769230768194,1.1882527167272967,345.1305693368545,0.024745269286754013,-0.018796992,11201762977,-0.005841519,51.38047138047136
2019-03-10,0,0,137.4342750929368,139.7163940520446,135.96357620817844,136.42,252463184.5770415,-3058471,26,0,7559999.999999942,34792115193,237777537.7503815,0,8,137.8106485160923,1,21,57402800325.666664,0.6061048414992275,0.27027027027027045,0.9422050049713351,485.2515028760294,0.008351489,-0.009187799,4370737424,-0.740432168,50.84971676107962
2019-03-11,0,0,138.39928571428572,138.39928571428572,134.49428571428572,134.9,240525323.94366196,-15619378,28,0,1384979.9999997935,32612727825,244056634.79486465,6,13,135.58958071557925,1,21,56980829002.26667,0.5723456186238126,0.8961038961038971,0.6565517651762998,465.9675882389974,0.011029411764705888,-0.014925373,4576927081,-0.635097029,42.36627701027275
2019-03-12,0,0,135.96210943396224,136.67209433962262,133.98429433962264,134.39,165873968.6732644,-8574402,18,0,1848347.9999999632,22390915375,138652903.3534937,0,8,134.9875182591503,1,25,56188491933.73333,0.39849646439002195,0.5849056603773587,0.48752314627974885,676.9861716174187,0.015967322688451586,-0.011278195,2128970425.0000002,-0.123437781,45.21739130434783
2019-03-13,0,0,135.965,138.9064285714286,134.69714285714286,134.9,288308230.9859155,13869628.000000399,14,0,11697224.999999825,39388978508,337727229.3955382,11,5,136.62106826885648,0,19,51997761533,0.7575129649172748,0.2530120481927698,0.8883036069119287,432.28318426991206,0.016513761467889812,-0.012267658,6584896922,-0.497132581,25.116279069767486
2019-03-16,0,0,136.81857777777776,139.15128888888887,135.39866666666666,136.92,391935328.65907097,-23385421,5,0,10335555.99999975,53810045521,464368082.01577985,18,11,137.29317462934614,2,25,47739086526.066666,1.127169567679483,0.027027027027028052,0.6391244694081116,484.8885190995216,0.018021331371828007,-0.018726592,9174731937,0.2537463327661207,33.95853899308983
2019-03-17,0,0,138.34857142857143,144.13,137.13142857142856,144.13,783736878.8732395,115986642.99999723,9,0,80134600,1.11894E+11,1185424336.9940238,11,9,142.76924117168858,1,21,44363816650.666664,2.522179738413434,0.8260869565217368,1.4970817167368222,259.8878374127716,0.022832679272208348,-0.011091234,29844796557,0.5665413243256004,57.090761750405186
2019-03-18,0,0,143.10871527777778,148.07847222222222,140.8266840277778,146.05,365890561.3146183,22924172.000000104,79,0,16533299.999999957,52684871258,447948407.5726789,14,13,143.99079076734606,2,21,43457866158,1.2123207123472393,0.40559440559440824,1.3414634394709017,250.81311599029502,0.019554031,-0.016204537,11450557668,0.11863479207036041,69.60869565
2019-03-19,0,0,147.1214211,147.32427725531173,144.78857540926506,145.6,311556996.0370879,3124180.9999993183,14,0,7259324.999999917,45566485490,355637623.1517251,6,3,146.25409177001995,1,12,41539237194.23333,1.0969504634121146,0.6000000000000068,0.4592127416248689,717.1136024216131,0.015517241379310358,-0.008695652,7911940803,0.3001890771507608,67.43982494529537
2019-03-25,0,0,148.84365918097754,153.56,146.0544253632761,153.56,398244922.2974733,67565161.99999937,28,0,34862477.99999944,59775065345,624232338.7207522,24,1,150.09623977164077,2,24,41982683042,1.4238028876313642,0.6283783783783794,2.7166244978675995,242.14482725503325,0.027741083223249596,-0.017241379,21251683161,0.561529882,80.33688552767268
2019-03-26,0,0,157.62,157.62,157.62,157.62,148622166.19718307,0,123,0,0,23425825835.999996,1135756129.9526677,0,0,157.62000000000003,0,3,41461605892.73333,0.5650004463552548,1,0,inf,0,0,927346392,2.612038689382074e-13,83.12121212121208
2019-03-27,0,0,165.4763028391167,165.4763028391167,158.1736403785489,160.76,2234534439.4749937,-1113444885,0,0,96871199.99999994,3.65637E+11,6670414068.238002,22,17,163.63001895639022,3,32,51607801264.36667,7.084915530831947,0.6458333333333336,1.6557793480398146,249.00680855463733,0.019595645,-0.033903676,107190852420.00002,-0.713504693,84.41522104085054
2019-03-30,0,0,161.71844451003545,171.81,158.72647579693034,171.81,1283126526.4187183,407219579.9999983,19,0,154014665.0000011,2.16936E+11,3331394502.849983,27,3,169.0684378332367,3,19,57532110242.833336,3.770697727727158,0.7713178294573618,3.547230866871952,139.0847612947942,0.050939963614311454,-0.017891374,87885435662.99998,0.8961803883555789,91.66110740493657
2019-03-31,0,0,174.70217013888887,177.49131944444443,170.49309027777775,175.26,3135874107.7713113,-124721729,2,0,113326139.99999908,5.53163E+11,8167731809.526459,15,10,176.39841815433627,4,30,75019307016.43333,7.373611596023234,0.079710145,1.7220227753132504,260.08017173886674,0.028571429,-0.01744186,142150014951.99997,0.247799756,91.92506459948315
2019-04-06,0,0,173.9426184606957,185.15,172.97908792111753,185.15,1182823097.126654,515633153.99999887,78,0,228277367.99999812,2.17328E+11,5878126293,8,6,183.73680869095256,1,8,81049377985,2.681428859,0.9208333333333341,4.502012763140986,149.55523612675404,0.048535565,-0.0019564,74579528301,0.7178179309987509,93.17685589519647
2019-04-07,0,0,192.91,192.91,187.8387592008412,192.91,3535321691.483075,-1880392550,47,0,133834640.00000125,6.80621E+11,11361821194.266882,0,1,192.5203674849962,1,6,102624410832.03334,6.632159208,0,0.6844297225903916,358.9559668122815,0.01530343,-0.019292605,3.03566E+11,-0.074753301,95.96419854
2019-04-08,0,0,190.1721854304636,201.63322913907285,187.8394066225165,191.44,2798624172.0643544,369654801.99998987,0,0,265865396.9999992,5.47935E+11,3257501074.2126756,14,18,195.7873888207095,4,16,119592945520.06667,4.581669232714576,0.091911765,2.873454151642858,132.18549696852213,0.048614609571788425,-0.025574787,91473412460,-0.835966955,96.04234527687291
2019-04-09,0,0,190.17503302509903,197.731321,189.0086261558785,191.95,1536494652.3313365,543184180.0000037,0,0,263162843.00000226,2.96479E+11,2038570571.8991013,1,27,192.95801203482873,2,26,128694313584.33333,2.3037455607680557,0.2034883720930286,1.9399978532961197,208.98921524100425,0.023417395779722093,-0.016994158,33283450709.999996,-0.365388301,96.87296416938108
2019-04-10,0,0,192.71286089238845,202.0949343832021,192.2057217847769,193.22,1395789339.4058585,207736187.00000572,0,0,154336611.00000787,2.7464E+11,2146154096.1736188,12,2,196.76315795684837,2,27,136539369915.86667,2.0114339068155114,0.051282051,1.8153427831806415,184.3371384,0.032420206,-0.015384615,63946337500,-0.331501085,96.91119691119688
2019-04-13,0,0,194.23274552360283,197.8334047748237,186.93,186.93,1523932283.8281708,-191243612,0,0,11163860.999998696,2.88596E+11,2493023660.6002946,0,38,189.3757095289283,1,20,144688218050.56668,1.9946044081014218,0.6697674418604636,2.902262862742838,167.19081688108832,0.013499480789200343,-0.018105484,63548968545,-0.018812339,87.64112599729037
2019-04-14,0,0,185.96105759162305,198.2840837696335,185.6060732984293,193.72,1086907664.3609333,354788257.99999875,1,0,123029609.9999959,2.1093E+11,1781407805.3042073,9,16,194.06465003908153,1,28,149445503651.83334,1.411419884538041,0.6119999999999984,2.353257999441958,143.7882667,0.035333853,-0.015031646,51033691074,-0.171564187,87.56249053173761
2019-04-15,0,0,197.0235433070866,199.86352230971127,191.1914435695538,192.71286089238845,1204488060.2422109,-19729427,0,0,32912505.99999968,2.36133E+11,1140984805.1616654,12,7,196.04398710064092,1,21,155331686471.73334,1.5201833386903354,0.49707602339181334,2.383922288591842,210.20465170339497,0.011192087454450427,-0.012901527,27581143188,-0.671145771,85.84094595558987
2019-04-16,0,0,195.2396226415094,198.2823180592992,187.68359568733152,188.14,1193486965.1323483,-204481121,3,0,16330778.00000007,2.30616E+11,1357879207.9441254,5,6,193.22855918617137,1,16,161701197459.06668,1.4261846560436169,0.6698564593301412,2.471169402947841,171.99349385173014,0.019855595667869846,-0.023989218,28921146008,-0.469267169,80.72811326206298
2019-04-17,0,0,188.1438419829589,197.77924089852823,185.1010844306739,196.41,753541023.4,177560646.99999872,4,0,114795399.99999988,1.45387E+11,1249245691.7964633,17,9,192.9384356396543,2,25,1.65576E+11,0.8780702730383155,0.6520000000000064,2.1356196670896197,143.7616135,0.032674572,-0.017184943,36415813491,-0.387959358,80.81403710628506
2019-04-20,0,0,202.6,202.6,202.6,202.6,250737617.10266536,0,87,0,0,50799441225,1610294481.8440568,5,0,202.6,0,3,166278155379.96667,0.30550880907306693,1,0,inf,0,0,21409073164.999996,-7.18E-16,81.38431481998325
2019-04-22,0,0,212.6883538083538,212.6883538083538,204.87862407862409,205.99429975429976,4595101382.751938,-1116559961,0,0,161591759.99999785,9.72371E+11,11534658952.573534,19,14,211.61028313235207,1,25,1.97613E+11,4.920587274583808,0.8571428571428571,2.5973276905871785,233.32410348348913,0.025322503583373263,-0.019512195,1.53795E+11,0.3847249976583651,81.45014267596703
2019-04-23,0,0,207.16161796151104,220.85406272273696,206.4009265858874,213.39928724162507,1223279683.2185524,382736421.99998987,2,0,129737186.99999987,2.62594E+11,1791666906.394712,12,2,214.66399050059644,4,19,2.05507E+11,1.2777841485443628,0.4315789473684218,2.022867002380927,0.089282809,0.044590472,-0.024252413,63511950690.99999,-0.690397326,80.45973447359158
2019-04-24,0,0,215.53079416531605,222.1235008103728,209.95235008103728,219.03,1205782789.6772132,278336129.00000143,3,0,59487686.999999344,2.61559E+11,1571089953.7954605,13,14,216.92048690462656,2,34,212903011528.53333,1.2285358857074964,0.2874999999999988,3.2095876315910625,0.27819913692291326,0.031999999999999904,-0.021440617,48075565674,-0.259408269,81.06458481192335
2019-04-27,0,0,221.11063130720487,225.67484158648205,215.78571931471487,216.09,1092706050.9556203,-45012540,1,0,93086999.99999994,2.40317E+11,1432464679.7700431,6,5,219.9284233512132,1,23,2.2007E+11,1.0920014119996686,0.5076923076923068,2.621562479863424,0.4874517378679741,0.020004495392222967,-0.017265516,24491023699.999996,-0.824732521,74.36220472440945
2019-04-28,0,0,213.50066969624493,218.01410428127244,211.0157450370725,212.03,992463470.0278262,-28422743,0,0,10719563.999999989,2.11848E+11,1054901335.3684051,14,19,213.45716106615018,2,31,2.25893E+11,0.9378262479416074,0.21014492753623323,1.6860399004568787,0.7482660425202325,0.019534008001882822,-0.014403778,23417171244,0.31738201973917457,65.98662207357859
2019-04-29,0,0,212.6389002,224.1,212.4867617107943,224.1,2640506997.3895583,435674974.99999565,1,0,135464599.9999982,5.8772E+11,7109411162,18,2,222.57859006472182,1,25,244265043838.43332,2.4060762657621275,0.9868995633187765,3.7821240983710753,0.4540839068538154,0.031455080334917396,-0.007969995,1.50385E+11,0.8345014504502842,73.19602272727272
2019-04-30,0,0,228.20648577101247,233.68344142951685,220.6503154643724,229.88,1616721898.8254743,144481631.0000041,2,0,62262780.00000367,3.70259E+11,2956096992.7562017,10,14,229.01815708068762,2,28,2.55447E+11,1.4494524874193513,0.12840466926070873,3.340811493230184,0.4046139527608253,0.025945471,-0.025881303,76043262449.99998,0.24577593692675448,75.06277256508524
2019-05-01,0,0,232.21375531914893,240.2263723404256,225.92537234042555,238.35,1093463252.3599749,467142530,3,0,116009020,2.58417E+11,2189733937.458451,15,5,236.32904906156597,2,28,2.62974E+11,0.9826715043146884,0.42907801418439584,2.8606933864488444,0.3624081614073522,0.036480687,-0.011208791,37089835698,0.840327382,77.22939543863883
2019-05-04,0,0,238.0987737584304,248.14,235.8166768853464,248.14,1958867670.2224553,115969089.0000014,31,0,28850114.999999918,4.8411E+11,5693832973.334658,17,3,247.13756614300698,1,13,278364704852.3333,1.7391205852473652,0.8148148148148134,2.109042102002229,0.3404666924412553,0.03617945,-0.001022913,81259584462.00002,0.8126220177372513,85.43475743892554
2019-05-05,0,0,252.54559837728192,259.4424259634888,245.44592292089249,250.01,2932073161.353546,53035327.00000347,5,0,201393010.00000235,7.49677E+11,5023173778.842304,11,15,255.68155731861862,3,25,3.02041E+11,2.4820375324102666,0.18115942028985416,4.109068483896685,0.2916647133094635,0.026583268,-0.043868598,89904845185,0.7422400989269686,84.55494168201349
2019-05-06,0,0,248.48830897703547,261.1662839248434,242.91,242.91,834074155.6543577,-85424866,13,0,99523968,2.07922E+11,2146911489.7816792,9,16,249.2847098144153,2,11,3.07178E+11,0.6768776062087748,0.3055555555555549,4.745399511961536,0.073581934,0.046321526,-0.041458333,69106946242,0.7765215945093814,78.67003579498966
2019-05-07,0,0,236.88,240.88631984585743,236.88,236.88,281441809.53647417,143340588,98,0,190839864.99999613,66790275508,2298237876.9108105,0,5,237.3146890222227,0,1,305674594783.23334,0.21850123185855136,0,0.5152703064809391,0.1713960323142894,0,-0.016484693,15643191187.000002,0.7969119798713913,77.38202247191012
2019-05-08,0,0,225.4664969859344,230.7405670908685,225.4664969859344,227.14,2798284868.112178,479665663.9999843,8,0,311603199.99998754,632342768750.0001,9483800608.733839,3,21,225.9751235322231,0,6,324996524699.63336,1.9456908634159111,0.3173076923076831,1.0620725171168375,0.47580187101675964,0.022857143,-0.023391813,143764489907.00006,-0.303269074,66.98353045208356
2019-05-11,0,0,223.1384034010392,229.88326877657065,214.72,214.72,1231954194.3926976,-150571675,5,0,44479450.000001155,2.71154E+11,3178169900.3547125,6,39,220.10103909477573,3,17,3.32516E+11,0.8154624107864296,0.5551839464882928,5.384401286563435,0.17820818773939742,0.043584612,-0.029760521,55901857656,0.7629356892060805,56.26680455015513
2019-05-12,0,0,218.11692699490663,219.0804753820034,209.09,209.09,322358437.99799126,-307623117,68,0,22218199.99999991,67983665973,1507719239.5679555,0,4,210.89463764377595,1,5,332789741814.3333,0.2042841392957622,0.9035532994923855,0.8091107389189962,0.28803430179534795,0,-0.042929905,4321942996,0.5904694312688809,51.56450110425876
2019-05-13,0,0,202.24037410071944,215.4762661870504,200.41473381294963,211.47,2618194002.4116898,1011544478.000008,1,0,585890726.0000007,5.38762E+11,4398587788.165786,19,21,205.77621386983995,3,28,349967615919.56665,1.5394625802086332,0.6127946127946096,4.042124367391803,0.21981761186149967,0.046933962,-0.031265387,84233059174,0.13656974570047514,48.972807688836845
2019-05-14,0,0,212.9971830985916,216.04,208.9400938967136,216.04,1414804071.1905203,94734826.99999358,38,0,53342057.99999912,3.04493E+11,5749576676.346006,6,15,215.21905973508922,2,16,3.47929E+11,0.8751566635838772,0.42857142857142055,1.945493286614158,0.5964309780909185,0.018788163457021986,-0.010714286,134564597800.00002,0.7059954724711378,48.389876144318784
2019-05-15,0,0,216.0400642496558,224.5092404772832,210.7658467186783,221.01,1256155788.244876,270685703.00000125,1,0,73449588,2.73336E+11,1635075697.4196634,27,3,217.59686150068177,2,27,349809457550.73334,0.7813841254945424,0.3616236162361596,2.9022529852465886,0.3801882474361262,0.025928521373510757,-0.028708134,35994956430,-0.491873702,52.59274873524452
2019-05-18,0,0,225.16151785714283,228.4578013392857,222.62591517857143,227.19,1328362001.8486729,6800682.000001881,30,0,58640555.99999975,3.02743E+11,4387663492.251586,12,7,227.9068609841856,2,15,3.41462E+11,0.8866073422952317,0.3478260869565272,1.020111860658538,0.9502138969620462,0.025310834813499064,-0.0261959,99658790720,0.3776141138620563,57.814432989690715
2019-05-19,0,0,225.6711448598131,228.10535046728967,216.5428738317757,217.05,1090164311.4489748,-244616589,1,0,32548860.000001185,2.38858E+11,2062703103.5615137,7,21,219.10259463137794,3,20,342179766552.43335,0.6980477882125126,0.7456140350877223,3.458265010208504,0.7293362140677297,0.027932960893854764,-0.018119266,34569172059,-0.160928107,46.29220574313664
2019-05-20,0,0,211.0627796610169,212.98983050847457,208.1214915254237,209.44,1012364692.1791444,-145786157,11,0,30186835.000000194,2.11321E+11,2688649503.602473,1,10,208.74015449523932,1,17,3.26536E+11,0.6471595404223872,0.3333333333333197,1.014538118,1.7606298696682148,0.014631806,-0.023391813,45451698379.99999,0.5963196391425006,39.45304437564499
2019-05-21,0,0,208.9367276093497,219.13,208.9367276093497,219.13,531913739.39670515,18406908.999996804,4,0,12787838.999999857,1.15528E+11,889753134.6,33,15,217.19364064938765,1,15,312122856341.13336,0.3701372047061297,1,2.041107811928262,0.8544411990612235,0.022487702037948153,-0.013139371,18275955242.999996,0.7812159087764958,40.20587036282104
2019-05-22,0,0,223.13776337115075,228.05693679092383,215.63222042139384,219.03,721493238.8302972,27191244.999996528,4,0,63777360.00000133,1.60647E+11,1579245789.4830644,26,17,222.65878467890371,2,27,307595118144.3333,0.5222670914972697,0.330612245,2.3352113917139667,0.9377441832483068,0.018769787426503655,-0.023943662,39445733502,0.6136621417060805,33.54065362433563
2019-05-25,0,0,216.2857990230286,220.5963014654571,211.56960223307743,218.01,497632035.62680614,52402126.000004284,8,0,41127209.99999928,1.07458E+11,777939379.2490038,3,9,215.93897811592478,4,24,3.02022E+11,0.3557953180567598,0.1910112359550555,2.2698841642958167,1.359600513867605,0.036635944700460596,-0.027240143,11414020497,-0.226409512,31.73098881023064
2019-05-26,0,0,217.55707902163687,223.0340404515522,213.8043461900282,215.63,451454872.4945509,-30934542,3,0,8726245,98846026019,521104564.90092325,0,3,218.94995943408068,1,24,295697401593.73334,0.33428100986429105,0.2087912087912085,2.256084444585406,1.5975698700563619,0.015825688073394423,-0.01397773,9821647176,-0.330554244,33.53849867245957
2019-05-28,0,0,219.0815349887133,227.70279909706548,215.63302934537248,224.66,877152541.0843052,259257493.00000322,5,0,91688439.99999997,1.9539E+11,1094431847.357765,28,22,222.75472381515982,4,20,295179385477.86664,0.6619360349865993,0.4621848739495822,2.686030293567004,1.2216539143155165,0.032719836400818395,-0.022438122,31702071403,0.24941968406873832,42.88376426741206
2019-05-29,0,0,230.54362177401867,233.84000000000003,230.2393407,233.84000000000003,377960854.1823469,136494519.0000015,18,0,101844267.00000162,88221989598,1705039776.2529252,0,0,233.41567948578447,0,4,2.90249E+11,0.30395274524949834,0.9154929577464758,0.22543667036838738,3.8725853272140425,0.013229234439384117,0,8329149015.000001,0.729832765,53.92731535756157
2019-06-01,0,0,238.34684487291847,243.3673422436459,230.23290972830847,231.45,1154628070.477425,-843427656,3,0,111476256.00000048,2.72713E+11,2428271627.815442,5,10,236.1914416529266,5,24,291652280468.26666,0.9350630418563542,0.5250965250965235,3.334982981502334,0.9924430100721217,0.038185654008438735,-0.025752002,51199711257,-0.570868959,61.11332536203001
2019-06-02,0,0,230.79369330453565,242.3054859611232,230.7429805615551,234.80000000000004,560539015.0340714,126758527.9999985,2,0,45145849.99999997,1.33169E+11,714352060.6,2,1,237.57314193001451,1,21,291245013425.76666,0.4572404979903372,0.34649122807017585,1.892080356038593,1.1273660241142502,0.024024024024024062,-0.020944646,13137768513,0.14930372319632113,67.61200164406083
2019-06-03,0,0,240.93206779661017,246.51037288135592,235.8101694915254,239.36,879806323.8636364,101465482.0000044,2,0,61891299.99999961,2.12819E+11,1205180225.2525494,8,10,241.89329640575014,1,22,296645673780.86664,0.7174190311476123,0.14691943127961926,2.429984304768025,1.2182175671071127,0.023735810113518968,-0.016170213,17013006261,-0.575531162,68.55128375681787
2019-06-08,0,0,238.3036021052632,242.91854736842103,234.2972210526316,240.89,767452229.2,158980409.9999997,5,0,61925706.00000046,1.82772E+11,1481656812.4548924,3,1,238.15424128040175,2,22,2.70326E+11,0.6761177047874031,0.29999999999999605,1.0308504276555468,1.5326398034941795,0.031027254,-0.01814301,33791435048,0.14115839914161757,67.22584222930817
2019-06-09,0,0,243.46815618661256,250.01,243.46815618661256,250.01,1059721395.1841927,264822814.00000095,62,0,119719362.00000098,264577162659.00003,4419509874.047825,9,0,249.6667179329839,0,5,270391819217.76666,0.9784954420012106,1,0.5981458607540155,2.046635353089973,0.024543610547667287,-0.002440016,1.14266E+11,0.3457742417871495,69.00891453
2019-06-10,0,0,260.65934156378603,262.0792757201646,245.95288065843624,246.46,1942404497.8495495,-28829464,2,0,97414070.00000061,4.96873E+11,4026011572.616837,16,25,255.80313643275227,1,28,2.78236E+11,1.7857999413367258,0.880503145,3.911353465686779,0.8571016179471356,0.017617617617617966,-0.025035332,68026431205,0.065356812,63.08214528173795
2019-06-11,0,0,248.48810422960725,268.57,246.71318919939577,268.57,1220008759.9359572,710308764,16,0,186181049.9999968,3.20939E+11,4483782428.179795,18,0,263.06310657871614,1,12,280923030831.1667,1.1424456495874946,0.9187935034802787,6.642985836201343,0.8748075018772797,0.046692607,-0.019507187,130154861640.00002,0.2897795742110955,80.08642840457834
2019-06-12,0,0,273.8492256017914,276.1820153013622,267.86511289419667,271.77,2514730675.928175,-447622898,11,0,299332150.0000033,6.90781E+11,9564707267.822716,19,16,274.6937000567809,1,17,296887438805.93335,2.326742676602573,0.2500000000000017,2.6994906512989436,2.486578525039699,0.025339698861549912,-0.01984502,2.1896E+11,0.19533838406599796,88.37581578623319
2019-06-15,0,0,262.6889396870055,288.4,261.01543871988747,288.4,2411196779.257975,937627573.9999917,12,0,204418199.99999967,6.72894E+11,5835749417.446309,22,2,279.0705305450338,1,16,299726560135.9667,2.2450261469345634,0.9388888888888883,8.095818063080449,0.78064676,0.05559633,-0.027783175,1.42487E+11,0.71824247,89.29098128190581
2019-06-16,0,0,291.04230754681294,293.07083033856634,265.1786419519577,268.12,1537649038.344771,-602805010,0,0,106494650.00000001,4.28921E+11,2701369416.8882384,6,26,278.9458962636359,1,22,301681967447.93335,1.421765088475255,0.8218181818181814,8.765293581147954,0.9019341982099169,0.023531591624976707,-0.05199241,58033002880,-0.552218412,72.65762023446875
2019-06-17,0,0,267.25278732340587,277.1923596792669,264.97074264986634,265.63,908006994.3530475,-11267059,1,0,69760530,2.42784E+11,1995667492.8568387,2,7,267.38094653112535,2,26,301160855414.36664,0.8061597821966413,0.13278008298755134,3.1961450583690123,2.0914726210902725,0.026788990825688117,-0.024761905,57940165396,-0.256821846,71.68488160291439
2019-06-18,0,0,263.704381,277.85313523809526,263.704381,266.24,736245001.6902043,127975288.99999917,2,0,37108100.00000067,1.98582E+11,1002628583.7573752,12,8,269.72223056335093,2,23,291643250603.76666,0.6809060168061206,0.17921146953404932,3.073228854280744,1.8163709495602265,0.027519524,-0.022402108,24658321608,0.7013101384498064,73.42404887531241
2019-06-19,0,0,269.69418846153843,274.8669615384615,259.2979288461538,263.71,792982194.0768269,-1080742,7,0,57464848.00000187,2.11649E+11,1330292410.8962145,2,13,266.9023087742809,2,24,273708975482.06668,0.7732621045518734,0.38436482084690465,2.9121194462732785,1.8613620015458006,0.027855674,-0.026768642,25010633880,0.2807464360022302,69.23076923076921
2019-06-22,0,0,256.6085097882541,261.12197962445066,253.56572113463844,253.87,1172123931.6973255,598196396.9999964,1,0,969498039.9999974,2.99117E+11,3410150463.907767,2,21,255.19247740454833,5,15,2.76749E+11,1.0808256096500783,0.36241610738254815,1.6613032707263449,3.8050464891039946,0.027237354,-0.022,53413225072.99999,0.2296503280707639,59.80037185634601
2019-06-23,0,0,258.63940942646224,267.92,256.1037289418891,267.92,325532852.0379218,199912210.9999969,30,0,78904615.99999899,86763121499,1684230871.5038433,14,0,266.52646869844295,1,7,277414579551.73334,0.31275617034691605,0.7854077253218884,1.2667110525315333,2.5061711323659375,0.034639409,0,33970387076.000004,0.6369255045471475,66.01668862538429
2019-06-24,0,0,279.83,279.83,279.83,279.83,90236524.64710718,0,73,0,0,25250886692,699151688.3136797,0,0,279.83,0,3,257178183483.13333,0.098184404,1,0,inf,0,0,3579934932,0,68.39310513846907
2019-06-25,0,0,290.5813684210527,292.6098596491228,279.2218175438597,289.06,1498487308.1713138,-175550777,1,0,163501699.9999981,4.31943E+11,4129380806.678815,23,10,288.2529605299922,2,29,2.62538E+11,1.6452616536649878,0.11363636363636673,3.0587141991218925,2.211943851476758,0.026694401,-0.021924262,48118333292,-0.094256084,69.55461127
2019-06-26,0,0,302.50321302816906,302.50321302816906,288.05,288.05,999497029.2657524,-939768965,1,0,39275801.99999978,2.95298E+11,5200295501.493605,5,17,295.44691087969636,1,19,2.70115E+11,1.0932319219637179,1,3.0629680221137208,2.048928315131895,0.013552925030022417,-0.014634146,22240546872,-0.692995897,68.63147914032871
2019-06-30,0,0,289.06775067750675,290.0820234869016,280.7,280.7,649696308.4253652,-104588428,0,0,11135520.000000209,1.84472E+11,1618192434.829893,0,13,283.9355280501666,1,19,2.58305E+11,0.7141621374422242,0.8918918918918816,2.400253943,2.616024830098529,0.010811768876285082,-0.017559577,31738259208,0.614215144,62.29665838608863
2019-07-01,0,0,278.91559633027526,288.2973027522936,271.6130788990825,275.9743046,511750839.24307114,-60793589,2,0,11842240.000000248,1.42731E+11,886480628.7001216,15,9,278.9069895,3,22,252913235075.66666,0.5643472390098435,0.17629179331306968,2.679227819363274,1.319040574088163,0.025454545454545476,-0.020298186,20178392475,0.025372735,61.71521519824301
2019-07-02,0,0,274.1043933054393,283.7398854,274.1043933054393,278.77,378719657.2012771,34138876.99999981,6,0,37088079.99999999,1.05133E+11,562503988.4718989,5,3,277.6014152260525,2,18,2.47306E+11,0.4251126370222144,0.4842105263157881,1.5898193458527494,2.2617260680753577,0.014414414414414413,-0.018407144,10714431847,-0.549472277,54.78193482571219
2019-07-03,0,0,278.9169741697417,285.5095572,274.60643911439115,274.86,541625375.9732227,-10160705,2,0,36721053.00000012,1.50067E+11,921273214.5279533,4,3,277.06761393029547,1,24,242217288149.26666,0.6195546639615631,0.3720930232558132,2.426024613490384,1.9660868214074898,0.028419182948490197,-0.02163243,23065678424,0.1423479708263483,51.43906481475122
2019-07-06,0,0,271.3081954597923,273.8437861,263.2450173143517,263.6,767372931.1684369,-155567814,2,0,13512687.99999999,2.02947E+11,1773443607.713461,4,23,264.47016598693847,1,30,241020268724.83334,0.8420339399409585,0.7272727272727292,2.0459846176582435,2.022544057965984,0.014231499,-0.025738799,31003362856,0.7713677527986847,37.842111084461386
2019-07-07,0,0,264.6716428968328,273.90142619003524,261.2231524356362,273.8,375093434.8100803,111600126.00000012,14,0,33009605.99999993,1.0061E+11,785383037.0137739,18,13,268.2271537115589,2,23,2.3733E+11,0.4239256931458076,0.7199999999999943,1.984084540982506,2.144738240559921,0.030126153266804793,-0.013477089,21543691683,-0.110802108,53.08993256927874
2019-07-08,0,0,273.79369174311927,278.91559633027526,270.34528073394495,276.38,485550493.70432013,14154043.000001553,6,0,13196580.000000648,1.3351E+11,827600155.3,16,6,274.9668439948125,0,20,2.37929E+11,0.5611342699861511,0.3017751479289918,1.3248739649029573,3.172762804323076,0.017112688876752272,-0.01643938,19306554875,-0.461787764,55.84230298233625
2019-07-09,0,0,278.5155925925926,278.5155925925926,264.7216666666667,273.85,351424033.59503376,-42751832,2,0,13933676.000000326,95625655631,565125467.0752977,4,5,272.10903777057825,2,25,235761933236.36667,0.40560261072820886,0.3382352941176469,2.7216663439167323,2.052377135820441,0.022164276401564192,-0.026888847,11373606635,-0.451156705,54.05126027899421
2019-07-10,0,0,273.75160809371675,285.72,266.2460063897764,285.72,561299396.6610668,194557459.00000083,2,0,42439242.99999965,1.56741E+11,1883563653.0115428,11,8,279.2470291708617,2,19,237404701094.43332,0.6602278230819553,0.6145833333333343,5.481627121659459,1.5760595571095215,0.029003558718861334,-0.012115564,52850203794,0.6257004971352751,60.65741988559615
2019-07-13,0,0,291.49648157758173,293.17,288.0987321,293.17,1114240474,-20924516,1,0,116286741.99999969,3.25883E+11,4521267942.005872,7,14,292.4707982520104,1,21,244972593588.23334,1.3302826902374478,0.33000000000000435,1.8115002139187864,6.052169608652143,0.014011416709911776,-0.013857218,97833349109,0.3565953209983367,69.48025088100196
2019-07-14,0,0,296.718732,297.4287067099567,278.8679383116883,281.15,592577583.2118087,-218235349,2,0,10558309.999999134,1.69633E+11,1483291757.9659739,5,13,286.26222022875135,1,22,244114017008.06668,0.694890759,0.8387978142076544,4.967656630769883,1.706919656830982,0.01690238,-0.027192982,22491134766,-0.762345552,56.69254038691735
2019-07-15,0,0,286.6259098497496,288.55297718419587,265.27603227601554,273.39,549443408.1641611,190828779.99999845,107,0,404469339.9999985,1.51776E+11,3881072930.1589265,1,13,276.2363342607483,2,14,246232491786.63333,0.61639401,0.5686274509803918,3.1749184690210246,1.3740434987592953,0.019234162696312108,-0.045601984,90403016436,0.4460318137527131,46.59947967
2019-07-16,0,0,276.5889391304348,276.5889391304348,262.44,262.44,744097502.5720165,-48197411,7,0,9409174.999999972,1.95728E+11,2610715218.0126715,0,14,263.0410897328025,1,6,243666323433.46667,0.8032633118357194,1,2.3713992940251027,2.297534776090563,0.004807692,-0.037868696,86701869540,0.7786479393454078,36.194577335716986
2019-07-17,0,0,258.63166986564295,273.1353282149712,258.63166986564295,264.21,399719202.03625906,27773054.99999993,8,0,31006449.99999996,1.063E+11,630198318.4,14,10,265.9357826806565,2,21,242770677562.46667,0.43786028820819317,0.3846153846153855,3.204061154772011,2.412429669280699,0.035333707,-0.013068182,15252230094,0.20740911333471052,37.73301493504106
2019-07-20,0,0,268.26680933852145,273.7944241245137,260.66,260.66,353366816.5426225,-62601393,1,0,23357400.00000009,93790294844,623649011.6495296,0,11,265.41907857012137,3,31,238803045661.33334,0.39275166941133527,0.5791505791505797,3.560691922762298,2.558056482505715,0.022429906542056156,-0.031067961,15381356692,0.8079503188711776,39.26866151249047
2019-07-23,0,0,257.0622776699029,261.17,250.01322330097088,261.17,249180690.35494122,125063409.99999774,184,0,48911188.000000305,63293689982.99999,988969186.9218835,2,17,254.00720213449276,2,9,234820435215.03333,0.2695408085971723,0.36818181818181805,1.4481855656663807,3.161094295608783,0.033009709,-0.023833569,27054616752.999996,0.15499749993606704,41.69749923512836
2019-07-24,0,0,259.6521806551657,266.7013316534212,256.1529618143051,261.63,396243992.1759737,49668225.00000132,9,0,73576800.00000048,1.04259E+11,976588291.8674921,12,19,263.1186254445419,4,24,229476502278.46667,0.4543348601134023,0.18750000000000303,2.3056487536010857,3.283417128,0.021153846153846193,-0.019762846,24768643770,0.23961574434086616,40.12900253397833
2019-07-27,0,0,265.7361668321748,265.7361668321748,254.02146176762665,255.34,353244648.17498237,-41121444,2,0,2965158.000000106,90380768717,470224785.63158464,11,26,255.85884792295346,1,23,2.15927E+11,0.41857141963698363,0.8874458874458897,2.0134108055980864,2.4737651041105413,0.009861933,-0.023529412,9390481932,0.5735921493089879,39.058295964125534
2019-07-28,0,0,258.5878241,262.69561264822136,254.07432806324115,256.61,246540863.9569775,-6706470,7,0,7001568.000000119,63436025048,388913241.7032168,2,7,257.3043025397602,1,18,207343313496.86667,0.3059468085955838,0.2294117647058877,1.5436928362209603,3.432338677077647,0.014931161528020096,-0.012938639,7735692290,0.5743149917084202,45.58767832
2019-07-29,0,0,258.68707664884136,261.6284314,254.1229055258467,256.05,237184115.3251318,-6440058,11,0,6031612,60791505660,386265870.9222948,4,13,256.3051306225421,1,15,186343674551.63333,0.32623326660415025,0.35135135135135015,1.5882463107539073,3.9057557613781446,0.009699321,-0.013188976,6510415421,0.5642300436360481,37.24306454
2019-07-30,0,0,253.56299212598427,262.4376968503937,249.50598425196853,257.62,307416430.71190125,44664054.00000019,12,0,20682440.000000093,78941263325,497151407.29736954,2,1,256.7893431791897,2,23,166545251181.26666,0.4739928804039023,0.31372549019607815,3.385320141399093,1.989232065375034,0.022248243559718845,-0.018458418,11407350191,0.7055473987058422,36.318553092182015
2019-07-31,0,0,253.8172573341209,260.10563693640484,253.8172573341209,257.57,247700564.29708427,39673239.99999871,15,0,20609584.999999776,63493303139,529905110.5701975,1,0,256.3308780469637,0,22,1.54364E+11,0.41132107696890857,0.5967741935483818,0.7016525764307232,3.9918645573130775,0.014316532653461693,-0.01075483,11148546814,0.010458838710197814,37.68159806295395
2019-08-03,0,0,257.57361403508776,265.7384795321638,257.57361403508776,260.16,218670864.16051656,16467915.999998242,17,0,29575267.999999017,56984145215,400315899.62155515,14,18,260.5932227586135,2,25,148171010834.83334,0.38458363004974294,0.31677018633540105,1.8916361355811335,2.591362708,0.02519084,-0.011605416,9137810240,0.6913305873229141,27.499999999999986
2019-08-04,0,0,261.07373493975905,273.6,256.1545134383689,273.6,620850073.1542397,77154594,21,0,15039593.99999981,1.67989E+11,1717029287.0035837,32,6,270.5789037770895,2,18,147151253771.73334,1.141607209576283,0.7180232558139545,6.8064503782819905,1.3110130731452738,0.022004889975550126,-0.013335838,52922142498.00001,0.7117526511852414,34.41630832935181
2019-08-05,0,0,277.40204879865894,279.93771652076737,268.8822052523747,272.28,397793070.9159689,-20901375,2,0,9374259.999999683,1.09158E+11,691413012.7728664,7,13,274.4089305971317,1,23,143734893530.83334,0.7594396079305819,0.46330275229357676,2.427300025158726,2.0687655590444556,0.010989010989011037,-0.012003693,10934518549,-0.377053847,41.48588981
2019-08-06,0,0,269.07920227920226,272.27407407407406,263.1965811965812,267,247118118.8764045,8925874.999998823,98,0,25164623.999999914,65950545044,622353432.7829597,0,11,266.87863012175563,1,11,135962671367.13333,0.48506361621799104,0.22905027932960698,2.209368223780066,2.5195570250885635,0.020377358,-0.021499239,6938100757,0.2977396124789475,43.559766176174165
2019-08-07,0,0,267.76065511331177,272.32475718910683,262.79085507522376,266.29,271153247.5496639,16933273.99999985,46,0,11197550.000000177,72463916966,613241444.5818126,3,26,267.24340431411446,1,21,135486031216.03334,0.534844193,0.15425531914893612,2.0447022791023453,2.3989401901215177,0.016669788349878194,-0.013461538,12180112183,0.5587325568617209,54.88950978
2019-08-10,0,0,264.71742056074766,272.3242429906542,264.71742056074766,271.31,240848004.1281191,55710227.99999911,61,0,15208060.000000041,64812267784,534027625.4,3,20,269.1002901129424,0,17,1.36805E+11,0.47375745845719336,0.8666666666666647,2.196958655536694,3.033470306857619,0.024208566108007486,-0.011310085,14181368634,-0.030511328,58.329422806194316
2019-08-11,0,0,269.7942641509434,276.5898339622641,267.76573584905657,268.78,323585724.3842548,-48083141,7,0,5441649.999999922,87400021729,488373021.63890874,0,5,270.0985091209195,0,14,125319964546.83333,0.6974149892640429,0.11494252873563336,1.8706574876919044,2.689599358723028,0.022735607,-0.019408329,8712987766,-0.093737411,59.759615384615316
2019-08-13,0,0,269.79142534787513,271.2620928920647,260.66314403911247,269.69,354859182.1869554,78187221.99999955,7,0,44350830.000000425,94532547666,664147519.2,16,4,266.39453735819103,1,31,118627772478.03334,0.7968837793317317,0.009569378,1.8729343261363607,2.239211544,0.027673897,-0.02504817,12905983512,0.2505749856298783,60.14285714
2019-08-14,0,0,267.7658391997036,277.1477862171174,267.7658391997036,273.75,397212406.77260274,47903152.00000008,3,0,14440766.999999864,1.08473E+11,548721584.6988868,18,12,273.08477718345466,1,19,1.16094E+11,0.9343482562008862,0.637837838,2.4210638931198725,2.656855397006227,0.016942841,-0.011111111,13044502454,0.5753184953549415,63.289473684210506
2019-08-17,0,0,273.74753095153875,286.73,270.8061903077468,286.73,1359080708.4644089,48463924.00000182,1,0,24500400.00000039,3.88465E+11,5240651660.6536255,15,3,285.82908779708646,2,22,124285596158.43333,3.1255818143866296,0.8152866242038255,4.391772773419633,1.1936012114000545,0.030088496,-0.01104662,1.05348E+11,-0.18816856,80.01529929240768
2019-08-18,0,0,288.40780604982206,292.5156014234875,281.4600533807829,285.01,468669647.3106207,-52729116,1,0,15560128.000000156,1.34604E+11,816833376.6526527,25,12,287.2045158,3,33,1.25268E+11,1.074528863810078,0.30733944954128445,2.520806553422833,2.0493464952614513,0.017220386,-0.032246442,15645924873,0.4572602733941336,76.92453545695858
2019-08-19,0,0,289.06451612903226,300.7285229202037,286.5288624787776,298.7,1058143449.414128,147864494.99999446,1,0,61107089.999998614,3.13023E+11,1905484016.1242714,2,1,295.8223691582782,1,20,130699815420.56667,2.394972794014699,0.6785714285714306,3.148334309078307,1.5955767905838663,0.025862068965517043,-0.007826087,55586397596,0.7943580046686868,82.37437376650972
2019-08-21,0,0,298.1957788944724,310.3670351758794,294.0879798994975,302.76,736921214.4272692,101422976.99999641,0,0,108754001.99999918,2.23075E+11,1301555036.6029224,34,21,302.7117478811793,2,24,131370730833.56667,1.6980548669749955,0.2803738317756969,4.475622707012432,1.208845883462096,0.022875816993464117,-0.018169352,29919139595,0.6373946578141633,83.01638385020473
2019-08-24,0,0,310.6171479849894,317.6662555066079,306.3572556697667,310.82,727753165.2435493,89565505.00000235,2,0,52189483.99999973,2.27784E+11,1282095995.269426,10,8,312.99574791099684,2,18,135609844228.73334,1.6796984580691425,0.017937219730940555,2.342591764,1.8869416850668468,0.027866752081998764,-0.009803922,39539865153,-0.04835315,84.86316616472432
2019-08-25,0,0,310.8139219299715,311.8788741832803,297.3752387334562,302.7,1396933687.2877438,-267964698,0,0,24806004.99999977,4.19556E+11,4044776952.109299,8,37,300.3407680099699,1,31,145144705883.56668,2.890605853964545,0.5594405594405588,3.3129859766637852,1.5447230429602894,0.014122394082044368,-0.021316508,93153650976,0.3283145499983195,75.97069597069591
2019-08-26,0,0,303.7707495429616,311.3776965265082,302.7564899451553,305.14,655004124.6214852,1861155.0000001038,1,0,17442000.00000027,2.01614E+11,1100102502.9435189,18,2,307.8051444859355,0,23,1.48678E+11,1.356045475444806,0.15882352941176323,1.7157399884365967,2.8646609307509077,0.016393442622950734,-0.016472546,20976625752,-0.081199573,72.24259520451335
2019-08-27,0,0,306.81402125471374,311.3781967775112,294.28789509770314,295.86,681662200.4258771,-102652328,1,0,22623200.000000954,2.06403E+11,1276719626.7576294,4,5,302.7939249984039,1,28,150333038143.03333,1.3729728058420474,0.6409495548961389,4.443026420736217,1.481425855542564,0.012952943105427134,-0.019933555,28625291255,-0.150633904,64.95054527009893
2019-08-28,0,0,291.50155870445343,306.81705465587044,289.57444331983805,300.63,627740534.7170941,-2601424,1,0,29566791.000000186,1.88668E+11,961068809.2804762,13,4,300.55171461570166,2,17,1.45759E+11,1.294384559657672,0.5294117647058829,3.601127058183208,1.4417898075728615,0.035353535,-0.014873141,23639407944,0.24471795519943337,71.46139119336311
2019-08-31,0,0,304.2246995192308,306.7096153846154,290.5830185439561,295.35,572264623.0438462,-147247144,0,0,11378219.000000222,1.70355E+11,997390382.6833448,3,18,297.68652477919744,1,18,145783324325.36667,1.1685524916950856,0.5503144654088061,4.202399725997102,1.6477967748932718,0.018036072144288557,-0.025510204,16546105285,-0.499701947,67.52291365171249
2019-09-01,0,0,301.2358208955224,315.7904809286899,301.2358208955224,305.8,781325537.0503597,397403435.9999995,56,0,143730596.9999995,2.41872E+11,2211169158.2220387,18,19,309.56679280074565,1,25,148786531248.13333,1.625633977813664,0.31358885017421606,4.056111514025953,1.6167068217900962,0.041935484,-0.013039935,71422760725,0.6584306868318807,69.51895868704018
2019-09-02,0,0,309.3431422,312.99440554709963,294.0788331,299.86,738271947.3087441,-110784503,0,0,111283949.99999887,2.22258E+11,1488190930.8808138,1,25,301.0523404461038,3,17,1.49671E+11,1.4849816255192692,0.5013404825737268,4.664400161857026,1.243981286051785,0.023569023569023597,-0.02512391,31557110993,0.6256374716720898,66.93548387096777
2019-09-03,0,0,297.2287393554851,308.8420103523126,297.2287393554851,303.72,377512706.7298827,102504241.00000477,11,0,80662806.00000115,1.14452E+11,1001890238.3731754,4,7,303.1737155297728,1,13,1.49943E+11,0.7633048715154966,0.5589519650654996,2.164963153277635,2.026183507720224,0.024916943521594657,-0.011408139,18080937016,0.11379051840343168,67.96536796536799
2019-09-04,0,0,301.74572864321607,306.56351758793966,299.81861306532664,302.76,285488905.9651209,-95918,1,0,6416025.000000183,86422810034,532400785.54529446,8,12,302.7186283888683,0,18,1.49697E+11,0.5773181181937798,0.15037593984962563,1.110239091216393,3.488651038064156,0.013101160862354974,-0.008072654,7839335123,-0.30847513,65.83342429865735
2019-09-07,0,0,303.76572715143425,309.3440627084723,302.7514843228819,304.07,1002782934.5874306,-233463254,1,0,11045503.999999704,306593746118.99994,10275659221.73532,14,3,305.7428836731651,0,21,1.57807E+11,1.9428395204594389,0.046153846153851326,1.357654619699476,3.2326784054018853,0.015901639,-0.009034633,154023305037.99997,-0.001286952,60.84563422566924
2019-09-08,0,0,306.6583680884676,321.01,304.8834312796208,321.01,1589234791.8756425,445232786.9999989,6,0,235441395.0000005,5.08329E+11,6420619158.810563,25,4,319.85754142914374,1,23,1.71276E+11,2.9678919996837445,0.8899371069182366,4.004525283848451,1.1203286364472884,0.031437598736176915,-0.004762661,1.46501E+11,0.7119534073632389,68.91551071878942
2019-09-11,0,0,329.37947749924496,335.82,324.5617638175778,335.82,608502919.3734739,40694859.00000049,44,0,40722000.00000007,2.02125E+11,2402047758.1813226,18,0,332.1673638478375,2,14,175000822672.93332,1.1549934882292519,0.5720720720720719,3.0022920620874154,1.5427308249860168,0.019933554817275777,-0.008171446,83385276140,0.8773121782184935,69.27710843373495
2019-09-14,0,0,348.75,348.75,348.75,348.75,183208899.9139785,0,63,0,0,63894103845,1699738489.4032207,0,0,348.75000000000006,0,3,175016091966.16666,0.3650755946336165,1,0,inf,0,0,31633512300,0,71.86875891583453
2019-09-15,0,0,353.97880886426594,366.15,350.9360110803324,366.15,2549785543.0834355,433004839,20,0,196093099.9999957,9.2518E+11,9802715360.692575,22,2,362.8460416,1,10,2.03829E+11,4.538998196388382,0.8,3.7847376489173796,0.8851355931265108,0.026388888888888937,-0.021398003,3.22805E+11,-0.88655837,74.16368242
2019-09-16,0,0,370.2529873308379,374.76641232363954,351.9457241577887,352.25,1189519428.7182398,65434894.000004865,59,0,521470744.0000014,4.30593E+11,2922279599.674357,20,15,361.9889930709102,3,14,215550750712.63333,1.9976406429409996,0.7888888888888896,6.114317715051829,0.6595275360251526,0.026531462703153257,-0.043829787,82176957209,-0.036613181,70.59948449
2019-09-17,0,0,351.6397889182058,363.6079155672823,345.4528759894459,345.96,777904756.6077003,-19672565,0,0,52208820.00000237,2.73994E+11,1518794847.3772519,10,15,352.22009248771803,3,23,222567430118.63333,1.2310592128100475,0.31284916201117363,3.721507379,0.7591415924917173,0.021337126600284504,-0.021428571,34924671254,-0.131421968,66.44376409925879
2019-09-18,0,0,339.7773913043479,354.2306086956522,334.60466086956524,349.92,1012408652.2633744,36214064.99999413,0,0,75363297,3.43999E+11,2198630274.0676103,10,20,339.7831741865732,4,27,232134606126.13333,1.4818963496251976,0.5167958656330726,5.371592487450977,0.7022461171811234,0.02640118,-0.026880097,50920148144,-0.103199669,72.75252525252526
2019-09-21,0,0,347.3821600349803,354.27909051158724,343.3251421075645,347.94,472809899.86204517,-2286591,3,0,35807199.99999994,1.65132E+11,1120355767.5377088,12,11,349.2556068880569,2,24,232039358669.96667,0.7116530120817529,0.050925926,2.353366334001972,1.2209869100710913,0.018334055146528153,-0.014471353,20652822376,-0.436508272,70.39048358
2019-09-22,0,0,352.1455813953488,362.4908720930232,347.88575581395344,348.9,370551712.46775585,-29894645,0,0,27638240.99999994,1.30712E+11,744262193.7224857,14,11,352.74995651079104,1,21,2.32758E+11,0.5615798216413338,0.2222222222222222,3.6074345695227485,0.825614125,0.030562176,-0.019,15631465478,-0.581549376,73.97260274
2019-09-23,0,0,352.4021379211057,364.9788727325079,348.0915634897783,352.25,375847498.0099361,-2300464,0,0,23874049.999999903,1.33614E+11,714071120.4473779,18,22,355.4997193528417,2,26,235013267479.53333,0.5685367532436698,0.009009009,4.235820654854872,0.777862736,0.040200306,-0.018041612,18771655146,-0.136029617,72.20575580839466
2019-09-24,0,0,353.47224184206806,373.25045910439326,349.92230541036866,359,882109575.8,383695465.9999907,0,0,189295287.99999875,3.21951E+11,3114814435.4575925,15,16,364.9781754449508,2,25,243329495031.66666,1.3231061178510302,0.2369565217391316,4.657746371163328,0.5402463815383257,0.039367895758247784,-0.013793103,1.12415E+11,0.6670084133254055,78.05502846299807
2019-09-25,0,0,360.57146853146855,369.69986013986016,356.2608391608392,362.6,601730216.6298951,29287288.000003666,0,0,22434560.00000063,2.18374E+11,1429135965.4095144,5,20,362.9095036543836,2,22,248448206580.56668,0.8789502538839454,0.15094339622641556,3.029607590166827,0.9961052917619614,0.018065592,-0.01514937,36846438000,0.2560492480628189,78.00076089024155
2019-09-28,0,0,367.1643347050754,380.2483676268861,365.1358024691358,369.7,725086056.7757642,376430512.0000025,0,0,171912590.0000023,2.68875E+11,2077403091.4204242,13,11,370.8183135441959,2,22,254497378814.53333,1.0564949234465184,0.1677852348993306,2.9015483296810136,0.5730527966293857,0.035518761,-0.017527174,52973925945.00001,-0.226416649,80.07728253055355
2019-09-29,0,0,370.70684357541904,370.70684357541904,354.9353212290503,363.1,699719607.3808868,-239413270,1,0,91206850,2.52272E+11,1647384827.134236,3,5,360.5335103,1,17,259755372769.03333,0.9711921012902898,0.4823151125401942,2.9509379481065436,0.7316023083396261,0.011644219977553364,-0.029852878,35259783080,0.6657185182033892,75.31955048468733
2019-09-30,0,0,361.0748124330117,378.52,361.0748124330117,378.52,596237933.9321569,291710744.00000584,17,0,124074024.00000304,2.23477E+11,3378505903,18,2,374.8112504,1,11,2.63589E+11,0.8478230162134934,1,5.979690663,0.697658982,0.036564054,-0.010384507,1.24738E+11,0.8170477358596191,74.99348109517601
2019-10-01,0,0,391.9032263178755,393.526014,370.7562742766548,383.84,1844329419.482076,-660147729,17,0,167645960.00000325,7.20571E+11,15147932998.316925,4,11,390.69555227251686,2,12,274659056967.16666,2.623511888061054,0.3541202672605789,6.182965968335658,0.456468615,0.030927835051546414,-0.030760928,3.1923E+11,0.6129315552503535,72.74535809018568
2019-10-02,0,0,385.3128734193064,410.2126655815701,380.39376987604857,405.04,1676088809.7792811,211618243.99999988,0,0,182134759.99999928,6.79038E+11,7012494257.786491,21,15,405.13223935157737,4,20,2.92807E+11,2.3190633335667963,0.6615646258503383,8.720395039,0.34855990808975157,0.037896071,-0.02489019,101708545065.99997,0.24889069377222653,74.72546780286393
2019-10-05,0,0,413.3059047619048,423.44838095238094,395.5565714285714,399.36,781284713.0408653,-117379362,1,0,70378049.99999967,3.20728E+11,1966253522.5549605,11,19,410.51394085733784,3,27,293063701570.43335,1.0943977871135908,0.5,6.197820056463234,0.20824048631573652,0.038323353293413194,-0.022822086,57181966286,0.510371057,66.26187445
2019-10-06,0,0,403.1127965,405.5469912845775,390.4854111405836,401.49,495444396.8467459,-107117144,1,0,36500000.00000047,1.97122E+11,1457988883.8931227,3,22,397.86943051850704,2,17,292198617275.6667,0.6746170870515467,0.10774410774410602,3.6747707276385686,0.42103919197539713,0.018987342,-0.014977405,31840409674.999996,-0.293130377,77.25260128403806
2019-10-07,0,0,403.6712981744422,410.7710446247464,393.0216784989858,400.02,544603831.5684216,-13671221,0,0,49026822.00000132,2.18533E+11,1334376015.8232293,2,8,401.2702348928378,1,29,2.9189E+11,0.748683077,0.20571428571428763,4.381075642677056,0.37868670873129007,0.014589515331355048,-0.023458531,24559278885.000008,0.2529448366315382,81.60664172123478
2019-10-08,0,0,395.61176642724126,403.6751263633945,381.26,381.26,487210057.4830824,-79742753,13,0,48554291.999999456,1.89243E+11,1927994841.0506938,0,7,388.4209838147094,1,15,2.84213E+11,0.6658474685665982,0.6402714932126694,7.167628296671877,0.356389572,0.006369427,-0.025165563,50184315568,0.8129206910830101,65.62001595
2019-10-09,0,0,372.7421546,379.8420051623421,369.0400896617308,373.3,796918877.2595768,125711773.9999997,1,0,126370593.00000039,2.95573E+11,3599836559.8494797,14,28,370.8941903,0,18,2.87345E+11,1.0286326834508708,0.051643192,2.6984304449886616,0.8568590965350984,0.019871106337271842,-0.027758692,85430521212.00002,0.48967972199979987,61.928504233301986
2019-10-12,0,0,373.3951478494624,384.8561424731183,369.1860215053764,377.3,309747076.80890536,5426768.000002997,0,0,16339189.999999791,1.16044E+11,644219472.8870373,19,26,374.64217035240046,2,25,284333157973.26666,0.4081279789637149,0.24919093851132715,3.792313380552588,0.6392493579078513,0.019202754602039445,-0.01578446,12974801841,-0.410868987,62.98701299
2019-10-13,0,0,376.2856532269554,381.5597378543952,355.95,355.95,550794664.3264503,-198048691,1,0,42274254.00000039,2.00424E+11,1729527641.2886367,2,41,363.88061641281814,1,30,2.84725E+11,0.7039195992814423,0.7940594059405932,7.158424969419226,0.39114476000964643,0.011884096675123582,-0.021446247,50911558188,0.4445237930186495,51.452803518140406
2019-10-14,0,0,354.9882697947214,357.5239002932552,345.7078622,345.9107126099707,543736577.8638755,-90946947,1,0,27728379.000000134,1.88605E+11,2055591092.423467,11,18,346.86903290184273,1,28,285333322038.5333,0.6610001929306015,0.7682403433476344,2.5862505577342647,0.808068747,0.022222222222222258,-0.034179258,34599666157,0.34309102105123973,44.98991089534628
2019-10-15,0,0,349.4093105570945,364.1159433671899,329.53,329.53,1191490084.5264468,-533538783,4,0,62274659.99999977,3.97643E+11,3700985616.064165,11,20,333.73584541917666,2,22,290525672372.86664,1.3687015932886537,0.5747800586510269,10.18033866532305,0.27607085980328566,0.03838043,-0.057164751,82370977321,0.9073518256501931,38.47012063314969
2019-10-16,0,0,330.64729688915736,344.8468740561764,324.81532769556026,335.82,584305860.8302066,507401643.0000005,1,0,172451838.00000042,1.95449E+11,1742146281.8742988,11,27,334.4969531322147,4,28,289632006790.26666,0.6748167521641749,0.2582278481012653,4.962173458760149,0.5538730179772418,0.037987988,-0.026521061,66369857571,0.079040656,38.12061711079944
2019-10-20,0,0,335.3160746768789,344.49517472474867,317.82,317.82,1373691320.4172173,-85126690,14,1,108959714.99999891,4.38768E+11,5098115901.522048,1,35,319.4077746773106,1,14,3.00443E+11,1.4604047061989405,0.6558935361216733,6.264388655639893,0.4378320736070642,0.013070866141732331,-0.046761453,105029411307.00002,0.7696890121999117,35.29870129870129
2019-10-21,0,0,319.4877495462795,335.31,311.37377495462795,335.31,536544840.1180997,245996676.9999988,35,0,146753961.00000048,1.75704E+11,1496822917.5495584,14,2,327.47329499865384,2,10,303418575272.36664,0.5790815758404952,0.661016949,7.261572000751484,0.49846585445200875,0.040123457,-0.03639909,37705028654,0.3259130002015463,36.15685269430385
2019-10-22,0,0,343.78,343.78,335.8688508629591,343.78,995765097.5274886,134028013.00001414,48,0,350132315.99999976,3.41755E+11,8658167134.718748,2,7,343.2081629378115,1,11,3.04591E+11,1.1220132910902072,0,1.570202188769477,1.7611224251195283,0.022569700545803154,-0.011791045,1.68791E+11,-0.145965624,37.41992212033665
2019-10-23,0,0,356.9678014285714,360.3655628571428,344.4417257142857,354.99,593690351.8,153476973.99999994,1,0,98391852.00000025,2.1028E+11,2223239245.3217525,19,9,354.1914327072524,2,24,2.94656E+11,0.7136467117137844,0.12420382165605054,3.2306443166899634,0.8749462851645186,0.022988505747126374,-0.02189781,36735489647,0.4108258132468101,33.23058366280239
2019-10-26,0,0,354.9905810752065,356.0048398782785,339.77669902912623,349.97,358425067.54578966,8836820.000000525,4,0,37840308.000000045,1.25878E+11,933802280.5860556,5,6,351.19784716764764,2,22,292114094212.76666,0.4309210496406735,0.30937499999999774,3.9817988461218534,0.9070650088321157,0.016269610691458616,-0.032448378,27145700700,-0.698812613,33.37820555966884
2019-10-28,0,0,354.8875248618785,367.6671270718232,351.2362099447514,367.16,438017495.69669896,179023591.99999988,2,0,113511089.99999984,1.59555E+11,1365279659.3160841,17,2,364.2671048315445,2,21,2.95303E+11,0.5403110415681603,0.7469135802469149,2.611398190819133,0.9352762862400353,0.029166666666666622,-0.013239437,35974659483,0.6696928705838079,39.50986982827111
2019-10-30,0,0,368.9309797297297,382.1668541,368.6774189189189,375.27,416510558.7976657,15791551.99999892,20,0,23140404.000000134,1.56754E+11,984454768.6398203,22,12,376.35054186501094,2,26,269688615697.26666,0.5812406062848456,0.46992481203007647,3.1172606975282218,1.1935759209500074,0.026104417670682688,-0.011952726,30417786653,0.2659072474172714,42.732131320843365
2019-11-02,0,0,374.5161838440112,383.8981058495822,357.5272980501393,364.12,479254312.42447543,-232644506,2,0,53259899.999999866,1.7586E+11,1241246629.254808,9,13,366.9442817120468,1,21,261197505336.93332,0.6732821938829346,0.39423076923077155,4.717022419196105,0.6307600370152634,0.026657824933687013,-0.033205269,23682215394,0.5310759146148637,44.73134144842002
2019-11-03,0,0,364.9751507173884,385.26,361.57743846255096,385.26,2262938144.645175,911909227,21,0,533201087.9999961,8.6917E+11,11729871701.297384,17,2,384.08917797896083,1,12,281036717552.76666,3.0927277380785916,0.8565310492505365,6.122318821604235,0.9850669485835084,0.03948959,-0.012933333,3.31272E+11,0.5895183309252121,53.40081892629663
2019-11-04,0,0,387.4446919876527,390.2338880687156,376.3386203194202,377.86,994451542.4,-1080144,0,0,93954059.99999714,3.82819E+11,2486008638,14,2,384.95537813037936,1,23,282330719023.26666,1.3559256707147482,0.6897810218978105,3.496607554490866,1.914300692024632,0.013645224171539762,-0.018730629,55597650924,0.7535907308589166,50.15621513055121
2019-11-05,0,0,377.3067321359349,403.8804858508851,372.99610414782273,392.47,718077136,391832340.00000685,0,0,168549066.00000203,2.82133E+11,2276786436.8988304,8,4,392.9009299746407,2,19,2.86231E+11,0.9856842785649231,0.4909688013136291,5.241892855700562,0.9475076016723717,0.026748713,-0.014007386,64628651049,0.4640692591575313,60.58550724637683
2019-11-09,0,0,405.7014253563392,412.4969242310578,400.63015753938487,405.6,1346275654.6153843,354979182.0000033,1,0,654299151.9999993,5.52607E+11,6799603868.445456,33,22,410.4710960088434,2,36,300293945990.76666,1.8402210595913624,0.008547009,2.954558179409474,2.572763879526263,0.028645193016965716,-0.01675,98975125400.00002,0.3138023931229345,66.99670970713971
2019-11-10,0,0,403.42356603773584,410.4727018867925,390.4916981132076,403.17,545346968.5244437,161842628.99999923,3,0,130789567.99999999,2.19212E+11,1914178991.0545993,9,14,401.96856530279655,2,28,303147234606.36664,0.7231216831472826,0.012690355,3.1506433425616827,1.5660766734219138,0.045218681,-0.016834171,54216662804,-0.222226975,72.77901509527348
2019-11-11,0,0,406.2069926709119,422.08,403.1642436621411,422.08,1314630036.3485596,468365813.0000013,0,0,112858728.0000008,5.51522E+11,4851210686.3938265,28,11,419.5261954632307,3,24,310799601075.06665,1.7745252429001424,0.8391420911528166,4.846018334611605,1.6542708291678343,0.035203653,-0.018976494,1.26042E+11,0.3644623151089472,74.75037300585333
2019-11-12,0,0,425.88982503037664,430.5554434993924,415.8486027,417.37,568444248.4126794,-78081976,0,0,28624140.000000626,2.40883E+11,1123556288.0672865,14,22,423.7582820683651,1,29,311549912538.6667,0.7731761379618549,0.5793103448275851,3.041718689470796,2.275941150538146,0.014719848053181259,-0.018936196,26050652531,-0.436390325,80.92191091507738
2019-11-13,0,0,417.8684878,434.0456780487805,413.3043902439024,415.84,600573785.5906118,-26245492,0,0,31562871.999999985,2.53052E+11,1451586797.3036811,19,29,421.35014750293436,2,31,311022468018.56665,0.8136127745275751,0.097799511,3.8999636242470803,1.6687516215518345,0.015015015015015093,-0.016870619,32780868623,0.065410271,77.76705054823806
2019-11-16,0,0,407.48056118571066,416.304658,400.33,400.33,1213634302.7652187,-2963531,1,0,161053110.0000015,4.89084E+11,5456356020.783546,0,25,402.99144639339914,1,11,3.18916E+11,1.533582324417991,0.4476190476190486,4.088599515244034,2.1699062130588205,0.016770719,-0.020408163,87580715470,0.6820011070554194,68.59585662610985
2019-11-17,0,0,382.8350198150594,395.5133553500661,382.8350198150594,383.9,2180739098.0984635,144978604.00000423,1,0,76223400.00000003,8.35588E+11,8399998506.187899,14,20,383.1673528220808,0,16,339319908638.86664,2.462537582206249,0.084,1.0921971390518908,2.7701739679938937,0.018335500650195232,-0.017061235,1.54293E+11,-0.089752066,59.19119984739619
2019-11-18,0,0,385.4138598528843,400.62756484707705,385.3631475029037,392.97,360633396.14474386,91513527.99999806,5,0,81192549.99999982,1.4182E+11,1122156427.2896764,10,7,393.2537580104726,1,26,320028213211.56665,0.44314979880928274,0.4950166112956829,3.5695996307547473,2.399475328237684,0.021227914071437887,-0.012466264,23868488435,0.47662307528449543,63.32754773121746
2019-11-19,0,0,398.2979263197873,406.7162425623496,396.62440562096464,400.58,225465042.8079285,16876882.000001524,1,0,20126679.999999292,90612350332,622127215.7194456,12,25,401.890906,0,22,300414037794.0333,0.3016248874299432,0.22613065326633458,2.1351934550995297,3.715928693,0.010050251256281336,-0.007840162,15792598032,-0.41357098,61.012257809410826
2019-11-20,0,0,400.6284987277354,405.6997455470738,393.5794656,398.6,201043438.88610134,-18645328,8,0,25803467.99999979,80024334004,515726261.0452346,0,10,398.0449919051415,1,23,2.92391E+11,0.2736898562749418,0.1673640167364028,2.6093533814187992,3.094033039344507,0.012659830358273418,-0.013470173,8718775043,-0.323401459,58.01112560950486
2019-11-23,0,0,405.6481986,405.6481986,395.04931454196026,395.81,247183172.77228975,-58886471,3,0,3897474.000000049,98550650270,728470890.0836555,9,22,398.6948187641676,1,13,289104855719.5333,0.34088203058618305,0.9282296650717677,2.2056211308308837,3.757272523995043,0.013801756587202127,-0.011933477,21298195654.999996,-0.186305911,61.54462659380693
2019-11-24,0,0,398.09594257178526,408.2385143570537,385.41772784019975,406.21,457022942.3204746,115928925.00000146,1,0,85507789.99999972,1.83352E+11,1317811894.1330597,18,9,401.1876786908206,2,16,287932144583.56665,0.6367888295458644,0.35555555555555474,6.340647583213044,1.717257251909563,0.021015318,-0.02014723,34647636792,0.048112744,58.27997786736226
2019-11-25,0,0,406.71615699494345,421.22,406.71615699494345,421.22,1086064219.980058,1322515705.9999921,1,0,1271837407.9999945,4.56515E+11,7374779777.370085,20,23,420.3390373318647,1,25,2.96841E+11,1.5379103093873572,1,2.7738343881218617,2.575996202,0.03443294,-0.010781671,1.88409E+11,0.40890998995016475,66.16462869072473
2019-11-26,0,0,425.99197958439663,431.0633126746871,413.3643601895735,417.32,294508243.3767852,157816990.99999934,0,0,91067200.00000054,1.24181E+11,902009291.2,6,15,421.6564094748482,3,25,2.91128E+11,0.42655192393439917,0.4899713467048718,3.3474081591921117,1.9125632278177003,0.032705882,-0.014302885,18623309803.000004,0.096221356,60.06806579693702
2019-11-27,0,0,431.0581818181818,431.56530909090907,415.3372363636364,418.38,280264359,-286982733,5,0,13342041.999999983,1.1821E+11,1202599825.5217047,16,20,421.77876671635454,1,21,291200362056.13336,0.40593890351074935,0.7812500000000038,2.7004890274354527,1.9883020412577501,0.012022378288298975,-0.017600964,12680984567,-0.774024749,55.73917729477275
2019-11-30,0,0,420.9671282113135,428.21906163309615,419.24289229284767,420.46,291694736.5575798,14207330.999995455,1,0,15015672.999999765,1.23942E+11,668384621.1929483,16,11,424.9028399198906,0,26,2.88651E+11,0.4293833460974309,0.056497175,1.958871029,3.081872472577615,0.011666666666666605,-0.006265815,12682112067,-0.194223881,57.78899
2019-12-01,0,0,416.40099904511817,433.7447015994271,415.5895977560277,424.87,539647473.9284958,138894609.0000029,0,0,21689771.999999937,2.28781E+11,1213826941.1751525,11,34,423.94458192778234,1,21,289990150782.36664,0.7889254931788925,0.4664804469273727,5.298913959565696,1.2484818212220574,0.017568682938332674,-0.011550152,30346788833,0.7048594502749375,51.44574567312676
2019-12-02,0,0,426.0375772,431.0581367063974,412.9536949647288,416.96,523373701.3382579,92623252.00000177,2,0,86999999.99999824,2.20639E+11,1486512618.7152379,7,52,421.5706761666276,1,20,284090019265.4667,0.7766517307840543,0.5014005602240895,3.9271112405098485,0.8675912829607328,0.020853080568720445,-0.015615543,46257057684,0.23450146875600975,49.79436252382384
2019-12-03,0,0,424.51554022988506,428.3697011494253,415.89439080459766,419.14,377539655.03173167,119722240.99999847,8,0,68744279.99999867,1.59775E+11,1153806438.897497,0,19,423.20143869011883,1,27,282900912433.0333,0.5647748669238425,0.4308943089430897,2.4634038318578098,1.2590673421166223,0.013981836,-0.024265333,20939446334,-0.298173173,51.644409009368154
2019-12-04,0,0,421.4198665048544,426.1361177184466,416.8557524271845,418.37712378640776,292145278.8666332,-59352046,1,0,4948328,1.22959E+11,757571630.1667211,0,7,420.88392169134437,0,19,272373964530.53333,0.45143540383874015,0.3278688524590189,2.246072916741329,1.6037250922950697,0.011133724410391304,-0.010626736,14374135947,0.032678086417714455,60.54242162710607
2019-12-07,0,0,418.9337338129496,429.5325899280576,413.9132230215827,422.94,691992895.0205703,270874619.00000125,0,0,245753615.00000137,2.91912E+11,2309482535.4345107,14,7,421.84249896571924,2,22,2.76248E+11,1.0567043945905552,0.2564935064935095,4.311447233461526,0.7305034868531305,0.029585799,-0.014285714,77940850493,-0.244193192,76.47650157
2019-12-08,0,0,423.4545877,442.77628803716607,419.3975377,436.64,580829152.6429095,319647891.00000083,0,0,93876625.00000039,2.53156E+11,1934982749.141831,9,17,435.8527127350284,1,18,273294269776.16666,0.9263127325074897,0.5639913232104112,5.5057121084694804,0.6431025416861332,0.026834043533340995,-0.014457831,64416147047,0.7195996332645804,77.86649266
2019-12-09,0,0,442.7212013742657,457.58,442.06193727141743,457.58,1045131735.556624,170798923.99999657,4,0,31482608.000001453,4.74778E+11,5500716786.491657,46,3,454.2760944917044,1,27,2.82111E+11,1.6829494911142375,0.9575163398692808,5.356878774540183,0.9967575819608041,0.014524891894888587,-0.008142202,1.15221E+11,0.11435702877945367,81.08443705322077
2019-12-10,0,0,466.5091104,476.195298,456.4679315673289,459.46,1093712745.0920646,-12709017,0,0,87543280.00000353,5.09738E+11,2444853989.629809,22,12,466.0620551999623,3,32,294906210590.76666,1.7284749912688329,0.35732647814910484,3.8999327030965105,0.6213131728946155,0.014384656,-0.015151515,49195940633,-0.157945616,83.22569198106814
2019-12-11,0,0,457.0229118854616,488.8704916,457.0229118854616,481.72,1050745751.3472557,1277764174.000003,0,0,1377498420.0000014,5.04843E+11,4706171881.0926485,25,12,480.4620113073927,1,29,3.06416E+11,1.6475762567002055,0.775477707,7.165269723,0.37617204190582804,0.034303534,-0.014232999,1.31529E+11,0.40681276061263016,88.67877085
2019-12-14,0,0,487.549975,493.93975,472.133375,486.84,463727996.0561992,120405739.99999845,2,0,93874263.00000034,2.24335E+11,1451723735.0881743,16,12,483.7640339506543,4,19,3.08669E+11,0.7267826754081813,0.03255814,4.1797980986287815,0.7423818029650232,0.015845251569091497,-0.022705771,27559760502,0.5184774742213413,88.11364993858362
2019-12-15,0,0,496.1265997207604,496.1265997207604,468.8429330898937,472.19,598399665.1,-232228072,2,0,22883923.999999728,2.85926E+11,1704015594.7393572,0,31,477.8179460042197,1,22,312337393024.13336,0.9154398584447023,0.8773234200743496,5.833283431799386,0.6152150773323585,0.011689692,-0.016129032,43490145947,0.3290861278893754,74.17570373801928
2019-12-16,0,0,473.29766616150687,479.2310023814679,468.37857544923145,468.48,376813421.5078552,67413681.99999811,0,0,36864817.00000004,1.78273E+11,1200481116.8030162,6,16,473.10598784041366,1,22,289307480831.4667,0.6162048955721648,0.44392523364486214,2.9418623984494525,1.406370459897075,0.015873016,-0.010810811,27826031007,-0.472683895,74.30963847723609
2019-12-17,0,0,489.3785831062671,491.3056697547684,464.1236054495913,465.29,521605168.4970663,12475896.999996226,1,0,144203876.99999914,2.47684E+11,2192491650.5284486,5,7,474.85044100247075,1,17,2.84803E+11,0.8696694265604435,0.8861940298507488,4.645569430797813,0.7550265166182295,0.004602376,-0.021164021,26914798647,-0.902151222,71.84792101933122
2019-12-18,0,0,466.5613186813187,468.0827142857143,451.14450989010993,461.49,442175465.77390623,-361233954,2,0,21243719.99999984,2.03434E+11,1867020500.087845,20,13,460.0747400467941,2,24,282179666254.26666,0.7209370014907089,0.29940119760479195,2.9032885487267728,1.324700426752181,0.017662450937636444,-0.03080036,53431292693,0.10393565099932169,68.80802978067484
2019-12-21,0,0,463.0541358365544,467.4153948094975,456.4108227498619,459.2,343755682.7743903,-20735278,0,0,11649415.999999858,1.58598E+11,811651370.7039813,8,22,461.3695645493939,1,20,2.69046E+11,0.5894842777852933,0.3502304147465433,2.0947692814518204,2.0389749342070904,0.013913043478260832,-0.012679162,16703610533,-0.278731167,66.04869267007021
2019-12-22,0,0,461.4884135472371,463.9733511586453,451.3458110516934,455.2,369405820.80843586,-57694225,0,0,8692170.000000214,1.6897E+11,1031891704.6333061,16,25,457.4088773268766,1,29,2.67371E+11,0.6319657949839244,0.49799196787148553,2.7166696058784776,1.8570981755556066,0.015276404000439635,-0.016759777,25751259321,-0.0002367,68.55486476
2019-12-23,0,0,456.4129715420251,477.2051180233841,447.2847121111846,459.76,598518188.6419002,113005070.99999666,1,0,58404159.00000028,2.77111E+11,1392991850.3599277,20,28,462.9952982494882,2,20,2.58224E+11,1.0731412738282307,0.11186440677966193,7.816808699589631,0.8791741727330029,0.026595744680851168,-0.022108655,39041351712,0.14327331029883358,69.26474275
2019-12-24,0,0,456.6672651173037,469.8525498402908,456.4137019,460.42,327079740.07427996,110888508.00000092,0,0,26339865.000000764,1.51035E+11,964067364.7883652,3,16,461.76916933069526,0,23,255229335615.06668,0.5917632450636058,0.2792452830188674,2.4043597458930033,1.919878899843707,0.019859686994063704,-0.015538291,29156017667,-0.039348662,69.95904295678858
2019-12-25,0,0,461.4884305308345,484.8671301434405,459.5613359857607,484.5628520573762,735533974.5127591,453203424.0000003,0,0,85599079.99999985,3.51605E+11,2251607542.4947686,18,31,478.02697956258817,1,30,258514443316.96667,1.3600984134216985,0.9118236472945901,10.22325422014073,1.0476961120996193,0.023130715438407817,-0.012103873,60837569983,-0.575907555,74.66831262951014
2019-12-28,0,0,490.8003138008325,494.2995100864553,472.7972024762514,475.13,580550786.0038306,-102393956,0,0,19712609.999999646,2.79861E+11,1627684328.836953,14,32,482.06083876898487,1,28,2.5154E+11,1.1125881901601185,0.7287735849056578,5.703537621431524,1.2330203173176044,0.012396694214876044,-0.013555787,26573011503.999996,-0.75060865,65.95298849641858
2019-12-29,0,0,477.2071276595745,485.52402127659576,472.3894149,476.7,411705112.2,-40584153,1,0,8160660.000000278,1.96606E+11,1517092113.2637892,6,28,477.5404452233442,0,33,230240922349.16666,0.8539135466841201,0.038610039,3.1869701155303707,1.8986354282376077,0.012879581151832267,-0.013575628,39453222683,-0.121807397,59.44051106302168
2019-12-30,0,0,479.18198355052334,481.7176062807092,471.6258278145695,474.77,379504406.76538116,-50602056,1,0,13979699.999999667,1.80299E+11,884722119.3520813,5,7,475.0911901,1,21,231523547748.03333,0.7787510256201642,0.4371859296482379,2.145789268,2.3427874719095305,0.011664899257688086,-0.00891323,18466676317,-0.277804896,57.55559078119793
2019-12-31,0,0,478.2166121291448,481.1579232111693,458.9459533158813,465.53854712041885,478929217.18108106,-105786380,0,0,9485104.999999946,2.24544E+11,1272106317.2668402,21,39,468.8450958215419,1,30,235987923227.66666,0.9515046857053533,0.5707762557077577,5.135157821170565,0.9984011609742612,0.011785057844091269,-0.011853803,22747566658,0.4292731836398114,40.835896504958384
2020-01-01,0,0,466.5613186813187,478.1239252747253,459.56289890109895,461.49,558897611.8659126,144755519.00000188,0,0,203812141.99999896,2.60411E+11,1840894497.6710262,8,26,465.9373951010483,1,26,242000822007.56668,1.0760760861913836,0.27322404371584824,4.103015967260098,1.0971856458339442,0.021019108,-0.012884044,44913012982,-0.423760761,35.46706682
2020-01-04,0,0,442.67,442.67,442.67,442.67,1606853475.0152483,0,20,0,0,7.11306E+11,17238368027.84237,0,14,442.67,0,3,2.62426E+11,2.7105006456868366,1,0,inf,0,0,3.14225E+11,4.2349728393243415e-14,33.84867727071844
2020-01-05,0,0,439.6787875164415,439.6787875164415,420.5601135955997,424.0592873,1683963769.2603333,-632163659,3,0,39416599.999999076,7.24322E+11,17111443906.569252,9,54,430.12905188224573,3,27,280458320129.3333,2.582635947979647,0.8169761273209583,4.786924047793198,0.9350675141811271,0.022677055471566617,-0.018175296,1.26427E+11,-0.535632805,29.103297481634783
2020-01-07,0,0,427.5049888309754,434.6047158103747,408.64,408.64,705896437.2,-522448263,26,0,28752384.000000924,2.93897E+11,5843367952,10,14,416.34610498675283,1,9,2.75038E+11,1.0685706326936149,0.7265624999999998,7.4519683385080695,0.9458802963799112,0.016337962,-0.038083538,1.41284E+11,0.6550709037051531,26.10021371296547
2020-01-08,0,0,408.0381423924829,424.4692085290929,408.0381423924829,421.37570533670646,2653294967.078414,432358302.9999954,19,0,461344652.9999999,1.08672E+12,18525153287.574898,10,15,409.5729098546486,1,13,307122269974.6667,3.5383879536271956,0.8117283950617294,4.919955467855792,1.554158137,0.019319562575941692,-0.011269995,3.45746E+11,-0.393109521,34.262906610471234
2020-01-11,0,0,417.72,417.72,417.72,417.72,27573994.422100928,0,137,0,0,11518208950,394128396.2802844,0,1,417.72,0,0,3.03566E+11,0.037943027,1,0,inf,0,0,8200493616.000001,-3.26E-14,33.89965492
2020-01-12,0,0,438.56,438.56,438.56,438.56,330872764,0,121,0,0,1.45108E+11,5216183765.212431,0,0,438.56,0,3,3.04271E+11,0.47690171722191965,1,0,inf,0,0,60804952800.00001,-1.00E-14,44.28795496045621
2020-01-13,0,0,460.47,460.47,460.47,460.47,1643590603.7744043,0,85,0,0,7.56824E+11,24640131103.574104,0,0,460.47,0,3,3.21873E+11,2.3513139782383043,1,0,inf,0,0,92358109840,-7.30E-15,50.21778190507902
2020-01-14,0,0,483.5,483.5,475.0816026851269,483.5,2970545332.8769393,255034563.99999914,8,0,290208359.99999785,1.43517E+12,18432139486.07173,23,4,483.13331058208587,1,16,362357210942.1667,3.960648105154053,0,2.0607556877916346,4.387219965390729,0.015523389972729267,-0.011502822,3.82222E+11,-0.290596053,56.22514813286798
2020-01-15,0,0,481.77146855943215,507.28,474.21526342097366,507.28,1835424851.2143197,2238707457.000006,61,0,1781843910.0000057,9.23826E+11,16791827498.761892,25,12,503.3306432485076,2,18,387825552469.63336,2.382064733,0.771472393,9.041043062567415,1.1476243214221113,0.032157998,-0.010330579,3.42542E+11,0.6158795466783191,56.13929639999677
2020-01-18,0,0,527.4111675126904,528.4761324,517.2179324482624,519.5,1760282383.8152068,41830933.99999419,1,0,104433319.99999978,9.27076E+11,6382959767.958041,20,17,526.6633266025593,1,30,4.14629E+11,2.235914926115439,0.7027027027027078,3.279921651952739,3.624075126,0.011611169753382678,-0.009658537,93910782960,-0.248821652,61.813010307244056
2020-01-19,0,0,519.5497333,544.1960163840731,509.7115050485807,532.38,874416138.4988166,-136050145,1,0,36834599.999999754,4.60687E+11,1810545594.6398365,32,39,526.8504898215845,2,29,4.20255E+11,1.0962065327652304,0.3720588235294112,8.926919659182845,1.183156168399314,0.028291103067250842,-0.021280788,52995264528,-0.241155689,63.98212182106621
2020-01-20,0,0,527.4082748,537.5507416081186,512.7524102263857,519.7,661263370.8524148,10969721.000000536,1,0,36798650.00000095,3.4648E+11,1962058588.713813,10,10,523.9669823498053,3,15,4.23366E+11,0.8183938036033956,0.31083844580777165,3.604663169112478,1.7444839554607956,0.037807183364839306,-0.029683698,66237952865,-0.083579461,60.704683594717736
2020-01-21,0,0,517.2739393939394,530.0029353535353,501.5021555555556,502.06,656681438.0751305,-161872332,1,0,42167663.99999954,3.37326E+11,1789643835.2397928,7,47,513.6836036964497,1,24,418784346463.06665,0.8054897238637582,0.5338078291814945,6.339954112480496,1.5262801067264145,0.019435136,-0.018708982,41479131120,0.811388022,58.36611992981592
2020-01-22,0,0,507.1263035921205,532.4826187717265,501.2943511008111,525.18,634951328.1389239,292175863,1,0,103314588.00000049,3.32155E+11,2043348551.856481,22,4,523.1189497367683,2,26,412864915200.86664,0.8045127102853974,0.5788617886178855,6.447915813545681,1.3947608020695774,0.032872797,-0.015587182,55836323529,0.5761866969770095,63.417380435064246
2020-01-25,0,0,532.4847645429363,549.22,532.4847645429363,549.22,1281168807.8729835,354742240.00000626,1,0,114901104.00000602,6.97235E+11,6103126221.5657835,25,18,544.2177740141522,1,32,419277962523.93335,1.6629417691305448,1,5.095777126751359,2.599316475,0.025745508427486484,-0.012385063,2.09314E+11,0.2869083443812004,71.96351012805165
2020-01-26,0,0,567.4228130232558,568.8427646511627,537.8066790697674,545.16,1004456881.4659917,-151164539,3,0,57923439.99999931,5.60359E+11,2736342370.3790836,21,38,557.8730964878877,1,31,4.30479E+11,1.3017121769974662,0.717320261,8.554341559,1.4457767812075677,0.028207461,-0.025575213,54361964272,0.5736870533470313,76.55592779627976
2020-01-27,0,0,549.7286474582492,566.9203459350339,532.4862360066066,552.67,597040837.8707005,334260258.99999464,0,0,162661199.99999687,3.31424E+11,1870612853.800311,17,10,555.1112946427554,2,23,4.31995E+11,0.7671936482150231,0.085419735,6.841905963590856,1.4676537857185596,0.037253141831238915,-0.014981273,41374106596,-0.364564453,82.71900883309468
2020-01-28,0,0,566.6626781519186,582.84,566.4598277212216,582.84,1990434028.721433,289145312.0000014,6,0,98868351.99999882,1.1583E+12,14724638507.285269,28,4,581.9355465692292,0,11,464663102081.6667,2.4927830706265603,0.9876160990712026,3.295407021992796,3.223897408,0.027502175805047824,-0.002880838,2.34405E+11,0.8368775088159861,83.98737348442377
2020-02-01,0,0,606.8315355245684,610.99,603.4844788,610.99,1992607399.4271593,143293477.99999845,3,0,77995576,1.2156E+12,13857705736.085154,32,5,610.0529561841752,0,12,4.96927E+11,2.4462274550570675,0.5540540540540579,1.4300957789865432,6.991530060329162,0.007055113,-0.008200837,3.06536E+11,-0.338475894,86.87936495821087
2020-02-02,0,0,633.4068032786886,633.4068032786886,611.3465983606558,618.7,72087072.89477937,-89599354,206,0,0,45392921027,2195594668.8911257,1,4,629.6957166405824,1,2,491658793708.36664,0.092326064,0.6666666666666666,1.5655910058097569,2.3793397525344804,0,-0.023606557,0,0.030116661,86.18722378465246
2020-02-05,1,5,661.1446141176472,682.0890588235295,632.9482188235295,646.8435647058824,1499647905.164014,-7564736424,65,0,199050170,9.76136E+11,13749404010.74379,14,5,650.9103425588697,5,24,518910057774.86664,1.8811281782699705,0.29102167182662675,9.482850916724528,1.0681283126322645,0.027237354085603075,-0.04296,2.91702E+11,-0.716997689,86.52470519132468
2020-02-08,1,4,651.1496187,651.4031816318163,618.3892874128742,618.44,1068899992.5295905,-263807589,2,0,45522809.99999975,6.6354E+11,8968774037.958931,0,19,620.7694629,1,8,535395756858.56665,1.2393457844685252,0.9907834101382487,6.880143854329402,1.5760621802714154,0.011030008,-0.027480055,2.67426E+11,-0.390426479,75.89948311677684
2020-02-09,1,3,618.1850886510335,649.1196993218399,608.5497181142249,613.6209657651768,879705174.5565277,-446422460,2,0,76783734.00000016,5.53501E+11,2830845413.282538,21,31,629.1892171,2,28,5.44609E+11,1.0163277883623794,0.11250000000000042,9.811244272982762,1.2825233966879288,0.039843137,-0.037006979,63781990639,-0.171991335,72.01255531442985
2020-02-10,1,2,633.4009926189871,633.4009926189871,597.75,597.75,4288628479,-1838034936,1,0,430094070.00000006,2.58861E+12,37050000283.970566,1,10,603.5985151851437,1,10,6.25861E+11,4.136076237133273,1,4.641611610694458,1.6088347946894122,0.017422474158052804,-0.059552087,7.89117E+11,0.27990087956068016,65.95654895873457
2020-02-12,1,1,604.4964142032535,613.6247158,573.6123273,579.85,2358187676.6612053,-643348986,1,0,146824860.00000036,1.39417E+12,5586412249,8,36,591.2046607117001,3,30,6.60613E+11,2.110419556932058,0.6159695817490494,10.059042170462616,1.4724425135761348,0.027742428,-0.039565217,1.07597E+11,-0.286953118,59.48576144878593
2020-02-15,0,0,590.2917659804984,590.2917659804984,561.69,561.69,650241850.9640548,-336710647,85,0,22348155.000001498,3.67406E+11,5505756516.229287,2,20,565.0297978364209,1,3,663531624481.3334,0.5537129023536631,1,4.490044553685625,2.0598707759254773,0,-0.039378516,1.93834E+11,-0.00113568,58.210886077719884
2020-02-16,0,0,557.8418664938432,577.0620544394038,536.8467271548931,547.75,1544640036.460064,-523644794,64,0,376948401.00000024,8.5052E+11,5913192453.697883,5,21,550.6269887243013,3,23,685328779459.4667,1.241040092625066,0.2509457755359404,6.406717573136801,1.4363245994901936,0.048888889,-0.042056075,1.68219E+11,-0.608893814,59.06557945851483
2020-02-17,0,0,557.2834071862056,557.2834071862056,523.1536654,526.45,1915130103.7667394,-631298233,2,0,96288919.99999873,1.01565E+12,6369732362.482893,25,44,530.3272013375988,3,28,713173659054.9333,1.4241210050773458,0.9034175334323934,8.296693528552881,1.530477215594504,0.030808128,-0.030863039,1.93551E+11,0.045319997668430145,50.25382016393469
2020-02-18,0,0,532.5326903881701,556.7225859519409,519.4995600739372,548.71,1445096432.4688814,1549047351.9999957,1,0,1754542210.0000005,7.79118E+11,5621183825.859169,46,31,539.1459833652157,3,31,731659469802.2667,1.0648641469118947,0.4346049046321534,8.595413555015954,0.9652305612579372,0.051834862,-0.032692308,1.26271E+11,0.1746551893302757,49.89734180881886
2020-02-19,0,0,556.8222180451128,557.8364661654135,533.0888120300752,539.58,842993526.8,-182150502,1,0,8244719.999999977,4.59528E+11,1941065649.5894256,29,52,545.1149116411568,1,31,7.38297E+11,0.6224168941977254,0.6967213114754098,5.258976703805305,1.3606925767164961,0.016814572629612286,-0.016682113,40590590483,-0.704069224,48.89926555507419
2020-02-22,0,0,517.8817693040992,561.1907225929457,517.8817693040992,532.3349914204005,1265944234.632881,1683709150.9999983,0,0,1459280703.0000007,6.71607E+11,7206716751.087785,26,12,530.5184138610682,4,33,736973401272.0333,0.9113038899840769,0.33372365339578547,7.086818012,0.726872267,0.041421749,-0.026201697,1.05046E+11,0.5787011320858829,45.98443189680076
2020-02-23,0,0,547.7958540172825,557.0255194,542.6231844088986,551.65,1044178835.4790176,-34371148,0,0,21730279.999999736,5.76749E+11,3588707905.8091006,33,35,552.3465258203747,0,31,732054295026.5667,0.7878494205010702,0.26760563380281854,3.3076008649029403,1.7218539830124941,0.012979890310786274,-0.015698,1.20994E+11,0.2705672359745406,43.56501604386189
2020-02-24,1,5,556.9304843041023,561.3932308547088,532.0303870728771,547.65,1049531177.0199945,-105463122,0,0,34230104.999999896,5.72485E+11,2277101448.699546,31,30,545.4672294276148,2,35,741340549398.7667,0.7722292592672692,0.31606217616580495,8.675523406812793,0.7326692606349472,0.026876737720111052,-0.028341232,69872715026,0.023001908390919843,35.48560304398845
2020-02-25,1,4,550.2326529,572.4955224281493,545.1613841883785,566.41,1297515356.0318496,-30519398,0,0,63846896.00000008,7.2649E+11,2947634636.755296,21,18,559.9087240861658,1,30,729332963635.7333,0.9961021970766796,0.5918367346938751,9.489207994825996,0.8084678597559835,0.025915996,-0.016124673,1.08088E+11,0.7236320392313055,38.59527789502635
2020-02-26,1,3,573.0560836501901,573.0560836501901,532.3843155893536,533.5,977341029.0534208,-338849749,0,0,59044095.00000104,5.36324E+11,2690832195.741548,3,9,548.7579252550594,1,27,746826477849.7333,0.7181368782132441,0.9725685785536158,10.373758015537394,0.5711665135928735,0.006542056,-0.013809524,78967585901,0.4748221995563303,25.782695217402022
2020-02-29,1,2,547.6456617253082,573.0526879799964,525.2306805,567.88,1528823080.1049516,280799248.0000085,0,0,109578531.99999985,8.47641E+11,3055264563.3995347,31,18,554.4403019751708,3,33,7.70244E+11,1.1004835353131306,0.42311770943796234,15.274247132993848,0.36637983300553223,0.058441558,-0.021551315,88192791675,-0.079202905,39.46622851265086
2020-03-01,1,1,579.5943697186166,582.13,570.5168133112641,582.13,801646819.3032485,-43196130,3,0,13533402.999999888,4.65924E+11,6115957716.572153,26,0,581.2083347152276,1,4,760547585129.6333,0.6126162543762262,0.2183406113537141,1.432705564412386,1.5087175976706173,0.009814231,-0.000175439,1.03721E+11,0.8131492222265834,43.687185938417045
2020-03-02,0,0,610.2814277799763,640.76,583.4541986545311,640.76,1182519816.9985642,459911256.00000256,101,0,331431497.0000021,7.42715E+11,9916370850.902395,23,0,628.0779228547184,1,8,737465758112.5667,1.0071173911801232,0.5318584070796453,11.947112299740514,0.219900272,0.047566284131381004,-0.007698476,2.13123E+11,0.5921405927552388,57.360188492385035
2020-03-03,0,0,659.4708929421095,659.4708929421095,631.3759318001586,639.49,1190856897.1836934,-24446652,0,0,119367515.99999937,7.72071E+11,5532443839.6819105,32,46,648.3321318060148,3,36,732407265440.2667,1.0541550135536826,0.7111913357400715,5.946183939457782,0.5346875411107229,0.032407765488436976,-0.020600586,71573702713,-0.632459803,60.82199170496567
2020-03-04,0,0,641.5193667763158,641.5193667763158,615.9093050986842,616.67,1301584713.2501988,-363215695,0,0,40895778.000000425,8.11343E+11,4413813663.685414,4,61,623.3502548082237,1,32,728549498328.2333,1.1136417834625503,0.9702970297029704,5.936612357605384,0.7900030052743696,0.014980079681274754,-0.019925179,1.14707E+11,-0.791810897,59.81049866764104
2020-03-07,0,0,618.6988621997472,633.9127686,594.3566118836916,601.71,945717462.4819264,-117515271,0,0,36579936,5.78787E+11,2276957390.7932854,21,56,612.0080046116957,3,26,732486167870.3667,0.7901673540440589,0.4294871794871792,9.285269127828974,0.6499500405017978,0.023843815010401673,-0.023182477,47750811700,-0.13825385,59.59357051303921
2020-03-09,1,5,608.0441168774531,613.6225032708243,581.42,581.42,836540800.6776513,849950415.0000104,0,0,1172090385.0000107,489647753254.99994,7564010772.988151,2,27,585.3244131766845,1,11,737258420546.7333,0.664146708,0.8267716535433068,6.854256950549022,0.9050799964436533,0.015879828326180324,-0.041935484,158236210377.99997,0.7903568568611261,59.80836425557177
2020-03-10,1,4,565.9505244755244,613.2652054195804,565.9505244755244,580.15,1062615072.9294149,-21252121,0,0,107648840.00000049,6.25116E+11,3096776445.756162,13,35,588.2812102351234,3,25,746851420330.9333,0.8370024667557142,0.3001071811361209,9.154236676571731,0.6159999595114228,0.030208157,-0.025288376,69872833071,0.13697386727772193,56.06411254848854
2020-03-11,1,3,608.0445977011494,617.68,598.4091954022988,617.68,1418215592.475068,73808875.99999431,0,0,41943900.00000076,8.72879E+11,6674742116.879934,19,1,615.4771386165993,2,11,7.64876E+11,1.1412042951280565,0.49999999999999706,5.223980636218234,1.8637319102949277,0.010464629552113858,-0.006722689,1.28941E+11,0.7800408394959273,63.57646896025679
2020-03-14,1,2,623.7681900962623,623.7681900962623,584.77,584.77,1453393174.249705,-262898341,0,0,133456500.00000173,8.58461E+11,8914871312.281643,3,12,590.6600309521677,1,13,7.7025E+11,1.1145232180128477,1,9.109067451,0.8885425076481356,0.015790372140662343,-0.039805741,2.23926E+11,0.7006699530590904,58.36831215685922
2020-03-15,1,1,578.0701887,608.5483169522483,561.1322606,583.04,1954864346.6108675,-186346716,0,0,376806301.0000033,1.14745E+12,5464226489.741062,35,32,586.9741747995627,4,39,789819621643.0667,1.4528062550661156,0.1048128342245986,13.941546086487403,0.7302222518991578,0.03619985,-0.035221239,1.49745E+11,-0.256826224,55.307564843934934
2020-05-27,0,0,1449,1449,1420,1449,1382097574,-1248186222,0,0,724851152,2.00055E+12,50904917489.14994,15,0,1447.4753475907628,0,3,845457223438.5667,2.3662370027350836,0,1.1856685791123356,1.1939399811456435,0.007591442,0,1.04481E+11,0.028023362067243828,88.92948767783565
2020-05-30,0,0,1519,1519,1519,1519,310850284,0,2,0,0,4.72182E+11,5177286241,0,0,1519,0,3,8.22586E+11,0.5740206058589353,1,0,inf,0,0,1.29007E+11,0,89.39871454450704
2020-05-31,1,5,1594,1594,1444,1579,3001575660,-4363905905,140,0,1565769075,4.74697E+12,65928424099.25764,0,5,1581.4931266656793,2,10,940298973702.0333,5.048363774,0.1,10.861396080248332,0.28281241875836716,0.019132653,-0.028387097,2.2739E+12,0.4519468269723634,92.29368932038835
2020-06-01,1,4,1570,1648,1520,1559,2043955926,-2012585022,3,0,1022179230,3.24472E+12,12881554349.93349,14,16,1587.4699968178277,5,22,1046943166579.2333,3.0992309906799873,0.0859375,29.708506008080818,0.24822668829922367,0.054522924,-0.039895356,3.17761E+11,0.15560889151133003,90.56580606
2020-06-02,1,3,1600,1666,1587,1666,19092205066,11234797035,2,0,3621757392,3.15678E+13,199746286022.19888,15,1,1653.4368477562527,1,14,2066663800891.7334,15.274741516942429,0.8354430379746836,18.74852405522308,0.393823081,0.030487805,-0.018867925,5.03223E+12,0.9134772669589188,91.23154058598416
2020-06-06,1,2,1735,1735,1666,1735,707050453,-2280656539,4,0,435535392,1.22353E+12,22927926020.764347,1,1,1730.4701950413714,2,4,2085330109592.4666,0.5867319182122742,0,5.809972100031453,0.5567096290127421,0.03054755,-0.031510107,5.74173E+11,0.038531451,91.30017965789513
2020-06-07,1,1,1816,1816,1816,1816,61756552,0,205,0,0,1.1215E+11,5354790139.533094,0,0,1816,0,3,2070618405870.5667,0.054162514,1,0,inf,0,0,0,0,91.88448311462687
2020-06-10,1,1,2355,2398,2238,2354,2278748369,5250295260,156,0,10963171299,5.23104E+12,76937529920.10258,5,16,2295.5745743447637,2,16,2158699307047.0334,2.4232355104434316,0.00625,43.21292690527012,0.17986800462136898,0.039330544,-0.054959786,1.79445E+12,-0.418141223,95.25121766988774
2020-06-13,0,0,2410,2410,2360,2410,895927361,-6023382300,3,0,1357149980,2.15865E+12,63131005835,0,0,2409.406502096993,0,0,2.18418E+12,0.988311954,0,3.0563925888741714,0.5573070884072717,0.008298755,0,2.86846E+11,0.7888201649756337,96.11361306478841
2020-06-14,0,0,2530,2530,2430,2530,1643539691,-8301524060,3,0,2034042360,4.15285E+12,62300052463.50199,0,2,2526.773057955921,2,5,2310363555481.3667,1.7974884520002519,0,7.0167264276702035,0.22614349524314548,0.035573123,-0.036885246,1.80323E+12,0.026139955387895878,97.28644923
2020-06-15,1,5,2650,2650,2650,2650,91439694,0,3,0,0,2.42315E+11,5400591082.4340725,0,0,2650,0,3,2290090045386.7334,0.10581033247497464,1,0,inf,0,0,33382784050,0,97.49257731296434
2020-06-16,1,4,2780,2780,2780,2780,73924641,0,55,0,0,2.05511E+11,6750731365.647823,0,0,2780,0,3,2263085542515.1333,0.090809869,1,0,inf,0,0,21605856980,0,97.59464694488466
2020-06-20,1,3,2910,2910,2910,2910,122367538,0,4,0,0,3.5609E+11,4974507711.209052,0,0,2910,0,3,2248984595796.433,0.15833347024500094,1,0,inf,0,0,70419558510,0,99.08261528524206
2020-06-21,1,2,3050,3050,3050,3050,205240561,0,5,0,0,6.25984E+11,8583383536.095269,0,0,3050,0,3,2254533108101.933,0.27765558589512523,1,0,inf,0,0,1.67579E+11,0,99.20222101668953
2020-06-22,1,1,3200,3200,3200,3200,177139896,0,5,0,0,5.66848E+11,6089286553.031007,0,0,3200,0,3,2.25104E+12,0.25181577416387746,1,0,inf,0,0,1.10189E+11,0,98.88330541596874
2020-06-23,1,1,3360,3360,3360,3360,93223532,0,94,0,0,3.13231E+11,4545822835.238027,0,0,3360,0,3,2242257223275.7334,0.13969452936465424,1,0,inf,0,0,90535105920,0,98.93673577884104
2020-06-24,0,0,3520,3520,3520,3520,289944697,0,95,0,0,1.02061E+12,35842762180.83434,0,0,3520,0,3,2.25719E+12,0.45215656017164224,1,0,inf,0,0,2.36829E+11,0,98.99040888440182
2020-06-27,0,0,3690,3690,3690,3690,94085085,0,66,0,0,3.47174E+11,10335547727.549006,0,0,3690,0,3,2244550698818.567,0.15467414651526346,1,0,inf,0,0,1.97698E+11,0,
2020-06-28,0,0,3870,3870,3690,3870,1914525657,-2147515730,5,0,6524508200,7.39858E+12,137958037068.3014,1,2,3864.4457771870957,2,5,2473292597323.2334,2.9913891298252584,0,9.44591637,0.25066898574795005,0.031007751937984496,-0.032,4.2548E+12,0.006953309,
2020-06-29,0,0,3960,4050,3670,4050,1037306260,-4001628860,141,0,404920020,4.12761E+12,132237997874.63406,2,1,3979.1665010582315,2,7,2.58263E+12,1.598224388737155,0.23684210526315788,42.18880411349423,0.134485526,0.024691358024691357,-0.010230179,1.22145E+12,0.5471609903899078,
2020-06-30,0,0,4170,4170,4170,4170,53682034,0,81,0,0,2.23854E+11,7109210324.907869,0,0,4170,0,3,2574556045984.3335,0.086948615,1,0,inf,0,0,55428953550,0,
2020-07-01,0,0,4370,4370,4370,4370,42288449,0,76,0,0,1.84801E+11,3199986837.667001,0,0,4370,0,3,2.55596E+12,0.072301836,1,0,inf,0,0,47332475100,0,
2020-07-12,0,0,5550,5550,5550,5550,1433256759,0,170,0,0,7.95458E+12,139824234843.70944,0,0,5550,0,3,2795375717762.933,2.8456192711067265,1,0,inf,0,0,5.86179E+12,0,
2020-07-13,0,0,5820,5820,5820,5820,346241984,0,119,0,0,2.01513E+12,54419413349.05624,0,0,5820,0,3,2.8355E+12,0.7106778357586284,1,0,inf,0,0,8.22241E+11,0,
2020-07-27,0,0,7500,7870,7130,7490,1955145216,20923210760,186,0,24897626040,1.49832E+13,3.03806E+11,1,6,7663.449783256407,2,8,3.31565E+12,4.5189233306954675,0.013513513513513514,90.12041007279265,0.082816839,0.047013977,-0.050734312,6.08445E+12,0.4193984884522846,
2020-08-12,0,0,5620,5700,5160,5160,664053145,-88612907620,60,0,806573190,3.57306E+12,81732259443.97981,0,29,5380.677836184332,1,6,3418427850928.467,1.0452337141997996,0.8518518518518519,241.87392138933998,0.11125906445714438,0.012280701754385965,-0.100775194,1.74892E+12,0.8829481488127778,66.90340909
2020-08-15,0,0,5120,5120,5120,5120,102548269,0,5,0,0,5.25047E+11,8744879259.362312,0,14,5120,0,3,3.41509E+12,0.15374318044384122,1,0,inf,0,0,41775022080,0,65.89928057553956
2020-08-16,0,0,4870,4870,4870,4870,115551638,0,6,0,0,5.62736E+11,16511211459.347116,0,14,4870,0,3,3404754112875.967,0.16527962325733453,1,0,inf,0,0,2.89646E+11,0,62.88951841359774
2020-08-17,0,0,4630,5000,4630,4630,1787569993,23845220020,44,1,21547011000,8.36599E+12,91103599492.30667,0,26,4680.088811,2,8,3655004948400.033,2.288912447758021,0,55.13412879212754,0.17766063858706288,0.035416666666666666,-0.034482759,2.82232E+12,0.041120143,60
2020-08-19,0,0,4610,4610,4610,4610,39258337,0,45,0,0,1.80981E+11,795523859.1009947,0,14,4610,0,3,3622789149962.467,0.049956243,1,0,inf,0,0,20755248030,0,58.91583452211127
2020-08-22,0,0,4610,4800,4380,4380,627052325,4620599180,5,0,8304762320,2.78857E+12,46079548236.59487,0,16,4447.109013095518,2,7,3649056412624.467,0.7641893494829285,0.5476190476190477,68.64686696782016,0.15651056256479348,0.017937219730941704,-0.063926941,1.23979E+12,0.6347809005316033,56.07344632768361
2020-08-23,0,0,4230,4230,4230,4230,111670852,0,1,0,0,4.72368E+11,20246803374.924126,0,14,4230,0,3,3649062616709.933,0.1294490540658072,1,0,inf,0,0,12974488650,0,53.824362606232306
2020-08-24,0,0,4020,4020,4020,4020,34993225,0,5,0,0,1.40673E+11,3526472969.684762,0,14,4020,0,3,3495519333011.3667,0.040243738,1,0,inf,0,0,9472374240,0,51.05782792665727
2020-08-25,0,0,3820,4220,3820,4220,1763491862,40882971600,62,0,43243772550,7.15942E+12,137052359532.62717,6,6,4059.7996397161714,3,9,3626009496966.2666,1.9744635616591728,1,172.2257826506083,0.16433609069303315,0.087677725,-0.031168831,2.37651E+12,0.8451640045392712,51.195499296765114
2020-08-26,1,5,4260,4260,4220,4260,787566170,-4008508400,2,0,495168000,3.35369E+12,61145431827.07995,0,0,4258.290944239009,0,3,2685540514588.1665,1.2487936307355598,0,2.8323715414195534,7.011284278244585,0.007042254,-0.004716981,3.90976E+11,0.24994992468429722,50.64011379800854
2020-08-31,1,4,4470,4470,4050,4050,1226914742,-3830733400,2,0,11815140820,5.13516E+12,71202316457.78003,0,14,4185.424709347897,3,10,2815928165992.2666,1.8236116032528447,1,97.36355988431727,0.6705010531572015,0.047058823529411764,-0.083950617,1.46866E+12,0.24225568998818398,47.72727272727273
2020-09-02,1,3,3800,3800,3800,3800,25243812,0,1,0,0,95926485600,1561868294.2168176,0,14,3800,0,3,2815387385564.533,0.034072215,1,0,inf,0,0,8082793800,0,35.679214402618655
2020-09-05,1,2,3660,3850,3630,3840,2201308030,34137056250,1,0,23562607510,8.07829E+12,88270994069.75157,0,16,3669.768781064229,3,18,2910295874524.3335,2.775762958231983,0.8181818181818182,47.568923266111874,1.277603045998473,0.0234375,-0.044077135,2.5552E+12,-0.475298828,33.16326530612244
2020-09-06,1,1,3710,3820,3490,3490,1807376782,-17617630,1,0,4014106560,6.42466E+12,52040600810.44155,0,13,3554.690177036921,3,6,3052496250663.6665,2.1047247778873324,0.6666666666666666,92.83269040258446,0.881666783,0.021798365122615803,-0.052924791,1.50531E+12,0.45330454558457356,6.140350877192972
2020-09-07,1,1,3380,3380,3380,3380,21413868,0,101,0,0,72378873840,2174565309.0637383,0,14,3380,0,3,2.91648E+12,0.024817198052612777,1,0,inf,0,0,6169909460,0,11.965811965811966
2020-09-15,0,0,3400,3570,3400,3570,1175004380,13577027520,208,0,13577027520,4.00787E+12,256517884924.39386,0,0,3410.942765285692,1,4,3041999069429.6665,1.3175127926292962,1,11.73111450882002,1.9685911445250508,0.047619047619047616,0,4.00787E+12,0,18.87550200803213
2020-09-16,0,0,3580,3580,3260,3340,2593273808,-16729142980,1,0,1448195680,9.09764E+12,92154355095,1,3,3508.1665008163304,5,23,3338403262719.3335,2.7251460008637243,0.75,82.38991149721357,1.4035496549907003,0.048571429,-0.062686567,1.17171E+12,-0.190712629,19.028340080971645
2020-09-19,0,0,3440,3470,3340,3340,1183742632,1155543110,1,0,2528095160,3.96922E+12,47384702695.639725,0,6,3353.1130575603024,1,9,3458841040738.3335,1.1475586271240494,0.7692307692307693,15.124907144549283,3.689506843054031,0.014749262536873156,-0.02994012,1.08156E+12,0.013818705977114622,21.076233183856502
2020-09-20,0,0,3200,3270,3190,3190,290821456,-1259092950,2,0,989438860,9.31049E+11,26340155663.36651,0,5,3201.445923439707,0,3,3469009889195.3335,0.2683904613993374,0.125,6.356895169781454,6.214198619962803,0,-0.021943574,46348754100,0.45046069207676037,19.915254237288124
2020-09-22,0,0,3010,3120,2890,2930,2216451297,1772494180,1,0,6800856950,6.45312E+12,53505567038.38726,0,10,2911.463957017414,3,16,3.66522E+12,1.7606364682484161,0.34782608695652173,26.83689118806028,2.400590824334888,0.017006802721088437,-0.061643836,1.42837E+12,0.5350914903571529,19.66527197
2020-09-26,0,0,3010,3100,2830,2830,970198894,-2303154410,1,0,670844120,2.82293E+12,21733986721.612614,3,10,2909.638723717201,1,13,3748875475884.3335,0.7530066788959137,0.6666666666666666,79.64543207719615,2.1346006685014074,0.032362459546925564,-0.030927835,4.87656E+11,0.6594194787293686,20.085470085470078
2020-09-27,0,0,2770,2770,2770,2770,44632756,0,1,0,0,1.23633E+11,3302720068.909146,0,14,2770,0,3,3718976389240.3335,0.033243753,1,0,inf,0,0,10585942800,0,21.46118721461187
2020-09-29,0,0,2510,2640,2510,2600,2264321507,6764501150,3,0,4680337640,5.71568E+12,45768082888.250114,4,19,2524.2357664361484,3,15,3897926634941.3335,1.466338869347659,0.6923076923076923,29.852069391175228,4.952632158,0.030888031,-0.03187251,1.49849E+12,0.067871486,12.5
2020-10-03,0,0,2740,2740,2740,2740,80816268,0,1,0,0,2.21437E+11,5086231253.106474,6,0,2740,0,3,3658688501068.3335,0.060523483826333054,1,0,inf,0,0,29181904200,0,16.371681415929203
2020-10-04,0,0,2870,2870,2760,2870,2026804897,-29281374100,1,0,12750046870,5.81258E+12,114718798163.59547,0,2,2867.856179765289,2,5,3714854188665.3335,1.5646872404239198,0,7.195002189360225,6.557656186321637,0.034843206,-0.036101083,3.05455E+12,0,22.935779816513758
2020-10-05,0,0,2800,3010,2800,3010,967991001,8187976620,1,0,3369030490,2.86125E+12,39996621882.30037,0,2,2955.860965457467,1,6,3.80277E+12,0.7524117581412494,1,30.365135720175104,3.625438954739907,0.056478405,0,1.1597E+12,-0.855561486,30.91787439613526
2020-10-06,0,0,3100,3100,3100,3100,183681677,0,60,0,0,5.69413E+11,17118057996.077396,0,0,3100,0,3,3815587702317.3335,0.14923341910190568,1,0,inf,0,0,1.41222E+11,0,32.54716981132076
2020-10-07,0,0,3250,3250,3250,3250,182379876,0,1,0,0,5.92735E+11,7797225640.591926,0,0,3250,0,3,3570193021802.3335,0.1660231235062946,1,0,inf,0,0,1.70759E+11,0,43.75
2020-10-10,0,0,3410,3410,3410,3410,117671289,0,1,0,0,4.01259E+11,9267901016.780249,0,0,3410,0,3,3516397380089.3335,0.11411085042948305,1,0,inf,0,0,42296207800,0,50.76142131979695
2020-10-11,0,0,3580,3580,3420,3580,1648594992,-31011940820,1,0,8454312600,5.89555E+12,123160695171.46924,0,1,3576.1079170984162,2,4,3213477260795.6665,1.8346336770157332,0,8.306198703,7.272244470924693,0,-0.034682081,4.45363E+12,0,50.256410256410255
2020-10-12,0,0,3720,3750,3580,3750,3315229973,9266648540,60,0,9886691520,1.23808E+13,150014316843.4921,3,15,3734.5156890779595,2,19,3507068004386.3335,3.5302361777944444,0.17647058823529413,28.130153511289286,7.237112443,0.037533512,-0.03021978,2.89617E+12,0.3508080588383491,60.84656084656085
2020-10-13,0,0,3800,3910,3730,3910,2009326191,6403518440,1,0,8471299650,7.79577E+12,87348096830.34926,5,1,3879.7955900978945,2,13,3749425596307.3335,2.0791917840929455,0.6111111111111112,33.404833318560335,6.958661752,0.033248082,-0.026315789,1.80856E+12,0.11193202398524874,63.90243902439024
2020-10-14,0,0,3690,3690,3690,3690,182383213,0,1,0,0,6.72994E+11,20923216580.357403,0,14,3690,0,3,3753100848937.6665,0.17931680577155135,1,0,inf,0,0,47796680700,0,61.79245283018868
2020-10-18,0,0,3510,3510,3510,3510,29534479,0,2,0,0,1.03666E+11,2612078946.5831494,0,14,3510,0,3,3477690172213.6665,0.029808872026116432,1,0,inf,0,0,6441390540,0,64.21568627
2020-10-19,0,0,3360,3360,3360,3360,39427301,0,2,0,0,1.32476E+11,5662775566,0,14,3360,0,3,3.47607E+12,0.038110741259432236,1,0,inf,0,0,85875377280,0,62.67942583732058
2020-10-20,0,0,3200,3200,3200,3200,640838977,0,1,0,0,2.05068E+12,73259305848.48051,0,14,3200,0,3,3451477154813.6665,0.5941469795157052,1,0,inf,0,0,1.95101E+12,0,59.817351598173516
2020-10-21,0,0,3310,3360,3080,3270,2494787041,-8802858090,1,0,5845504450,8.27811E+12,75046463498.30756,7,8,3318.1647240647185,4,26,3711668709798.3335,2.2302945119123456,0.14285714285714285,50.34718831429584,2.289496840528396,0.043343653250773995,-0.074433657,1.74499E+12,0.1102562276092364,66.02870813397129
2020-10-24,1,5,3160,3260,3160,3160,572628898,3215301650,1,0,5606738640,1.8103E+12,46669115468.007614,0,2,3161.377266293676,0,3,3.76732E+12,0.48052584503703993,0,2.842008217544367,6.648846597606717,0,-0.012658228,1.47875E+11,0,60.19417475728155
2020-10-26,1,4,3010,3260,3010,3160,1414485819,3504126230,1,0,2002265640,4.33538E+12,69401144397.76685,1,16,3064.9875720175037,3,10,3673188077988.3335,1.180277558344991,0.6,66.58600155169962,2.4195386390426865,0.047468354,-0.029032258,1.51967E+12,-0.417657917,57.512953367875646
2020-10-27,1,3,3160,3220,2920,3050,1441001339,-3687427470,1,0,1781705660,4.37917E+12,27323926408.830315,4,2,3038.9737857696746,4,21,3707370724814.3335,1.1812051233962608,0.36666666666666664,71.18442668139905,2.0162821992022386,0.045016077,-0.052805281,5.10177E+11,0.5845758124864192,51.05263157894737
2020-10-28,1,2,3070,3190,2950,3190,1540503336,-431185720,1,0,1999662440,4.85495E+12,55273711297.86939,5,1,3151.5340430200795,2,13,3698030372459.6665,1.3128471693867765,0.5,65.72117758346539,2.2182694156694653,0.034700315,-0.043624161,1.36809E+12,0.2070739614727786,52.30769230769231
2020-10-31,1,1,3280,3300,3220,3300,414251005,2123210170,0,0,1717763450,1.36378E+12,28719475447.22494,0,0,3292.157594017183,1,4,3.74029E+12,0.3646184682691936,0.25,5.060580820524167,7.154808247008395,0.021212121212121213,0,1.07913E+11,0.5432513569569078,51.30890052356021
2020-11-02,0,0,3470,3580,3330,3380,1475818503,-5515651360,51,0,5768012700,5.05312E+12,43048318743.59497,5,1,3423.942606416827,3,21,3639453021529.6665,1.3884278274420943,0.36,42.68737927133068,1.997735478820563,0.020527859237536656,-0.032163743,1.24268E+12,0.045674659,49.18032786885246
2020-11-04,0,0,3250,3490,3250,3250,987772856,3642260690,0,0,3464273220,3.23832E+12,40824223467,1,11,3278.401314573074,4,4,3533241399410.6665,0.916528327,0,40.33469565683827,2.080974457104753,0.038123167,-0.04,7.09516E+11,-0.655778733,40.78212290502793
2020-11-07,0,0,3430,3440,3140,3300,1898622272,5786164360,0,0,20002333600,6.35248E+12,72303188756,6,6,3345.8355877698245,5,26,3742578035795.6665,1.6973535099688235,0.43333333333333335,64.76740373769724,1.5481128990171358,0.035820896,-0.037383178,4.71182E+11,0.6969587815860917,36.52694610778443
2020-11-08,0,0,3190,3190,3190,3190,80963605,0,1,0,0,2.58274E+11,10356018067.09485,0,4,3190,0,3,3617591409489.3335,0.071393884,1,0,inf,0,0,22388233450,0,27.77777777777777
2020-11-09,0,0,3150,3270,3040,3170,1735121031,-3598788650,0,0,1905509000,5.38329E+12,36314232269.610756,7,3,3102.5435425720457,4,30,3493779817810.6665,1.5408207817982562,0.086956522,55.97374315278255,0.5627559552397424,0.037037037037037035,-0.049342105,7.6152E+11,0.5264590051185761,31.69014084507043
2020-11-10,0,0,3200,3250,3040,3190,1615065149,996746510,0,0,857868340,5.10502E+12,25338938733.90247,5,1,3160.873726828217,2,17,3531639621825.3335,1.4455090392126317,0.047619047619047616,46.22244057060905,0.43778033192924165,0.022012579,-0.031847134,4.73169E+11,0.3709583361305191,37.301587301587304
2020-11-11,0,0,3190,3310,3110,3310,1620116602,3941916660,0,0,1439869520,5.269E+12,54046277543.05269,5,2,3252.2330083498523,2,14,3.67624E+12,1.4332578230469262,0.6,77.81161856429557,0.4903306514742962,0.027272727,-0.022292994,1.79395E+12,0.7030947119438322,47.96747967479675
2020-11-14,0,0,3410,3410,3360,3410,397025225,-2186370100,0,0,293579940,1.35375E+12,33476795835.948944,11,0,3409.7346023794835,0,3,3506258958813.3335,0.38609545489993313,0,1.3801311186848562,1.9613226058971849,0.005865103,0,1.38589E+11,0,58.97435897435897
2020-11-15,0,0,3580,3580,3320,3530,3696752977,-5582109500,0,0,5619100320,1.29791E+13,82788874680.21222,5,7,3510.955740792523,5,27,3.8448E+12,3.3757643368398105,0.19230769230769232,65.73081458744772,0.3771774242109971,0.045325779,-0.037681159,2.58437E+12,-0.06005517,60.65573770491803
2020-11-16,0,0,3480,3680,3390,3680,1796946113,5043065430,0,0,1281527940,6.55453E+12,58303334407.261826,4,2,3647.5941572211186,2,5,4.05916E+12,1.614749396479076,0.6896551724137931,47.03038289249674,2.3036763113615835,0.052486187845303865,-0.013850416,1.4657E+12,0.7189467896227196,70.63492063492063
2020-11-17,0,0,3720,3830,3670,3830,1621289949,404956950,59,0,1913000760,6.18257E+12,57216764102.93846,1,3,3813.366949491895,0,13,4074725538682.6665,1.517298146431425,0.6875,19.686307295151277,8.078125,0.023746701846965697,-0.01055409,1.18219E+12,0.7671722038719994,73.75886524822695
2020-11-21,0,0,4090,4160,3800,3800,3160481144,-11754315090,1,0,2809623280,1.25471E+13,49453696943,12,16,3969.983939515002,5,21,4485579632299.333,2.7971991161348098,0.8055555555555556,102.46473811214857,3.720833333333333,0.053658537,-0.053571429,1.37456E+12,-0.00599607,78.19548872180451
2020-11-22,0,0,3810,4070,3780,3850,3248050766,14004967790,0,0,7274059720,1.26086E+13,108155869570.49895,3,7,3881.884549,2,27,4.71211E+12,2.67577636,0.13793103448275862,89.84329792376379,4.481034482758621,0.047619047619047616,-0.026455026,2290515610580.0005,0.3773274536679907,76.61290322580646
2020-11-23,0,0,3860,4050,3800,4000,1888487464,5925913310,0,0,3351621790,7.44975E+12,26040372567.15084,5,2,3944.822994,3,26,4865062135367.667,1.531275154424518,0.56,41.427176852888415,5.38,0.045112781954887216,-0.025773196,7.59382E+11,0.079207567,77.34375
2020-11-24,0,0,4000,4130,3800,3960,3506015402,-2575309410,0,0,2011269400,1.42191E+13,99159694696.64949,26,12,4055.6391554266197,4,21,5320052806873.667,2.672742895617212,0.12121212121212122,79.72440568134732,4.048484848484849,0.034229828850855744,-0.031331593,2.34821E+12,0.7505122716116123,73.38709677419355
2020-11-25,0,0,3980,4150,3890,3960,1834888838,758626760,0,0,889938060,7.39025E+12,21694569241,0,9,4027.626701165861,4,21,5546636562893.667,1.3323835433963471,0.076923077,50.21768516563492,5.232692307692307,0.034313725,-0.025,7.38433E+11,-0.152125214,81.98198198198199
2020-11-28,0,0,3850,3980,3830,3850,2664821626,4686530920,0,0,2335229900,1.02481E+13,54295905897.83384,1,8,3845.7163628482203,0,17,5874866197416.667,1.7444053680212122,0,25.488125979764707,9.536666666666667,0.020304569,-0.018276762,1.0851E+12,-0.576362039,73.5042735
2020-11-29,0,0,3890,4040,3850,4040,2364062507,10307010990,0,0,4555361120,9.44792E+12,93391189737.33511,5,0,3996.476008487368,1,9,5.99328E+12,1.5764191969997712,0.7894736842105263,60.41362705563095,8.586842105263157,0.025062657,-0.017857143,3.29251E+12,0.5267233485590668,84
2020-11-30,0,0,4110,4200,4060,4120,2399023043,916531220,0,0,1429131600,9.96749E+12,42063837635.154076,10,6,4154.810278035333,0,24,5912835288684.667,1.685737063465082,0.071428571,36.24959047073525,11.553571428571429,0.016746411,-0.02195122,943568075880.0001,0.21343539813841125,86.25954198473282
2020-12-02,0,0,4020,4150,3880,3920,1571222108,-1061634740,0,0,365616120,6.26432E+12,19139501848.43125,18,9,3986.9062626758814,3,24,5.86179E+12,1.0686699556441972,0.37037037037037035,59.85400328146411,6.027777777777778,0.024509803921568627,-0.015345269,6.08984E+11,0.41429606125755436,74.49664429530202
2020-12-05,0,0,3910,4180,3910,4180,1988364501,14295413590,0,0,3707667440,8.16464E+12,86457492861.88187,7,9,4106.211168,1,20,6111508316433.667,1.3359459069957427,1,89.25938914715252,6.805555555555555,0.03117506,-0.012658228,2.36499E+12,0.8670246172920878,76.68711656441718
2020-12-06,0,0,4270,4310,4230,4310,2537553220,2418580810,0,0,4066642500,1.09225E+13,85449682932.70305,3,4,4304.337425392008,0,17,6472135625516.333,1.6876168742058195,0.5,9.880235200593255,22.96875,0.018561484918793503,-0.011737089,1.78466E+12,0.5696024208668874,77.10843373493975
2020-12-07,0,0,243800,243800,233045,235100,66012486,-54276178756,180,0,22618877600,15702558306250.002,249242386925.88263,0,2,237872.5489333942,1,7,6991138378012.667,2.246066013459983,0.8089260808926081,713.1065754479698,0.1724779172477917,0.020920502,-0.017568376,8795583948366.001,0.44461608228671273,99.83643955
2020-12-08,0,0,4160,4340,3990,4200,1661730482,8184738270,0,0,3327796920,6.92226E+12,38045353377.62906,4,16,4165.691031,3,27,7153524079265.667,0.967670715,0.11428571428571428,75.80822959105276,5.364285714285714,0.046511627906976744,-0.029484029,1.49968E+12,0.6697949977760761,50.05614580634016
2020-12-12,0,0,4200,4240,3960,4000,1594314994,-2629914300,0,0,446636040,6.49637E+12,22473922267.34667,0,4,4074.708570601325,1,23,7.09413E+12,0.9157383104136733,0.7142857142857143,61.09989057218827,6.901785714285714,0.023809523809523808,-0.01511335,8.63961E+11,-0.121402201,50.01835337810119
2020-12-13,0,0,3970,4070,3870,3880,1312021282,-14153860,1,0,848600400,5.13062E+12,19437596605.75655,3,9,3910.4679625844665,3,19,7204809940136.333,0.712109998,0.45,36.93559079527092,9.8875,0.032258065,-0.017811705,5.85572E+11,0.018057125,50.00863520573377
2020-12-15,0,0,3650,3760,3620,3660,1768171344,1648650020,0,0,3039227560,6.40695E+12,76877045954.24054,0,18,3623.488664433417,0,6,7273862185660.667,0.880818011,0.071428571,9.679413505,14,0.018970189701897018,-0.022099448,1.66522E+12,0.7663822904025802,49.97949891020522
2020-12-19,0,0,3730,3780,3550,3640,781818162,-713421160,0,0,318731040,2.86381E+12,9515666798.331827,15,13,3663.0107576472496,3,27,7.22335E+12,0.39646538297344314,0.391304348,44.93229254831922,8.521739130434783,0.024456521739130436,-0.027777778,2.76517E+11,-0.142009562,49.961144929413294
2020-12-20,0,0,3670,3680,3480,3480,992595258,-678296490,0,0,244065660,3.48425E+12,23832957459.586483,0,21,3510.241255676037,3,7,7177660291043.333,0.4854296084711381,0.95,50.82818328,9.8,0.019607843,-0.01994302,6.49944E+11,0.7781850433282961,49.94820665544477
2020-12-21,0,0,3430,3540,3340,3340,1059411605,-1178316780,0,0,307243620,3.58017E+12,19137564865.83253,9,23,3379.398827389662,3,13,7.25154E+12,0.4937122705620231,0.45,52.54101458590355,9.8,0.033994334,-0.029761905,5.86836E+11,-0.22835843,49.933120469451154
2020-12-22,0,0,3330,3540,3280,3540,1207705349,5505649000,0,0,1105601760,4.22437E+12,31506200764.076183,3,1,3497.850653197695,1,15,7.22392E+12,0.5847760912019184,0.8076923076923077,64.05162818490543,7.538461538461538,0.046242774566473986,-0.012012012,9.37481E+11,0.8963933890486492,49.96656672634327
2020-12-23,0,0,3600,3620,3350,3430,971975252,-949605210,0,0,1102402400,3.35977E+12,11341859667.567078,0,14,3456.6371971166195,1,19,7227963618275.333,0.46482882152935834,0.6296296296296297,67.62541406848081,7.2592592592592595,0.017241379310344827,-0.023460411,3.2941E+11,0.6534335403698586,49.934200591115996
2020-12-26,0,0,3420,3450,3290,3290,566699039,-1525932500,1,0,119397200,1.87322E+12,14864558480.760632,0,4,3305.4957698278363,1,2,7078655061968.333,0.26462954611876804,0.8125,20.789224209779785,11.84375,0,-0.026865672,3.87545E+11,0.7485991497526673,49.910481244202856
2020-12-27,0,0,3200,3400,3150,3240,1021949191,3059022170,14,0,1564412150,3.29627E+12,16349170380.173841,8,25,3225.475538969334,4,24,7179921669224.667,0.45909583272597904,0.16,54.24348707194556,7.47,0.041543027,-0.034810127,4.06734E+11,0.00740386,49.92663559468324
2020-12-28,0,0,3250,3390,3180,3340,1188417259,2025935370,11,0,394980540,3.97334E+12,21416737950.387062,13,20,3343.3863464953265,5,20,7132923318803.667,0.557042023,0.42857142857142855,40.694724548282565,8.845238095238095,0.04491018,-0.024390244,7.40019E+11,0.5805185290003941,49.909342082541876
2020-12-29,0,0,3340,3340,3180,3180,867019147,-1085140460,5,0,684050580,2.76907E+12,24270730572.916187,0,6,3193.783244224017,1,10,7.05506E+12,0.3924944406795895,1,34.215619089181594,4.484375,0.009063444,-0.0375,5.4228E+11,0.8561505907208694,49.878051412661065
2020-12-30,0,0,3220,3260,3040,3070,908791566,2209800,1,0,574637000,2.82407E+12,12157841000.869102,6,10,3107.497573552526,3,27,6973560822914.667,0.4049678002277255,0.6818181818181818,55.302478172757276,1.7727272727272727,0.028037383177570093,-0.032051282,2.72102E+11,0.8829240133804656,0.128960151
2021-01-02,0,0,3030,3080,2960,2960,754936784,319911290,0,0,1008494420,2.24077E+12,21871180045.93319,0,12,2968.1544100386554,1,12,7003128099482.333,0.3199668652206485,0.5833333333333334,12.485671897583787,1.5416666666666667,0.013333333333333334,-0.037162162,5.74101E+11,0.4462493543611081,16.304347826086953
2021-01-03,0,0,2900,3070,2850,3050,1104370171,4357244030,0,0,1378596600,3.29477E+12,12901395891.075752,8,15,2983.393714225916,5,28,6680315930797.333,0.49320586937371846,0.6818181818181818,45.424004321540494,0.8409090909090909,0.052459016,-0.037542662,4.21575E+11,0.38467480473654064,22.543352601156073
2021-01-04,0,0,3060,3120,2980,3090,1046238965,1280071030,0,0,495932760,3.22758E+12,26161012974.59791,9,12,3084.9358471465457,2,18,6.56942E+12,0.4913038394687466,0.21428571428571427,48.48481146045469,0.6071428571428571,0.028846153846153848,-0.013377926,9.73509E+11,0.75873216,26.060606060606062
2021-01-05,0,0,3060,3070,2930,2930,851598528,-943632490,0,0,1411585060,2.50542E+12,23632234764.52053,0,13,2942.0159943371814,1,6,6446845695072.667,0.3886267189619403,0.9285714285714286,23.351846315898754,0.48214285714285715,0.010135135135135136,-0.023411371,5.79399E+11,0.7435191961546727,27.044025157232696
2021-01-06,0,0,2860,2930,2800,2800,661353880,-455819780,0,0,1824467760,1.85544E+12,21847473326.05569,0,9,2805.5243621160885,1,5,6090458529722.667,0.3046477392900808,0.46153846153846156,8.761153097618417,1.1538461538461537,0.014084507042253521,-0.032142857,4.69005E+11,0.6393029956060884,25.294117647058826
2021-01-09,0,0,2740,2880,2670,2770,1077447855,3200612680,0,0,1020787250,2.95389E+12,11756011066.968876,11,9,2741.564943521095,4,20,5.76864E+12,0.5120609237060606,0.14285714285714285,49.42782665510305,0.7142857142857143,0.042704626334519574,-0.041044776,3.0333E+11,0.1266135340141471,27.38853503184714
2021-01-10,0,0,2830,2870,2770,2870,774810281,-54377130,0,0,182272660,2.21142E+12,14079233277.367165,7,1,2854.138690978469,4,20,5594025276824.333,0.3953174845905231,0.4,21.08062618098139,1.675,0.024475524475524476,-0.021352313,3.3031E+11,0.24824755361989195,34.640522875816984
2021-01-11,1,5,2880,2900,2710,2730,974438460,-867955230,0,0,240602760,2.68317E+12,12352845799.409853,0,3,2753.5601412633077,3,21,5.20949E+12,0.5150548689119552,0.7894736842105263,52.35262599111771,1.355263157894737,0.038194444,-0.028469751,3.49265E+11,0.5266613538941064,22.448979591836732
2021-01-12,1,4,2690,2700,2620,2620,475827555,-385239590,0,0,156037500,1.2491E+12,20945999716.630306,0,5,2625.115370735518,1,7,5004788493842.333,0.2495814218696433,0.875,8.46487657,3.5625,0.003802281,-0.026717557,4.71719E+11,0.6235453368350946,22.448979591836732
2021-01-13,1,3,2540,2650,2500,2640,1369057279,7212598010,0,0,3919452180,3.47934E+12,25342039631.443916,1,31,2541.4095235747986,4,26,4779161396375.333,0.7280221190706884,0.6666666666666666,34.80623708324693,2.8,0.041825095,-0.032,6.246E+11,0.034688043,25.925925925925924
2021-01-16,1,2,2600,2620,2420,2450,1420543226,-1320286970,0,0,797827320,3.48856E+12,27127516002.290165,0,3,2455.7928995889633,1,13,4.58052E+12,0.7616084951374779,0.75,46.79281034055431,2.125,0.012244897959183673,-0.040983607,6.54755E+11,0.900734391,23.489932885906043
2021-01-18,1,1,2440,2440,2330,2330,372082212,-1750423790,0,0,321584040,8.77059E+11,12667008423.03047,0,10,2357.1647319974545,1,8,4277501874622.3335,0.20504001944065467,1,12.462657824665047,3.8636363636363638,0,-0.038626609,2.66576E+11,0.9009239402326955,16.556291390728475
2021-01-20,0,0,2490,2570,2480,2570,381672346,2073269050,0,0,895296480,9.76931E+11,18857417903.518845,0,0,2559.605967810935,1,4,4.10126E+12,0.23820285291916152,0.8888888888888888,7.730508751061492,4.888888888888889,0.035019455,0,3.96566E+11,0.6546897156335352,30.81761006289308
2021-01-24,0,0,2810,2810,2570,2630,1469754589,-19642585670,0,0,1349421710,4.01759E+12,41095167246.66349,3,2,2733.5094591495777,5,21,3.96302E+12,1.0137691844183592,0.75,73.67390726389391,1.9270833333333333,0.056939502,-0.060377358,1.06169E+12,0.38655917611731994,35.71428571428572
2021-01-25,0,0,2700,2850,2600,2770,1076416502,3022950890,0,0,912336600,2.9654E+12,14834929066,3,0,2754.8802657523734,4,17,3697784287562.3335,0.8019393097277885,0.28,54.89535188189097,1.87,0.057971014492753624,-0.033962264,3.96085E+11,0.5463270918609165,43.94904458598727
2021-01-27,0,0,2620,2720,2540,2640,751210951,1491539770,0,0,1287060660,1.96344E+12,11274890047.545813,15,23,2613.696852,2,25,3239813600625.3335,0.6060341551010918,0.1111111111111111,42.96700053658094,2.2777777777777777,0.033962264150943396,-0.039370079,3.12336E+11,0.28023504451827075,37.267080745341616
2021-01-30,0,0,2640,2740,2640,2740,348405253,1877580470,0,0,856702390,9.52364E+11,17120132422.715212,9,0,2733.494918143499,1,6,3.04082E+12,0.31319343562973834,1,8.243420154809177,3.925,0.032846715328467155,0,97604274520,0.6472905022339323,39.52095808383234
2021-01-31,0,0,2860,2860,2650,2700,1105299367,-2820064820,0,0,763648080,3.06198E+12,23741654678.597656,9,10,2770.273441403319,5,27,2926337625140.3335,1.0463527704029578,0.7619047619047619,44.62907556699894,1.7857142857142858,0.046099291,-0.033457249,3.03628E+11,0.45694122138009224,42.58064516129032
2021-02-02,0,0,2580,2780,2550,2650,1168691734,1267570930,0,0,725195600,3.09486E+12,19451257907.087505,5,22,2648.140436193074,4,21,2858479046765.6665,1.0826946035346299,0.30434782608695654,68.68529080474462,1.4782608695652173,0.040441176,-0.030075188,4.23643E+11,-0.385818367,44.89795918367347
2021-02-03,0,0,2700,2730,2520,2520,626893156,-459170180,0,0,311354340,1.61384E+12,8685922242.172167,0,22,2574.3391559214915,1,12,2.69871E+12,0.5980029094272478,0.8571428571428571,51.82071200547767,1.5476190476190477,0.033707865168539325,-0.03875969,1.76161E+11,0.8664808539996366,42.038216560509554
2021-02-06,0,0,2570,2570,2450,2450,484429239,-1216718510,0,0,221610910,1.19167E+12,13413227173.48193,0,5,2459.954425170443,1,5,2.64297E+12,0.4508842302746752,1,9.427566797489067,496.0208333333333,0.004065041,-0.040816327,3.0114E+11,0.6927815392908697,36.36363636363636
2021-02-07,0,0,2520,2580,2490,2580,347874581,3794605680,0,0,3370066530,8.93471E+11,21503572744.00228,0,0,2568.3705172181003,0,5,2556611522807.3335,0.34947461104646366,0.6666666666666666,7.108987826,662.4444444444445,0.027131782945736434,0,88379752440,0.5908243728238731,45.09803921568627
2021-02-08,0,0,2690,2690,2530,2670,1192787774,5597042730,0,0,3784426590,3.14018E+12,23343825519.750183,5,5,2632.6424047250503,4,18,2541945167407.6665,1.2353467391558375,0.125,36.62701101302861,373.359375,0.030303030303030304,-0.0390625,4.13897E+11,-0.403345319,51.65562913907284
2021-02-14,0,0,3000,3000,2860,2860,1101174686,-2557580470,58,0,446322720,3.18515E+12,28865554459.00966,16,22,2892.5062621172533,3,19,2507304558443.3335,1.2703501312650711,1,38.574656202770555,427.35714285714283,0.030201342281879196,-0.027586207,6.1043E+11,0.25578117569291153,56.54761904761905
2021-02-15,0,0,2860,2900,2840,2840,349086495,-441061820,0,0,192833200,9.95025E+11,9041509457.696129,2,20,2850.3694216815807,0,8,2428479880447.6665,0.40973181572604866,0.3333333333333333,11.207055194135306,998.1666666666666,0.017301038,-0.01754386,2.34402E+11,0.2857293934835466,62.913907284768214
2021-02-16,0,0,2800,2820,2800,2800,119046057,228144840,8,0,293071220,3.33346E+11,11531192072.551634,0,15,2800.1444692116092,0,4,2377150709844.6665,0.14022929076793045,0,0.6900655593422959,2998.5,0,-0.003571429,1.72607E+11,0.4905798809333254,66.43356643356644
2021-02-17,0,0,2750,2750,2750,2750,33429211,0,2,0,0,91930330250,2176213508.3598504,0,14,2750,0,3,2270339316931.6665,0.040491890161265684,1,0,inf,0,0,24761343750,0,57.25806451612904
2021-02-21,0,0,2690,2690,2690,2690,6408927,0,33,0,0,17240013630,352616776.56902456,0,14,2690,0,3,2138469382796.6667,0.008061847,1,0,inf,0,0,1729984730,0,52.41935483870967
2021-02-22,0,0,2680,2680,2680,2680,10249997,0,48,0,0,27469991960,366064130.5669322,0,14,2680,0,3,2047082675058.3333,0.013419092591957588,1,0,inf,0,0,6584226680,0,45.94594594594595
2021-02-24,0,0,2650,2710,2620,2620,113834945,99446360,20,0,452791200,3.00194E+11,6619932908.701129,0,5,2637.0978855394537,1,5,1962953551943.3333,0.15292969742600718,0.3333333333333333,6.850950344275942,667.6388888888889,0,-0.026717557,5574398460,0.070912427,49.03846153846154
2021-02-27,0,0,2590,2590,2590,2590,105040113,0,5,0,0,2.72054E+11,6776104842.402696,0,14,2590,0,3,1897329716874.6667,0.143387778,1,0,inf,0,0,1.09803E+11,0,42.26804124
2021-03-01,0,0,2530,2530,2530,2530,55586986,0,13,0,0,1.40635E+11,4398970902.187819,0,14,2530,0,3,1.79219E+12,0.078470993,1,0,inf,0,0,1.0982E+11,0,41.41414141414141
2021-03-03,0,0,2450,2480,2450,2450,72382182,506024380,2,0,526141680,1.77369E+11,5409497910.3945875,0,15,2450.4572322785184,0,4,1690518163601.3333,0.10492016305352646,0,1.3801311186848522,2003.8333333333333,0,-0.008163265,11844983150,0.46316585718536796,40.196078431372555
2021-03-07,0,0,2400,2430,2400,2400,357238450,1343777060,1,0,1358775600,8.57728E+11,18635151243.43434,0,15,2400.997149047086,0,5,1635595230596.3333,0.5244136715092246,0,2.0613732103667517,2004.5,0.008264463,-0.008333333,6.27665E+11,-0.132133973,43.61702127659574
2021-03-08,0,0,2380,2480,2360,2460,972728461,1005055440,0,0,1065047700,2.33234E+12,12646262007.336178,10,7,2397.727239596005,1,30,1651491667441.3333,1.4122611537504792,0.6666666666666666,31.31506668819347,501.4166666666667,0.028571429,-0.021186441,2.30547E+11,0.15434480192249303,50.53763440860215
2021-03-10,0,0,2410,2410,2410,2410,50859784,0,4,0,0,1.22572E+11,3271668883.499584,0,5,2410,0,2,1.55711E+12,0.078717458,1,0,inf,0,0,8478661970,0,39.99999999999999
2021-03-13,0,0,2370,2440,2370,2400,806979323,2481195520,0,0,1321922190,1.92355E+12,15020055915.010069,1,19,2383.640324,0,20,1547518709635.6667,1.2429888203114923,0.42857142857142855,18.07209430005495,859.5714285714286,0.016460905,-0.016736402,3.42419E+11,0.5202173589892013,32.467532467532465
2021-03-14,1,4,2450,2520,2420,2500,1577658368,1669750080,0,0,930460000,3.94171E+12,41082826167.65117,5,8,2498.455595280055,2,29,1.58947E+12,2.4798893513289655,0.5,23.97162635079237,1200.475,0.024,-0.024489796,1.24443E+12,0.6468129423438995,23.529411764705884
2021-03-15,1,3,2490,2530,2450,2450,790939165,-841319120,0,0,708577780,1.9545E+12,11386568035.708153,2,1,2471.1117344277673,5,20,1612983086195.6667,1.2117294152537101,0.5,17.372456154926713,1501.34375,0.02,-0.024390244,1.73494E+11,-0.388255888,22.535211267605646
2021-03-17,1,2,2620,2630,2510,2520,703984411,-1239206520,0,0,140941130,1.78335E+12,11816880068.488766,5,1,2533.225051811552,1,16,1.55645E+12,1.1457808654862809,0.8333333333333334,28.093884524703153,1001.3125,0.019379845,-0.027667984,2.95284E+11,-0.392601827,31.08108108108108
2021-03-27,1,1,2520,2690,2490,2670,881406897,1473929720,0,0,431400160,2.32115E+12,14748213139.457357,8,0,2633.4601625768764,2,29,1517536610234.3333,1.5295512046405098,0.75,74.63443222438522,601.15,0.045454545454545456,-0.02,5.40299E+11,0.8757873162460623,45.23809523809524
2021-04-03,0,0,2510,2510,2510,2510,22372102,0,15,0,0,56153976020,2170159865.8571596,0,14,2510,0,3,1.49017E+12,0.037682854259875165,1,0,inf,0,0,3222907770,0,40.42553191489362
2021-04-04,0,0,2490,2490,2490,2490,21634453,0,8,0,0,53869787970,1329080100.4192958,0,14,2490,0,3,1459404406297.3333,0.036912173,1,0,inf,0,0,27361262910,0,39.99999999999999
2021-04-05,0,0,2470,2470,2470,2470,61027532,0,2,0,0,1.50738E+11,2615491923.111105,0,14,2470,0,3,1330509404043.3333,0.11329345255427493,1,0,inf,0,0,99506461990,0,41.75824175824176
2021-04-06,0,0,2450,2520,2430,2430,379799433,142157290,4,0,822417720,9.27572E+11,11572030999.878458,0,3,2442.2671248695624,0,4,1262581840382.3333,0.7346626092603344,0.2222222222222222,11.65658842761409,1336.4444444444443,0.008163265,-0.032921811,2.72312E+11,0.19589026253182537,41.30434782608696
2021-04-10,0,0,2360,2360,2360,2360,20540882,0,6,0,0,48476481520,1669515117.8161285,0,14,2360,0,3,1198749799828.3333,0.040439199,1,0,inf,0,0,2748555120,0,40.86021505376344
2021-04-11,0,0,2340,2340,2340,2340,94142350,0,2,0,0,2.20293E+11,3893525145.7387466,0,14,2340,0,3,1.17435E+12,0.18758766961847909,1,0,inf,0,0,87070237020,0,43.67816091954023
2021-04-12,0,0,2310,2350,2300,2320,594386551,3761204270,0,0,3102056850,1.37324E+12,25913150914.09115,0,11,2310.3445035552295,0,6,1.11806E+12,1.2282369834039928,0.2,8.755429914,2406.1,0.012875536480686695,-0.012987013,3.52393E+11,0.5494850953723767,45.23809523809524
2021-04-13,0,0,2370,2430,2310,2350,549070102,-264419870,0,0,164511340,1.29528E+12,5682847399.013427,0,2,2359.049226322653,3,21,1058070096209.3334,1.2241943175225465,0.16666666666666666,25.8114604,1002.5625,0.020661157,-0.017316017,1.1484E+11,0.023263342272345486,43.20987654320988
2021-04-14,0,0,2350,2370,2320,2320,357446018,-48719600,1,0,99478530,8.31547E+11,8624078613,0,4,2326.356857918613,1,9,1031993809450.6666,0.8057674258265511,0.6,6.784949771661434,2405.7,0.012765957,-0.012931034,1.97478E+11,0.25614785844656035,44.30379746835443
2021-04-17,0,0,2290,2310,2290,2290,69042105,104207970,26,0,426982810,1.5814E+11,7196826505.511164,0,15,2290.488804766309,0,4,997542686730.6666,0.15852972575869062,0,0.6900655593422959,6015.25,0,-0.004366812,4963797130,0.5328138813918423,43.20987654320988
2021-04-18,0,0,2250,2250,2250,2250,9610242,0,26,0,0,21623044500,347093164.13415045,0,14,2250,0,3,968481094296.3334,0.022326759528239006,1,0,inf,0,0,3428633250,0,33.33333333333333
2021-04-21,0,0,2190,2210,2160,2160,214824503,102515480,1,0,58135600,4.65014E+11,6859702700.106906,0,20,2164.6236695820494,1,7,879308778640.6666,0.5288406249268552,0.6,6.217006786872318,2406.8,0.009174312,-0.013824885,1.97291E+11,0.6050111426165683,31.64556962025317
2021-04-25,0,0,2040,2040,2040,2040,19186276,0,9,0,0,39140003040,848422446.5461456,0,14,2040,0,3,774441622910.6666,0.050539642862809916,1,0,inf,0,0,3660567840,0,21.42857142857143
2021-04-26,0,0,2020,2060,2020,2020,766150356,734315190,0,0,793525410,1.54968E+12,18554968708.430904,0,16,2022.6810666521442,0,11,792930034524.6666,1.9543689251460588,0,5.851702678915013,3008.8125,0.014634146341463415,-0.014851485,4.14849E+11,0.29687095851884077,4.225352112676063
2021-04-28,0,0,2060,2180,2020,2160,807459265,2562310920,0,0,434314200,1.70836E+12,9864554668.227015,10,2,2115.7200448124154,3,27,838763754332.6666,2.0367567667360587,0.625,41.95496071550857,752.25,0.037558685,-0.019138756,2.89926E+11,-0.288569369,24.637681159420282
2021-05-01,0,0,2130,2190,2060,2060,590218523,-704217730,0,0,935652200,1.23983E+12,11804268078,0,3,2100.636687608667,1,7,877027232761.6666,1.4136786599156002,0.5384615384615384,27.44633737690162,925.7692307692307,0.019047619,-0.038277512,2.11855E+11,0.9043792485075752,22.077922077922068
2021-05-02,0,0,2040,2040,2040,2040,19594911,0,2,0,0,39973618440,459265017.50059134,0,14,2040,0,3,877785019588.6666,0.04553919,1,0,inf,0,0,4061054520,0,22.077922077922068
2021-05-05,0,0,1997,2027,1997,1997,770096103,1038014760,0,0,995097570,1.53905E+12,17292846095,1,34,1998.5189830093193,0,11,928171075876.2333,1.6581551834440318,0,6.031399951298349,4013.1666666666665,0.013333333333333334,-0.014014014,2.20819E+11,-0.085352837,21.99223803363519
2021-05-08,0,0,2000,2020,1940,1940,149119762,-385681183,6,0,76348330,2.91055E+11,5156627597.197679,0,15,1951.822082756543,1,8,9.27866E+11,0.31368225794659804,0.75,9.175854671593273,1505.34375,0,-0.036082474,1.08522E+11,0.19254023608794318,22.368421052631575
2021-05-11,0,0,1910,1969,1840,1969,635037324,78429277,0,0,115780122,1.23501E+12,10310224316.024786,36,8,1944.7846940064267,2,24,959965020104.7333,1.2865165313036708,0.4573643410852713,33.47657386814579,933.7596899224807,0.032308494,-0.027687296,1.93125E+11,0.863919706,25.877763328998697
2021-05-12,0,0,2010,2030,1887,1889,601320806,-1697797829,0,0,112063680,1.16427E+12,7270865603.818667,11,20,1936.1907630799656,1,21,994086243959.5667,1.1711979692904346,0.8461538461538461,36.17874916427295,842.4125874125874,0.018781725888324875,-0.023112481,1.575E+11,0.4871028595352805,24.004825090470447
2021-05-15,0,0,1875,2009,1875,1920,355840919,415900887,0,0,171600252,6.93725E+11,3369446926,7,4,1949.5375659172014,2,17,1011298103883.2667,0.6859750220208819,0.3358208955223881,26.181700739907853,898.9925373134329,0.030800821355236138,-0.017250127,1.00649E+11,0.2692472332623738,24.096385542168676
2021-05-16,0,0,1930,2047,1925,2047,1000997689,1739063337,0,0,988328052,2.0429E+12,31827553837,6,1,2040.8616489533174,1,9,1050803747022.9667,1.944128768058485,0.9590163934426229,20.71149784,5.963114754098361,0.057156814851001464,-0.00490918,7.64183E+11,0.2476319363184001,35.27508090614886
2021-05-17,1,5,2079,2109,1939,1939,709214458,-405275464,0,0,790218736,1.42539E+12,13040979935,1,17,2009.8177364864155,1,21,1.02057E+12,1.396659408338072,0.8235294117647058,48.74189815893263,4.161764705882353,0.018795180722891568,-0.030412371,3.11455E+11,0.9075213431232648,32.537313432835816
2021-05-18,1,4,1930,1975,1910,1910,783602778,-468544265,0,0,699711080,1.50342E+12,14984343090.754145,0,16,1918.5964259343143,3,12,1.0666E+12,1.4095414599690816,0.3076923076923077,15.830415363502281,9.423076923076923,0.016260162601626018,-0.017662338,2.3029E+11,0.17137590112104534,32.897384305835004
2021-05-19,1,3,1890,1925,1824,1824,261264767,-243703298,0,0,126499940,4.808E+11,4993734738,0,9,1840.2779853052286,1,8,1018508781106.9667,0.47206249760894803,0.6534653465346535,18.284556169181187,4.48019802,0.020933977455716585,-0.036916395,1.11432E+11,0.6527474825494813,33.03030303030303
2021-05-22,1,2,1750,1794,1748,1748,596954444,161870118,2,0,137538620,1.04393E+12,12616042899.785593,5,19,1748.7531898732293,0,14,921916001479.7667,1.1323439299007665,0.043478260869565216,4.033096728136052,9.836956522,0.022905027932960894,-0.02402746,3.07251E+11,-0.194287697,34.56659619450318
2021-05-23,1,1,1700,1740,1662,1662,413579301,-537993239,1,0,104838000,6.92427E+11,7103931691.046091,0,22,1674.2310863183166,1,7,879846943831.1666,0.786986108,0.48717948717948717,13.185408645135475,5.160256410256411,0.020408163,-0.033653846,1.1944E+11,0.7024335691553136,32.312252964426875
2021-05-24,0,0,1610,1671,1605,1650,75980956,445519910,192,0,143381364,1.24261E+11,2231111262.350843,0,9,1635.4194248621984,1,4,824543936675.5667,0.1507023771989641,0.6060606060606061,6.615019813039634,5.606060606060606,0.037769784,-0.011515152,36592247063,-0.352506021,21.15384615384616
2021-05-25,0,0,1699,1699,1680,1698,51885268,74570858,207,0,248236596,87897296966,3890385917.8760843,0,1,1694.0704048401562,1,4,750102181565.4333,0.11718043104815647,0.052631579,1.312609508933914,19.473684210526315,0,-0.011309524,87897296966,0,28.245192307692307
2021-05-26,0,0,1710,1730,1650,1677,329776979,-14230600,0,0,99755220,5.56713E+11,2238177382.811129,11,14,1688.1513874563088,3,22,7.66787E+11,0.7260335701986815,0.4125,18.987903117467848,4.65625,0.032634033,-0.024955437,64966163863,-0.3406219,28.211284513805523
2021-05-29,0,0,1712,1772,1689,1772,437154822,708119187,0,0,306664407,7.72455E+11,10965774339.784658,20,2,1767.0057180199651,1,8,7.9074E+11,0.9768757586792489,0.7228915662650602,10.043945363241834,3.5843373493975905,0.040090344,-0.002829655,1.99563E+11,0.7058473274004208,37.288135593220346
2021-05-30,0,0,1845,1855,1731,1765,622252690,-557750259,0,0,272156248,1.12891E+12,7310810759.856489,1,7,1814.2265765456152,1,25,8.23346E+11,1.3711214807188428,0.6451612903225806,30.526019514436186,2.2379032258064515,0.022102425876010783,-0.028840821,1.76693E+11,0.14308594296459842,39.52095808383234
2021-05-31,0,0,1757,1811,1724,1724,495087332,113371915,0,0,108778176,8.61605E+11,7530629104.028175,3,15,1740.3083468817174,3,18,821147084276.5667,1.049269531382525,0.3793103448275862,20.753849835155297,3.132183908045977,0.033149171,-0.020881671,1.9149E+11,0.508097124,35.53719008264463
2021-06-01,0,0,1682,1750,1654,1671,290485907,-54982008,0,0,93119040,4.89858E+11,2026467525.7628126,0,7,1686.3391536478223,3,19,835859793511.1333,0.5860525441704659,0.11458333333333333,28.00710127,3.28125,0.029799427,-0.024985128,60250930003,0.8285443005897614,36.70731707317074
2021-06-02,0,0,1687,1769,1660,1766,368518237,698939715,0,0,133897335,6.40677E+11,3426683265.067919,23,7,1738.5231117910726,2,33,849872605949.1666,0.7538511862321643,0.7247706422018348,25.281170739998654,2.706422018348624,0.028901734104046242,-0.014628438,1.03213E+11,0.8366797029270026,41.289592760180994
2021-06-07,0,0,1780,1824,1750,1824,475697528,450950347,0,0,227809188,8.60032E+11,11241119573.182302,26,3,1807.9390683106515,2,14,8.32766E+11,1.0327419701606448,0.5945945945945946,25.614534439899035,3.277027027027027,0.017543859649122806,-0.016477273,2.63054E+11,0.7651884738109737,36.31901840490797
2021-06-08,0,0,1860,1898,1850,1898,1114573463,-217471931,0,0,914070126,2.11089E+12,24484871751.08457,0,8,1893.9001144916008,0,19,859952667760.6666,2.454659295007248,0.7916666666666666,10.29359840617647,5.260416666666667,0.025289779,-0.017148982,6.90234E+11,0.6326791222894886,47.37516005121639
2021-06-13,0,0,1880,2000,1852,1978,543081642,903331597,0,0,192271506,1.0546E+12,5537140273.763406,28,6,1941.8824115840764,2,24,867387790872.1333,1.215835292762917,0.6621621621621622,49.65500573397068,1.8581081081081081,0.042713568,-0.021843367,235442195769.99997,-0.333183269,54.08653846153846
2021-06-14,0,0,1986,2039,1986,2039,959178880,1705555946,0,0,1185038415,1.95441E+12,27576330922.321236,12,1,2037.5817181983823,0,7,927263296932.4667,2.1077134799096235,1,4.116466331190132,4.716981132075472,0.020598332515939184,-0.004433498,5.03835E+11,0.5946944448785813,63.32094175960347
2021-06-15,0,0,2102,2139,2000,2015,1106546626,721051547,0,0,1128030995,2.30479E+12,19361527898.071743,5,3,2082.8671774984023,1,22,1003368850371.3667,2.2970512257919427,0.6258992805755396,33.249582985956586,1.5827338129496402,0.024625784645098986,-0.026237624,1.72524E+11,0.6394545060371988,67.68211920529802
2021-06-16,0,0,2015,2119,2001,2034,600003850,764985805,0,0,291665655,1.22937E+12,5655096454.740682,1,9,2048.9329742667483,2,21,1028847299336.4333,1.194898090071184,0.16101694915254236,23.254797852244984,1.8644067796610169,0.033014354,-0.020107896,163050668247.00003,0.5769811535521652,77.03488372093022
2021-06-19,0,0,2029,2090,1960,2009,563203762,-3715893,0,0,221418802,1.13959E+12,4073100369.1949935,4,9,2023.4136865353537,5,25,1065529105913.0667,1.069510156048216,0.15384615384615385,23.60153962330769,1.8076923076923077,0.043144775,-0.028217822,92692326615,-0.04029907,75.60627674750357
2021-06-20,0,0,2021,2055,1922,1922,620557678,-1677028013,0,0,262936377,1.20413E+12,11265245011.419304,3,23,1940.3992843595113,1,18,1054010834413.2333,1.1424262777766774,0.7443609022556391,29.53827257294799,1.8796992481203008,0.012295081967213115,-0.03798127,4.08538E+11,0.5218951582060657,65.13513513513513
2021-06-21,0,0,1862,2037,1861,2037,762575072,2369990849,0,0,996324923,1.52025E+12,17771928454.978615,12,1,1993.577437457856,1,13,1047740657932.4667,1.450981639776157,0.9943181818181818,51.548846471747474,1.5056818181818181,0.035837015218458515,-0.014841351,6.15765E+11,0.7819147234808453,71.58273381294964
2021-06-22,0,0,2049,2092,2037,2092,1117539957,1553540060,0,0,582108648,2.33472E+12,23036821527,0,5,2089.160114876322,0,13,1.08424E+12,2.153330191,0.7818181818181819,5.605202560063986,5,0.020076481835564052,-0.015533981,4.50471E+11,0.5970954219035615,70.15113350125944
2021-06-23,0,0,2109,2180,2057,2090,940134381,-722426032,0,0,230621472,1.98935E+12,7585846919.881494,5,9,2116.0248230843076,3,28,1149215967619.6667,1.7310477258260433,0.15447154471544716,25.413516065574342,2.2764227642276422,0.029898804047838085,-0.021276596,2.50936E+11,0.12719709923816344,70.59569075
2021-06-26,0,0,2100,2171,2069,2089,722082093,-603730516,0,0,164860368,1.52878E+12,5799563942.480562,7,11,2117.189603915299,3,23,1.14887E+12,1.3306812175844533,0.10784313725490197,26.11815215425099,2.7450980392156863,0.029508196721311476,-0.021978022,164696729392.99997,0.084438832,74.36582109479306
2021-06-27,0,0,2080,2222,2070,2198,1158584224,2839518265,0,0,1305667029,2.53903E+12,23551694719.17257,10,10,2191.492363,1,23,1.22381E+12,2.0746982063174064,0.7763157894736842,33.48188214525958,1.8421052631578947,0.04009009,-0.016491067,9.16319E+11,0.3753718621210169,82.73291925465838
2021-06-28,0,0,2182,2220,2125,2152,539969518,-244016689,0,0,159752779,1.16829E+12,3825927741,0,8,2163.623666614085,3,17,1221582174766.0334,0.9563751440780149,0.3157894736842105,22.95189427694252,2.9473684210526314,0.028442437923250564,-0.021057557,1.04824E+11,-0.60914736,75.52910052910053
2021-06-29,0,0,2140,2246,2140,2159,483623563,431251233,0,0,405145368,1.05623E+12,5121227914.910409,3,3,2183.9928683416942,4,16,1217980795510.3333,0.86719792,0.1792452830188679,16.764712068658735,2.832547169811321,0.026797677534613668,-0.017727273,1.83306E+11,0.24308999577833326,73.75886524822695
2021-06-30,0,0,2160,2228,2142,2151,501085172,236962716,0,0,247458736,1.08914E+12,5552030127.874999,7,10,2173.560305,0,22,1.23116E+12,0.8846435347944891,0.10465116279069768,15.525653294793035,3.985465116,0.030575539568345324,-0.016091954,1.94041E+11,-0.320694226,69.79655712050078
2021-07-03,0,0,2150,2178,2066,2066,579921561,-420040003,0,0,115140420,1.21124E+12,9989383010.022356,0,30,2088.622653826454,1,16,1203439232696.1333,1.0064798261839911,0.75,30.80060303653152,3.060267857142857,0.014925373134328358,-0.019412879,2.49862E+11,0.7848687558673727,56.83229813664596
2021-07-04,0,0,2030,2130,2001,2053,344558867,33799727,0,0,129231284,7.10924E+11,2482657662.152545,20,20,2063.2877555724026,2,31,1179623642519.2666,0.6026702634042778,0.17829457364341086,24.318590589444156,2.6569767441860463,0.031310212,-0.024038462,73561230234,0.09678533,51.174496644295296
2021-07-05,0,0,2064,2122,2042,2100,308107482,196656972,0,0,74472192,6.41893E+11,2453606112.902798,6,7,2083.341420751347,2,25,1.15091E+12,0.5577284233786036,0.45,13.73963206121199,4.284375,0.019440493,-0.011230469,65662831460,-0.125719239,56.86591276252019
2021-07-06,0,0,2116,2156,2079,2083,358731337,-71088819,0,0,45492790,7.55296E+11,2776563869.0497265,2,9,2105.4628790849124,1,21,1.16006E+12,0.6510853795209481,0.42857142857142855,16.411877954131974,4.7435064935064934,0.020436600092893636,-0.015267176,75248376665,-0.360792792,53.97082658022691
2021-07-07,0,0,2100,2121,2040,2063,297676766,-169138016,0,0,64844217,6.16133E+11,3141623488.9738193,5,8,2069.805616,1,24,1.1458E+12,0.5377335102475195,0.4567901234567901,16.636072854713984,4.5092592592592595,0.018009479,-0.016401351,1.0667E+11,0.2719014285025154,54.41176470588235
2021-07-10,0,0,2051,2083,1985,2011,296341440,-271658637,0,0,41052518,5.99391E+11,2609535330.251644,2,10,2022.6360159146152,1,22,1142695039372.3333,0.5245414120999748,0.40816326530612246,16.722233185396345,3.7270408163265305,0.019098923,-0.015755785,72416506200,0.7879200423395434,57.71230502599654
2021-07-11,0,0,2003,2123,1996,2112,496798035,734357602,0,0,149432008,1.03364E+12,5438832916.521465,18,13,2080.5969956262006,3,31,1173007564962.0667,0.8811848533026522,0.8582677165354331,35.52408904188297,3.1397637795275593,0.023914104441190825,-0.010742188,2.03125E+11,0.8418020445711123,56.660746003552404
2021-07-12,0,0,2111,2145,2054,2060,315438432,-175441866,0,0,32754402,6.60784E+11,2067539392.780984,0,10,2094.811598924002,1,22,1192103791266.5334,0.5543008007700063,0.5604395604395604,24.552411147216144,4.684065934065934,0.012166588675713618,-0.010874704,58054440688,-0.528959788,47.142857142857146
2021-07-13,0,0,2055,2109,2022,2039,323491997,144638151,0,0,60614526,6.66355E+11,2288974492.1434603,2,33,2059.8823335682087,1,17,1195758524100.5667,0.5572658996282076,0.1839080459770115,17.352864847985952,4.698275862068965,0.017249640632486823,-0.014814815,77741070192,0.3594238975766158,45.59585492
2021-07-14,0,0,2050,2125,2035,2110,421762719,441683028,0,0,96398300,8.81387E+11,4220693925.9908442,3,6,2089.7690888131815,1,23,1199389578195.4333,0.734862724,0.6666666666666666,21.87204864053485,4.263888888888889,0.016509434,-0.015188633,1.47109E+11,0.6249560091752754,51.61787365177196
2021-07-17,0,0,2124,2134,2051,2057,445324854,-167660905,0,0,119003950,9.30022E+11,2670000857.5354285,0,8,2088.413515642224,1,20,1192760080742.7666,0.7797229794661201,0.8072289156626506,23.93584736845336,4.322289156626506,0.013145539906103286,-0.013320647,69836782944,0.5796383686356803,38.11129848229342
2021-07-31,0,0,2031,2089,1982,2002,449178311,-676841564,140,0,594131772,9.09171E+11,11891603870.23216,0,19,2024.0764281069662,1,9,1.19435E+12,0.7612295846292111,0.27102803738317754,14.48088911167301,3.0070093457943927,0.019314341,-0.021203156,3.0397E+11,-0.536947202,37.541528239202655
2021-08-01,0,0,1996,2069,1978,1985,479660249,205382176,0,0,224689665,9.65709E+11,4363950275.054167,11,20,2013.3197930541874,2,27,1.21021E+12,0.7979702540648825,0.12087912087912088,21.672750429676896,3.2554945054945055,0.031476997578692496,-0.023737374,1.68645E+11,0.066375466,35.78431372549019
2021-08-02,0,0,2044,2110,2030,2058,526439650,890812633,0,0,504664600,1.09178E+12,8167396242.823454,19,4,2073.9023379982873,2,20,1225244256692.8333,0.8910749142354141,0.175,16.208878073819815,3.56875,0.031874405328258804,-0.015972894,3.34265E+11,0.4766120252175371,43.13146233
2021-08-03,0,0,2050,2060,1981,1994,397514690,-306400385,0,0,51755940,7.95588E+11,3182535048.9409814,0,16,2001.4051881579521,1,24,1223096117271.6667,0.6504705163398772,0.7088607594936709,15.781191379837542,3.170886075949367,0.010406342913776016,-0.015469062,72899452971,-0.882377738,44.51219512195122
2021-08-04,0,0,1994,2020,1952,1961,408137025,-6973542,0,0,147891750,8.04306E+11,3159582781.7814374,14,12,1970.6771244020315,3,26,1179543300258.4666,0.6818794177481716,0.4852941176470588,13.954030573324937,3.8713235294117645,0.030723488602576808,-0.016888434,1.11621E+11,-0.374812729,43.19526627218935
2021-08-07,0,0,1990,2049,1989,2002,332572824,264497007,0,0,83555868,6.68471E+11,3063775376.3539696,9,5,2010.000307069588,0,22,1.16667E+12,0.5729727731876212,0.2,13.360716640419632,4.3875,0.021526418786692758,-0.022977023,99132253371,0.8092114184416189,42.68656716
2021-08-08,0,0,2000,2036,1969,1977,281484217,-56162167,0,0,69658155,5.60042E+11,1831526084.3135827,6,16,1989.605328887765,1,27,1120193564841.1333,0.4999515402683336,0.34328358208955223,16.145415327276027,3.906716417910448,0.021674877,-0.016566265,47615184078,-0.832028557,42.182890855457224
2021-08-09,0,0,1967,2061,1960,2030,474854034,653699882,0,0,221679450,9.57063E+11,4659095708.085528,21,0,2015.4893167507555,1,20,1075269351003.6666,0.8900683644053168,0.6237623762376238,25.691767056957328,2.368811881188119,0.019851116625310174,-0.019377868,1.36381E+11,0.89022061,47.679324894514764
2021-08-10,0,0,2040,2060,2017,2025,361611689,-32878577,0,0,39109188,7.36155E+11,2529374462.3734665,7,13,2035.7615753372397,1,23,1058828934627.2333,0.695254122,0.3488372093023256,10.179908195688066,4.982558139534884,0.00973236,-0.008832188,73555526494,-0.743697069,51.054216867469876
2021-08-11,0,0,2047,2074,2017,2054,476978144,779743,0,0,96720559,9.73985E+11,3153175817.8421674,24,16,2041.9908262232661,1,26,1053308627761.1666,0.9246909867502263,0.12280701754385964,13.262012485486212,3.3903508771929824,0.015496368,-0.011713031,92661617730,-0.18571962,45.101351351351354
2021-08-14,0,0,2080,2144,2080,2144,1269412948,1721543156,0,0,797998696,2.71488E+12,25633550653.182575,32,7,2138.688625442475,3,12,1.10367E+12,2.4598716652514474,1,11.343700443792171,2.984375,0.020522388059701493,-0.017568851,5.11497E+11,-0.078549007,56.666666666666664
2021-08-22,0,0,2290,2302,2263,2302,1088269627,43900433,0,0,285761952,2.50342E+12,27466641841.113216,9,11,2300.3687950329977,0,17,1136439240801.4333,2.202864350906742,0.3076923076923077,4.71586136,4.358974358974359,0.013900955690703735,-0.012758469,7.40138E+11,0.504625585,67.14471968709256
2021-08-23,0,0,2345,2346,2250,2265,724943081,-894636671,0,0,513499200,1.66292E+12,6171732853.850119,8,14,2293.8651397667454,3,20,1114045966030.6333,1.4926867584701384,0.8333333333333334,20.591921958453565,1.7708333333333333,0.024117140396210164,-0.026269702,1.59878E+11,-0.666097584,60.572987721691675
2021-08-24,0,0,2270,2398,2265,2358,589785623,998112997,0,0,254137760,1.38194E+12,5034754027.220328,14,10,2343.1306001638495,1,25,1.0938E+12,1.2634355001686415,0.6616541353383458,21.987649550166996,1.1879699248120301,0.027196652719665274,-0.016883117,1.54279E+11,0.7074565247047113,69.46959896507116
2021-08-25,0,0,2370,2429,2275,2390,521800894,565077036,0,0,301041559,1.23372E+12,5402286335.434061,23,18,2364.3546571539605,2,27,1.08396E+12,1.138158289898779,0.12987012987012986,37.32253855589274,0.474025974,0.022249690976514216,-0.023696682,1.96558E+11,0.488705032,75.86666666666667
2021-08-28,0,0,2406,2482,2396,2482,622213023,1157550893,0,0,478030850,1.53951E+12,18275077819.67927,4,0,2474.252,1,7,1.05065E+12,1.465299429310014,0.8837209302325582,13.997213536455869,0.8488372093023255,0.029008863819500404,-0.004048583,5.8556E+11,0.7282812423741577,80.12121212121212
2021-08-30,0,0,2320,2370,2315,2315,466287647,485549537,0,0,952900350,1.08113E+12,12593935046.90933,1,25,2318.579575660515,0,8,1.04774E+12,1.0318628099141842,0.090909091,8.466713401126285,0.6909090909090909,0.023206751054852322,-0.01511879,1.46522E+11,0.5969510065053921,63.98258977149075
2021-08-31,0,0,2206,2299,2204,2207,768805329,612685602,0,0,648217926,1.70692E+12,16354866918.019009,16,49,2220.229518576867,2,26,1069430836849.9667,1.5961053549875044,0.010526315789473684,29.39757407654174,0.28157894736842104,0.019077196095829637,-0.013926325,2.30846E+11,-0.082134528,61.059190031152646
2021-09-04,0,0,2291,2316,2220,2235,399876306,-99491299,0,0,111786233,9.00828E+11,2910872590.7231855,19,8,2252.7674760079435,3,22,1.06315E+12,0.8473170293440545,0.5833333333333334,21.546579595753617,0.19010416666666666,0.018582541054451167,-0.017621145,78828990345,-0.457383509,64.30062630480168
2021-09-05,0,0,2215,2331,2179,2294,529894808,1076830944,0,0,333849554,1.20591E+12,4952787696.439393,13,24,2275.758847759837,2,35,1.06298E+12,1.134468149885649,0.5197368421052632,31.07973451416456,0.12664473684210525,0.032618026,-0.02283105,1.60864E+11,0.049467649158201885,64.95901639344262
2021-09-06,0,0,2290,2330,2182,2200,443119585,-222094414,0,0,111096531,9.97473E+11,3754718085.8328524,2,37,2251.024752548457,1,23,1.07253E+12,0.9300206431980604,0.6081081081081081,32.48690747029238,0.10304054054054054,0.017421602787456445,-0.013943355,97831169352,-0.064962436,60.66985645933015
2021-09-07,0,0,2191,2200,2139,2141,517964021,-98120053,0,0,37583694,1.11862E+12,5278866456.373732,7,20,2159.6499657511927,1,27,1088418901822.7333,1.0277485794666819,0.819672131,20.052594322804413,0.25,0.015027322404371584,-0.014292301,1.66462E+11,0.079005701,55.28068506184586
2021-09-08,0,0,2160,2217,2139,2185,331638818,79494170,0,0,62192325,7.22231E+11,2433088754.5860133,24,20,2177.7652255623466,0,25,1087316767545.0333,0.6642328223427194,0.32051282051282054,14.444166590967962,0.5224358974358975,0.019589977,-0.013824885,62354357674,0.006090066,57.33944954128441
2021-09-11,0,0,2200,2258,2110,2120,272742264,-57002425,0,0,74546016,5.89035E+11,2101993151.1417458,2,13,2159.6745433593674,1,26,1.08641E+12,0.542182634,0.5405405405405406,32.62915204,0.40371621621621623,0.007466169,-0.014918415,53927327790,0.36655671354267483,52.93072824156306
2021-09-12,0,0,2130,2150,2052,2052,389901970,-172182594,0,0,82041474,8.02709E+11,7702826513.175916,2,17,2058.7461390564404,1,14,1093190760488.7667,0.7342809730564388,0.7959183673469388,17.041771820592956,1.0892857142857142,0.0062954,-0.019883608,2.06295E+11,0.760045437,45.833333333333336
2021-09-13,0,0,2130,2133,1980,2079,513769623,-271318400,0,0,226926080,1.06535E+12,4515468224.774259,9,5,2073.587297353701,3,25,1094247749320.9333,0.9735877132762036,0.3333333333333333,34.86642185510143,0.8741830065359477,0.026328161730136343,-0.053266332,1.2483E+11,-0.069469131,38.540596094552924
2021-09-14,0,0,2100,2160,2079,2128,272298843,247775272,0,0,75857470,5.77835E+11,2222002033.1539474,23,11,2122.0608944049022,0,27,1091482770661.6666,0.5294034334336871,0.345679012,12.95663675844231,1.6481481481481481,0.022076092,-0.01030445,66599822403,0.606765881,43.04568527918782
2021-09-15,0,0,2163,2163,2060,2079,275594247,-212739473,0,0,50941947,5.79482E+11,1925557138.9802094,14,37,2102.6621227401747,1,23,1088586975153.0333,0.5323245616920381,0.8155339805825242,19.736150333437138,1.2815533980582525,0.017330210772833723,-0.014846743,49624865387,0.6954704156363057,35.17534537725824
2021-09-19,0,0,1960,2050,1904,1955,419769237,42595156,0,0,119570235,8.16182E+11,2745361833.386364,5,24,1944.357939805389,2,24,1086413473681.9333,0.7512624508244561,0.034246575,36.28940030040001,0.9041095890410958,0.036203522504892366,-0.026490066,82446677063,0.6668603585585695,28.944820909970957
2021-09-20,0,0,1970,1980,1908,1910,300771914,1167272,0,0,129586220,5.84729E+11,2216181618.528807,5,21,1944.093599876483,1,27,1074903683984.7667,0.5439824625610704,0.8333333333333334,16.60294768866683,1.8333333333333333,0.020886398369842078,-0.0265625,53365390238.99999,-0.301918996,20.993914807302218
2021-09-21,0,0,1910,1940,1847,1861,389768230,-154252677,0,0,264538800,7.2296E+11,5322890744.354166,0,15,1854.8463640712841,1,9,1068696649082.5667,0.6764877431464134,0.5268817204301075,17.70379561364269,1.3494623655913978,0.007522837,-0.021265284,1.46943E+11,0.6862923085047681,23.847926267281096
2021-09-22,0,0,1853,1870,1764,1855,375280645,508892454,0,0,227655252,6.8073E+11,2409492929.4433856,9,22,1813.9228829267227,2,27,1.0592E+12,0.6426849132606379,0.018867924528301886,30.06811436523713,1.1580188679245282,0.020652173913043477,-0.032079646,66727638111.00001,0.067475321,27.02349869451696
2021-09-26,0,0,1912,1912,1830,1848,179250617,-265134782,2,0,35464963,3.33818E+11,1499793082.813972,10,16,1862.2963986729262,1,23,1033931783541.9333,0.3228624787560381,0.7804878048780488,16.984788739645982,1.4969512195121952,0.023048716605552647,-0.018766756,35968443007,0.17870345655218847,24.02684563758389
2021-09-29,1,5,1850,1872,1804,1839,247677772,89675941,0,0,46713216,4.56966E+11,1613212933.0161088,7,9,1845.002773745074,3,12,1022644390655.2667,0.4468475850556376,0.16176470588235295,9.752869076788663,2.139705882352941,0.025268817204301075,-0.010303688,50743736606,0.2563283883703939,17.26618705035972
2021-10-02,1,4,1855,1880,1817,1824,462271079,122417770,0,0,228790104,8.50264E+11,2678561150.3126316,2,7,1839.3191736876968,3,24,1024176315997.1666,0.8301930495416301,0.49206349206349204,13.787813639840213,2.2142857142857144,0.014933333333333333,-0.017563117,71265672367,-0.257292872,19.480519480519476
2021-10-03,1,3,1828,1930,1790,1930,632704827,1270353942,0,0,316640856,1.18804E+12,10251728893.949385,20,15,1877.7170683226034,2,23,1041495288480.6666,1.140706699,0.7285714285714285,39.22501003980059,0.9964285714285714,0.027792344,-0.014810752,3.42566E+11,-0.03328004,34.08748114630467
2021-10-04,1,2,1941,1955,1906,1931,372922885,-232600962,0,0,203042575,7.20462E+11,4175882343.8927927,6,14,1931.9327106085216,1,22,1046842602544.8334,0.6882237294456542,0.20408163265306123,11.701311383082174,3.020408163265306,0.015479876160990712,-0.010926119,64990621269.00001,-0.217886776,29.516129032258064
2021-10-06,1,1,1931,1971,1910,1939,326550410,160759960,0,0,219042795,6.34902E+11,3673166391.242744,8,10,1944.2696554966813,0,26,1036103896565.1666,0.6127783663952926,0.13114754098360656,11.084213360821101,2.8442622950819674,0.015432098765432098,-0.008749357,1.54611E+11,0.13078530678722564,33.92539964476022
2021-10-09,0,0,1948,1948,1847,1850,246309483,-349045146,45,0,15029940,4.5896E+11,3665101794.945079,0,26,1863.3475968320715,3,17,1026864063284.0333,0.44695320406597033,0.9702970297029703,19.573159930270666,1.7178217821782178,0.011205976520811099,-0.024051309,65954241653,0.8386049558826522,32.70547945205479
2021-10-10,0,0,1799,1881,1799,1880,202202655,631294185,59,0,380342650,3.70089E+11,2869566969.0957365,1,26,1830.2873532100753,1,22,1006734195546.5333,0.36761338183321274,0.9878048780487805,17.797235853075943,2.1402439024390243,0.027027027,-0.011544805,70557516092,-0.56515251,33.04940374787053
2021-10-11,0,0,1870,1879,1801,1814,177081163,-70097452,0,0,13869882,3.24277E+11,1091025543.7850382,3,32,1831.235307213337,1,25,927047470381.5667,0.349795764,0.717948718,16.850055760431054,2.25,0.011891891891891892,-0.011853448,33745473487,-0.184971688,24.00662251655629
2021-10-12,0,0,2310,2348,2294,2348,1444462894,468381101,0,0,150281131,3.38675E+12,29322115653.98235,14,0,2344.6419437639083,0,4,956491696946.5667,3.5408026000587403,0.7037037037037037,6.883314479768137,3.25,0.014054514480408859,0,7.29117E+11,-0.672263884,62.35078053259872
2021-10-13,0,0,1707,1766,1668,1730,296818674,-130453682,0,0,58330283,5.0584E+11,2449502799.2994695,3,21,1704.2046169911803,2,24,917922300040.5333,0.5510703407223719,0.23469387755102042,17.196541217563137,1.9362244897959184,0.026704545454545453,-0.023255814,69668881610,0.22207804823796792,42.893240682248894
2021-10-16,0,0,1740,1785,1730,1777,190108612,44665759,0,0,38009489,3.3612E+11,1376134780.0048294,23,6,1768.0437719412732,0,23,8.83061E+11,0.3806307402307342,0.6727272727272727,7.671367198010742,3.040909090909091,0.025210084033613446,-0.009106431,38932714641,0.001952241,45.804416403785496
2021-10-17,0,0,1780,1780,1680,1690,280797871,-167047963,0,0,24213410,4.78407E+11,2221632674.912859,5,18,1703.742466836581,1,15,8.57884E+11,0.5576594049857201,0.9,19.02875293183471,1.83,0.009883721,-0.025882353,55306492142,0.5502819088671143,44.73197781885397
2021-10-18,0,0,1672,1750,1653,1738,281428154,586528498,0,0,230330682,4.80197E+11,2470795861.1207714,10,10,1706.286704012563,3,27,822573826398.4667,0.5837738837466797,0.6804123711340206,20.561567517660833,2.1211340206185567,0.039769452,-0.018742443,64567439518,0.037547282,46.486486486486484
2021-10-19,0,0,1758,1791,1730,1791,425344518,260764151,0,0,72254120,7.57305E+11,6359132100.413385,17,2,1780.4499094919568,2,16,811779812860.4333,0.9328941131308977,0.5409836065573771,18.561822708089007,3.372950819672131,0.01452514,-0.014334862,1.60306E+11,0.8674328486449093,48.33430742
2021-10-20,0,0,1789,1813,1725,1738,203667935,-200887285,0,0,47380248,3.58025E+11,1740959843.4126463,2,15,1757.883653212274,3,21,766816487798.2667,0.46689728157513055,0.5795454545454546,16.912561106218355,2.2244318181818183,0.029314159,-0.018018018,47489133495,0.7748315288836226,47.12250712250712
2021-10-23,0,0,1730,1730,1671,1674,370691245,-401118002,0,0,22784370,6.21172E+11,4461370298,0,11,1675.7125359327006,1,22,757494608785.7333,0.8200348345749167,0.9491525423728814,7.757670631967015,3.3177966101694913,0.010059171597633136,-0.026929982,93289412506,0.24739622147387683,45.84257206208425
2021-10-25,0,0,1645,1738,1631,1672,310297583,339509871,0,0,130247376,5.20891E+11,2207483822.2108636,16,31,1678.6832177290921,4,29,7.34661E+11,0.709023151,0.2523364485981308,21.41752795,1.733644859813084,0.030769231,-0.03347535,84906782981,-0.208895776,42.411764705882355
2021-10-26,0,0,1671,1729,1670,1680,231812369,161998276,0,0,74403715,3.93524E+11,1696139922.630826,6,24,1697.5985202713666,2,24,7.14529E+11,0.5507465357872365,0.15254237288135594,10.56575608465681,1.6610169491525424,0.022016222,-0.010047281,51581669756,-0.100820286,42.64792032806092
2021-10-27,0,0,1701,1738,1680,1696,219905018,77663924,0,0,50388300,3.7507E+11,1381888882.0634193,7,9,1705.601657416476,2,25,689743912478.3667,0.5437820564842808,0.086206897,13.004228416555684,0.34913793103448276,0.017331023,-0.017190279,46154236156,0.390298106,42.91545189504373
2021-10-30,0,0,1726,1726,1621,1668,402885513,625565800,0,0,506325625,6.64592E+11,4535712235.161605,1,13,1649.5814550249167,2,26,687822611993.5667,0.9662265519546718,0.5523809523809524,25.148213650402827,0.18333333333333332,0.021582734,-0.024570025,1.08507E+11,0.8420655669898678,44.49818622
2021-10-31,0,0,1640,1640,1568,1570,558751684,-199692250,0,0,108132016,8.79036E+11,8779784632.220837,0,29,1573.2138970036644,1,8,697489324986.3667,1.2602858319877253,0.9722222222222222,17.52551503880167,0.2048611111111111,0.010101010101010102,-0.02590019,2.03238E+11,0.769307118,40.998838559814175
2021-11-01,0,0,1620,1652,1601,1652,152632403,271073389,0,0,453967888,2.51493E+11,3514031632.7976456,11,0,1647.700741316377,2,5,679115436593.8334,0.3703236740330689,0.6274509803921569,3.8839423237841824,0.3235294117647059,0.030871670702179176,0,24414820444,0.6777434763645802,45.33947065592635
2021-11-02,0,0,1698,1730,1681,1730,318838776,475044498,2,0,796839360,5.47628E+11,12221552689.85809,9,0,1717.5714917184353,0,3,661858177530.2667,0.8274104796219082,0.6530612244897959,7.4496701182852645,0.7040816326530612,0.020231214,-0.017078916,265930336254.99997,0.5950528251081503,25.897035881435258
2021-11-03,1,5,1803,1803,1772,1803,447813942,-1411580404,3,0,589884288,8.07165E+11,24190750503.26269,13,0,1802.4571308590478,1,4,6.69503E+11,1.205619683,0,1.5206035424422935,1.8064516129032258,0.012201885745978924,0,16863163308,0,54.95251017639077
2021-11-06,1,4,1892,1892,1892,1892,45605168,0,2,0,0,86284977856,1151182525.5264354,0,0,1892,0,3,6.53063E+11,0.13212358443945016,1,0,inf,0,0,11917026880,0,57.38125802310655
2021-11-07,1,3,1957,1957,1901,1957,2016353606,-129570936,58,0,332706082,3.94001E+12,54302282701.16128,2,5,1954.0273346296185,1,14,7.5719E+11,5.203461089854941,0,11.066562627329144,1.4241071428571428,0.022483392948390392,-0.020865936,1.86625E+12,0.34447215689626076,67.63540290620872
2021-11-08,1,2,1971,2051,1970,2051,1856803942,2945185187,0,0,1639535212,3.79315E+12,42170415450.30925,16,3,2042.8387722154027,1,15,864137672391.0667,4.389521723574857,0.9876543209876543,11.185769529341497,0.9845679012345679,0.026470588235294117,-0.02653981,7.2208E+11,0.4028733269937773,69.48941469489415
2021-11-09,1,1,2050,2139,1962,2046,1532746439,1351931964,0,0,971021493,3.15241E+12,16011234818.983938,6,3,2056.704531008211,6,24,945119217782.1333,3.335459153370729,0.022598870056497175,28.051836598851803,0.4505649717514124,0.043099273607748186,-0.039979757,4.62413E+11,0.2020202761741213,66.88741721854305
2021-12-08,0,0,2230,2250,2180,2190,672998383,-4161964365,203,0,1250352740,1.49468E+12,51205359261.98469,13,2,2220.922525,1,8,972250788410.7333,1.5373371625506613,0.5714285714285714,4.43939981,1.1392857142857142,0,-0.01826484,1.28452E+12,-0.289221952,76.71394799054374
2021-12-11,0,0,2235,2300,2110,2112,1299517837,-1292060338,0,0,2397294848,2.83809E+12,15976353981.03083,3,11,2183.9566409945323,3,18,1055726549467.6666,2.6882819340273882,0.6473684210526316,43.55187090243561,0.5684210526315789,0.030872483,-0.026728111,3.97757E+11,0.8458171189758508,75.46511627906978
2021-12-12,0,0,2100,2125,2075,2075,784137031,-899095340,16,0,252794220,1.62801E+12,23161884024.45143,0,11,2076.1862483841805,1,4,1094761494276.8667,1.4870951610207739,0.5,2.990301022482201,2.51,0.009073543,-0.018795181,5.23421E+11,0.35437236608392597,72.51396648044692
2021-12-13,0,0,2050,2098,1973,1973,515924437,-860756329,0,0,285149377,1.04071E+12,8016375339.986233,4,16,2017.1770812263346,3,10,1101109723974.0334,0.9451473611593881,0.616,36.504087356233946,1.022,0.035953979,-0.030212977,1.82003E+11,0.6120742118664416,64.81294236602628
2021-12-14,0,0,1922,1969,1917,1917,812719370,961689612,0,0,1098972036,1.56156E+12,14098181478.271383,7,33,1921.3992522240487,0,18,1113560315204.6333,1.4023114585392173,0.096153846,9.856315656,2.456730769230769,0.019437340153452685,-0.014568158,2.24299E+11,-0.071210246,60.738581146744416
2021-12-15,0,0,1890,1950,1825,1856,733462286,-5754416,0,0,340062352,1.37023E+12,6933079081.278487,9,25,1868.1651501887857,3,33,1135219207258.5334,1.2070168236423662,0.272,30.09392186239487,0.97,0.035585353,-0.022703273,1.83534E+11,-0.259554999,58.85122410546139
2021-12-18,0,0,1900,1961,1890,1961,701284890,1698229609,0,0,1296337856,1.36994E+12,11600078066.423382,29,7,1953.4757550829306,1,34,1159720573154.1333,1.181269921163093,0.8591549295774648,11.691259760867373,0.7746478873239436,0.03518613,-0.012919897,1.52925E+11,0.18257189834726298,68.28811973807296
2021-12-19,0,0,1965,1970,1856,1856,438255155,-836870623,0,0,200650704,8.221E+11,8258432550.094676,0,17,1875.8482390127276,3,13,1171825239071.4666,0.7015552604042029,0.956140351,19.894801939808136,0.5877192982456141,0.024504692387904068,-0.043108036,2.20861E+11,0.7686520989771813,59.34065934065934
2021-12-20,0,0,1841,1909,1802,1870,370527768,390633560,0,0,192351668,6.88572E+11,3381668412.9537005,5,5,1858.353870026281,4,29,1182441330717.5667,0.5823305509772219,0.27102803738317754,20.91563411146774,0.6261682242990654,0.027098831,-0.036051026,98267454045.00002,0.14181069087894568,56.809338521400775
2021-12-21,0,0,1888,1920,1851,1862,241912083,-80001063,0,0,34001757,4.55361E+11,2339393885.9096093,9,11,1882.339206,3,23,1.18681E+12,0.3836842468781497,0.37681159420289856,15.073953036624827,0.9710144927536232,0.020472441,-0.013227513,74000231933,0.091423013,53.06334371754932
2021-12-22,0,0,1889,1976,1882,1976,503135110,610777001,0,0,227203160,9.85918E+11,8641826679.545547,9,1,1959.5489895706146,1,22,1106783095027.4333,0.8907959480475824,0.925531915,21.68593583798668,0.7127659574468085,0.018320611,-0.011270492,2.845E+11,0.8841607294672016,54.25101214574899
2021-12-25,0,0,1999,2023,1892,1905,477972274,-601163708,0,0,190203372,9.35099E+11,3764457163.621345,0,11,1956.3874587106282,3,28,1121091735288.2666,0.8340967407315315,0.7175572519083969,32.581240452708904,0.5114503816793893,0.015354135710747894,-0.027347781,95003390714,-0.614709085,47.38430583501006
2021-12-26,0,0,1910,1932,1865,1921,278809739,-113513329,0,0,32752180,5.31227E+11,1749953933.7600985,4,9,1905.3404336030026,2,23,1127595306006.9333,0.47111536042145746,0.16417910447761194,14.88231038688501,1,0.016350210970464137,-0.010587612,50352727577,0.37072705249472837,42.903930131004365
2021-12-27,0,0,1931,2000,1922,1967,647168553,943230601,0,0,714673380,1.28779E+12,15110996138.554218,11,7,1989.8793333766946,1,23,1154574641720.4666,1.1153781507854954,0.46153846153846156,15.625096946612336,0.8589743589743589,0.0325,-0.013803681,2.97866E+11,0.20826626302217202,45.87251828631139
2021-12-28,0,0,1980,2065,1951,2025,473588868,785427747,0,0,302754620,9.5208E+11,5178261234.715841,26,12,2010.351033947867,2,19,1.1703E+12,0.8135320532831439,0.39473684210526316,24.13088456,0.5877192982456141,0.024257425742574258,-0.016785351,1.37974E+11,0.2822779953310101,40.52812858783008
2021-12-29,0,0,2018,2055,1950,1969,433094222,-162842514,0,0,154059719,8.6509E+11,4199200079.5114303,7,2,1997.4645074438329,3,18,1173896924433.5667,0.7369389243790947,0.4666666666666667,24.864705221106234,1.911904761904762,0.022515907978463045,-0.024623116,1.03961E+11,0.7523162754163066,41.57832744405182
2022-01-01,0,0,1932,1950,1898,1898,483897009,-331939844,0,0,45993240,9.21875E+11,8562358382.416912,0,18,1905.1058852132728,1,15,1192691941302.3333,0.7729364203436968,0.6538461538461539,12.558526462999447,3.860576923076923,0.012345679012345678,-0.011591149,1.92265E+11,0.8140626302582107,39.977349943374854
2022-01-02,0,0,1880,1928,1859,1889,312005308,59056170,0,0,63764652,5.89326E+11,2156440504.540223,7,6,1888.8330720418385,1,20,1.19163E+12,0.49455430209009343,0.13043478260869565,14.793689423306246,2.9094202898550723,0.023364486,-0.012827365,66044103694,0.3487927010546032,44.68354430379747
2022-01-03,0,0,1899,1928,1840,1855,243415136,-38832357,9,0,88610690,4.57769E+11,2282929088.5079994,2,16,1880.6085552338043,1,25,1.18953E+12,0.38483266939260696,0.5,19.763860568023716,2.28125,0.014004149377593362,-0.012882448,59647987081,0.9070763654253258,45.96354166666667
2022-01-04,0,0,1850,1879,1787,1828,313410783,-426308342,0,0,42042360,5.69566E+11,4881310933,10,11,1817.313684947464,2,23,1.19539E+12,0.47646678246253316,0.2391304347826087,15.345327018007447,2.182065217391304,0.024536532170119956,-0.017877095,171062585839.00003,0.20946898507213033,48.09264305177112
2022-01-05,0,0,1805,1868,1805,1834,206261695,21865337,0,0,27220734,3.78134E+11,1681953549.035132,20,4,1833.2730293184102,2,23,1195496482300.9333,0.31629871607586646,0.4603174603174603,14.071332287473687,3.1865079365079363,0.014634146341463415,-0.015969163,41874707558,0.16111765542076179,39.99999999999999
2022-01-08,1,5,1850,1924,1840,1924,823489624,1054982057,0,0,575271918,1.58178E+12,21294206894.025414,20,3,1920.8262257946799,1,21,1226069415491.1333,1.290123092920785,0.8809523809523809,12.161498697981177,2.419642857142857,0.038981289,-0.008933263,4.67401E+11,0.43579566299895683,55.48387096774194
2022-01-09,1,4,1942,1977,1882,1920,545684675,-224795780,0,0,224974872,1.05455E+12,5292757974.980744,2,11,1932.52772,3,17,1231919910379.0667,0.856022175,0.23157894736842105,17.83597834408148,1.9052631578947368,0.019308943089430895,-0.023352361,1.22074E+11,0.23276450019580186,54.09836065573771
2022-01-10,1,3,1919,2029,1902,2029,734256431,1182314364,0,0,373192470,1.46985E+12,13336055658.282974,32,4,2001.8243106297016,1,20,1272531905387.0667,1.1550613132681449,0.8661417322834646,39.18865111151275,1.297244094488189,0.023469388,-0.013548723,2.48616E+11,-0.30796264,61.74402250351618
2022-01-11,1,2,2050,2102,2010,2047,694270995,450112555,0,0,543619789,1.43654E+12,11829222748.719446,7,18,2069.1376271797153,1,22,1302162366957.1333,1.1031974780310099,0.032608696,21.60273741546247,1.5353260869565217,0.028122020972354625,-0.014778325,4.3907E+11,0.098122981,55.77235772357724
2022-01-12,1,1,2039,2110,2009,2027,423615268,97656455,0,0,175478655,8.703E+11,4069247876.7543263,17,11,2054.4573822962398,2,24,1.30427E+12,0.66727106,0.1188118811881188,20.113102954491534,1.1806930693069306,0.02313253,-0.014669927,1.22914E+11,0.6272550944144093,60.81560283687943
2022-01-15,0,0,1989,1999,1952,1956,413306584,-195465112,56,0,198529890,8.08695E+11,8670625818.652122,0,23,1956.645621989414,1,12,1.32835E+12,0.6087975688240115,0.7021276595744681,9.614820384097408,1.946808510638298,0.014014014014014014,-0.015760041,1.97007E+11,0.7921452732126094,52.827140549273025
2022-01-16,0,0,1930,2011,1882,1988,314511210,305349811,0,0,75546125,6.15356E+11,3266073205,10,16,1956.548262610417,2,22,1.21753E+12,0.5054156402239964,0.4496124031007752,32.02512968622372,0.5484496124031008,0.02115869,-0.020515518,79617554710,-0.400697246,51.73553719008264
2022-01-17,1,5,1990,2054,1985,2000,548985115,657991455,0,0,596189932,1.11658E+12,11225216007.666168,13,2,2033.8962150695106,2,20,1128306286400.7666,0.9896060679497083,0.14492753623188406,16.570680996014758,0.7355072463768116,0.018022406,-0.010344828,3.64242E+11,0.7924565272575109,47.76386404293382
2022-01-18,1,4,1990,2009,1933,1933,234613428,-257081479,0,0,42092970,4.56739E+11,4845701995.372197,0,13,1946.7735570403925,1,14,1.03845E+12,0.4398275372046266,0.75,20.731955757218312,0.3684210526315789,0.008512769,-0.018442623,1.27837E+11,0.9178576265833407,46.84210526
2022-01-19,1,3,1920,1986,1891,1950,259186005,9279994,0,0,87595470,5.01381E+11,2477125599.915963,4,13,1934.4447028225925,2,18,1.00534E+12,0.49871742792331675,0.3157894736842105,15.86000786960912,0.021052631578947368,0.027258960121150935,-0.019556025,66278614342,0.08962243,55.03875968992248
2022-01-22,1,2,1960,1994,1853,1868,267244612,-446042595,0,0,56685984,5.10921E+11,2343509912,6,12,1911.810661791752,1,29,927768515939.9333,0.5506988971385602,0.6524822695035462,28.998253418071755,0.10460992907801418,0.012598425196850394,-0.017653167,61614491359,0.539263645,48.217317487266556
2022-01-23,1,1,1851,1923,1820,1902,293501295,193139745,0,0,73316716,5.49774E+11,2297828648.993372,3,8,1873.156498812041,4,23,8.91827E+11,0.6164578546989451,0.49514563106796117,24.956577007489166,0.28398058252427183,0.029905561385099685,-0.020518359,59515638652,0.003267028,53.98981324278438
2022-01-24,0,0,1918,1943,1867,1897,219103478,219495418,38,0,146311256,4.17282E+11,2303249425.619034,6,3,1904.4973659204077,3,21,8.71046E+11,0.4790584,0.27631578947368424,15.307373985656453,0.5296052631578947,0.025257731958762887,-0.028327098,61618924288,0.041038379,56.08465608465608
2022-01-25,0,0,1809,1860,1809,1839,345618870,1709184108,56,0,1589792978,6.275E+11,15356346404.777542,0,14,1815.585089080929,0,8,839910931319.0333,0.7471035838187574,0.5882352941176471,9.269765296076105,0.6764705882352942,0.014001077005923533,-0.001092299,3.89704E+11,-0.38133976,50.40387722132472
2022-01-26,0,0,1880,1906,1830,1906,463598451,502800542,0,0,214183446,8.76864E+11,10460961059.073807,22,3,1891.4309209889918,2,24,823465456767.7333,1.0648466647111932,0.34210526315789475,17.22696718138151,0.45394736842105265,0.019937041,-0.015450186,2.12906E+11,-0.191640939,48.489932885906036
2022-01-29,0,0,1944,1985,1920,1985,357191539,429162423,1,0,158106923,7.06967E+11,8495381672.201183,15,0,1979.2386750991882,2,5,801366266047.2667,0.8822024813873326,0.6307692307692307,9.857338502422243,0.1423076923076923,0.021673387096774195,-0.006592292,2.9681E+11,0.7968926695485967,54.843517138599104
2022-01-30,0,0,2034,2068,1952,1968,450022798,-299156904,0,0,211639428,8.98589E+11,3881355587,1,9,1996.7632811993672,1,26,803915893980.7333,1.1177649371994325,0.5689655172413793,21.773311687603304,0.13793103448275862,0.021510755377688845,-0.018719212,84674735091,-0.778315805,44.73229706390328
2022-01-31,0,0,1941,2096,1941,2096,559313274,5782962735,0,0,4092595826,1.15233E+12,21481870963.332626,12,2,2060.2566968256865,1,17,819374467539.6333,1.4063519965933788,1,50.328132902926484,0.22419354838709676,0.055343511,-0.013177902,5.50505E+11,0.834032421,53.55587808417997
2022-02-01,0,0,2163,2163,2085,2091,1194512914,-4468780050,0,0,431478522,2.55645E+12,37986008236.28756,17,17,2140.1618437814564,1,23,8.89411E+11,2.8743196318722686,0.9230769230769231,18.449787145252788,0.44551282051282054,0.014097744360902255,-0.024632875,250563449473.99997,-0.730182619,54.74777448071217
2022-02-02,0,0,2095,2170,2066,2107,537984459,393175467,0,0,261691470,1.14269E+12,4974427284.698395,11,17,2124.023319,2,23,8.94637E+11,1.2772689322223016,0.11538461538461539,24.87074309158314,0.23317307692307693,0.024824355971896955,-0.019542421,1.35283E+11,0.063137807,62.197092084006464
2022-02-05,0,0,2167,2196,2090,2095,412456569,-223431997,0,0,257775084,8.79756E+11,4285837547.6245117,3,16,2132.9667626096166,1,24,8.92792E+11,0.985398962,0.6792452830188679,22.67794925797419,0.22877358490566038,0.009420631,-0.013314313,75712644296,-0.006387742,58.931552587646074
2022-02-06,0,0,2090,2119,2027,2027,266448977,-455463804,12,0,67910478,5.44595E+11,7005274431.654094,0,23,2043.9011218646938,1,8,893237437072.3334,0.6096871228270063,0.6847826086956522,18.87096643908152,0.26358695652173914,0.01352657,-0.025703201,2.363E+11,0.8165137742355505,52.06106870229007
2022-02-07,0,0,1961,2040,1942,1967,586555002,906538726,0,0,500834357,1.15763E+12,10453605742.768454,0,26,1973.6111072887927,4,26,888898908344.2333,1.3023207207435312,0.061224489795918366,19.680033958666552,0.12244897959183673,0.025857782197911485,-0.019657258,88789338593,-0.080544294,52.623456790123456
2022-02-08,0,0,1971,2072,1970,2039,431824844,1074457797,0,0,521447787,8.84166E+11,10577021420.612831,12,6,2047.5099812321128,2,27,886635101937.0333,0.9972148365233472,0.6666666666666666,15.68786154235673,0.06372549,0.024236548715462918,-0.013222331,3.41444E+11,0.070053596,56.33001422475107
2022-02-09,0,0,2056,2149,2022,2091,540602335,1322304781,0,0,408736602,1.12854E+12,8287794150,11,13,2087.565466062961,2,26,895416849556.8667,1.2603546225174398,0.2755905511811024,29.594136558789344,0.001968504,0.023707918,-0.012745098,2.37936E+11,0.5714376847084088,66.56760772659732
2022-02-12,0,0,2081,2107,1997,2008,362279455,-168718210,0,0,162942758,7.42631E+11,3057065706.017784,3,15,2049.884250753331,1,28,889442046539.9667,0.8349402325479451,0.6636363636363637,24.801945495097268,0.20909090909090908,0.026190476,-0.01965602,87812672612,0.6580613580818102,57.34072022160665
2022-02-13,0,0,1990,2023,1979,1990,195444814,20912770,0,0,28042380,3.90096E+11,1767565797.7499146,5,4,1995.940211378543,0,24,8.82801E+11,0.4418845692035521,0,8.934234795350351,0.6079545454545454,0.012935323383084577,-0.012066365,51298354364,-0.119649319,56.32653061
2022-02-14,0,0,1990,2044,1990,2018,208622122,92315955,0,0,54610002,4.21349E+11,2093825481.6610394,4,7,2019.6733227504992,0,24,8.81587E+11,0.4779431972679058,0.5185185185185185,10.941360717248779,0.49537037037037035,0.014201762977473066,-0.013426156,55070166775,0.2942989856592696,62.69503546099291
2022-02-16,0,0,2011,2030,1974,1981,232710900,-196190555,0,0,32266800,4.63019E+11,2498722046,0,6,1989.6766551459343,1,24,878035510081.3334,0.5273356712931918,0.5357142857142857,11.090748106059731,0.4330357142857143,0.011,-0.013171226,67240457133,0.38703381385182006,55.55555555555556
2022-02-19,0,0,2011,2089,2011,2040,351818563,690474680,0,0,524232852,7.23506E+11,6815558254.115393,11,15,2056.475024,1,20,889547912922.7333,0.8133413357014354,0.3717948717948718,14.341908502186186,0.46153846153846156,0.033557047,-0.012670565,2.42469E+11,0.5612484819788647,54.198473282442755
2022-02-20,0,0,2040,2111,2025,2101,274817495,531085866,0,0,174842570,5.68118E+11,4282487931,25,10,2067.2557953160876,1,22,8.55759E+11,0.6638761017764816,0.7093023255813954,17.939241395994284,0.4418604651162791,0.021113244,-0.015678589,1.54882E+11,-0.236033411,59.513590844062946
2022-02-21,0,0,2118,2170,2118,2170,820746120,1031234603,0,0,366137082,1.77823E+12,19982195677.18312,5,1,2166.6019610802423,0,4,879881812422.8667,2.0209875099525205,1,7.778490945832896,0.7307692307692307,0.013888888888888888,-0.002775208,5.4623E+11,0.7869062884131456,55.78125
2022-02-22,0,0,2197,2221,2133,2150,575758881,-285372596,0,0,306613376,1.25288E+12,6578037758.100655,2,10,2176.0581396607236,1,26,8.7265E+11,1.4357250114933626,0.5340909090909091,14.540987865098954,0.065340909,0.018214936247723135,-0.016091954,1.40085E+11,-0.28202093,54.50381679389313
2022-02-23,0,0,2170,2262,2150,2220,520298181,1435429951,0,0,333341320,1.15254E+12,7157841225.946774,12,8,2215.1464735756977,1,30,863182707999.7333,1.3352175271453146,0.44642857142857145,17.079581330579643,0.044642857142857144,0.029791018230324588,-0.015744489,2.86301E+11,0.31586267443137833,57.96897038081805
2022-02-26,0,0,2141,2180,2105,2105,562764795,-368329418,1,0,293486711,1.19409E+12,10474892670.454786,7,31,2121.822773983223,1,15,873975629460.7667,1.366270544,0.48,21.477926908101452,0.05,0.012149532710280374,-0.017053529,2.87644E+11,0.800207619,50.61576354679803
2022-02-27,0,0,2080,2159,2058,2135,355986459,257296038,0,0,89075630,7.52113E+11,3411453149.735054,19,12,2112.7569686239103,1,29,8.7209E+11,0.8624261703185017,0.5445544554455446,19.81571568954581,0.14108910891089108,0.027255639,-0.014768938,92409351634.00002,-0.353718457,56.97674418604652
2022-03-02,0,0,2126,2145,2032,2058,398247706,-653420668,0,0,257283032,8.20776E+11,8157868902.778003,2,17,2060.969113042424,1,24,878936903253.2333,0.9338283764944201,0.6017699115044248,23.109059197575338,0.061946902654867256,0.014548981571290009,-0.031003937,2.3624E+11,0.4193657274227048,55.752212389380524
2022-03-05,0,0,2150,2164,2128,2164,553300580,561160608,0,0,670224366,1.19646E+12,17104854930.901974,10,0,2162.403627232778,0,4,8.816E+11,1.3571458089921633,0.3888888888888889,2.0107310652406314,0.6319444444444444,0.010628465804066543,0,97076639660,0.6966409444049965,57.57575757575758
2022-03-06,0,0,2205,2260,2152,2207,766422325,271726732,0,0,404757360,1.6878E+12,8578054770.594214,12,8,2202.1846861389376,2,32,922635060689.4667,1.8293294707104868,0.018518518518518517,22.76374194,0.21064814814814814,0.020824102791315906,-0.013463324,2.28277E+11,0.6261071218214473,57.10784314
2022-03-07,0,0,2210,2239,2138,2140,514962523,-246329749,0,0,115465284,1.11913E+12,5079076782.868506,0,19,2173.2177322969965,3,17,943226550423.9333,1.1864866250308674,0.693069307,17.98283085372709,0.059405941,0.022361359570661897,-0.015909091,1.28062E+11,-0.724409683,58.25000000000001
2022-03-09,0,0,2133,2217,2130,2217,684232209,1373881052,0,0,555707082,1.50103E+12,14836637527.740835,21,0,2193.743065551888,1,18,9.7623E+11,1.5375776235773562,0.9655172413793104,25.465521792851852,0.068965517,0.016749660479855138,-0.009808501,3.72514E+11,0.8229191262333178,63.21303841676367
2022-03-12,0,0,13380,13600,13310,13550,3840993,51737710,82,0,64679020,51443026660,848530603.8226646,14,16,13393.158139054145,0,15,959619141547.7333,0.053607754,0.5862068965517241,53.42882059246778,0.020689655172413793,0.018382353,-0.016442451,15196390790,0.2652904652366068,97.40217033870438
2022-03-13,0,0,2060,2112,2050,2081,333203849,47517469,0,0,68539250,6.93606E+11,3224700045.5555334,6,24,2081.627960600179,0,23,9.6883E+11,0.7159217610107608,0.3387096774193548,9.915220480390671,0.1532258064516129,0.014374700527072353,-0.010653753,67067111605,-0.080947311,50.211900322088496
2022-03-14,0,0,2090,2135,2082,2100,226019444,262552242,0,0,96416352,4.76391E+11,3095239194.052922,4,7,2107.745533773634,0,29,963792990171.1666,0.4942881702764764,0.18867924528301888,10.80742279,0.3113207547169811,0.018779342723004695,-0.009051929,57974680359,0.6036680609433535,50.127356087620996
2022-03-15,0,0,2110,2212,2100,2165,672275867,993983372,0,0,232859016,1.4641E+12,8653807173.741554,16,18,2177.823121,1,25,983367439567.0667,1.4888615059957424,0.49107142857142855,24.164160978199607,0.41517857142857145,0.017560074,-0.014876801,2.8814E+11,0.8393628089464579,50.13582343
2022-03-19,0,0,2398,2398,2398,2398,310691432,0,0,0,0,7.45038E+11,9177828517.751354,13,0,2398,0,3,984636464418.0333,0.7566630739969118,1,0,inf,0,0,1.34912E+11,0,50.48052604957006
2022-03-26,0,0,2517,2517,2400,2419,1216916657,-10838982274,0,0,569598190,3.01025E+12,45071310205.41278,6,8,2473.672670166269,3,25,1.05503E+12,2.8532524598197515,0.8376068376068376,21.53965912020889,0.5384615384615384,0.016605913,-0.035802469,2.879E+11,-0.64702554,50.56691253951528
2022-03-27,0,0,2419,2580,2390,2511,1188953672,3391022805,0,0,966014200,2.98004E+12,12493924899.849823,5,15,2506.4390757792285,2,25,1115948981149.7666,2.6704087670044316,0.4842105263157895,51.819098595655554,0.33157894736842103,0.036356529,-0.018152481,4.96668E+11,0.5127882800831066,50.61270897376511
2022-03-30,0,0,2400,2548,2375,2516,962497123,1549569405,0,0,619570032,2.37851E+12,10216314107.939438,14,8,2471.184054832754,3,19,1110017533907.5334,2.142765740651926,0.6705202312138728,40.276918247808155,0.3945086705202312,0.02195122,-0.037316562,2.59213E+11,0.7615858478559845,50.86939967000889
2022-04-03,0,0,2520,2594,2520,2594,1581037953,2233544018,0,0,1064254606,4.09131E+12,33997035565,32,3,2587.734033178519,0,21,1208304673331.7666,3.3859884919948846,1,14.439847811879831,1.0033783783783783,0.024672321,-0.014470082,735982390360.0001,0.5447510071895759,50.96896770107663
2022-04-04,0,0,2620,2717,2495,2535,1764209575,-143710608,0,0,1778343600,4.61339E+12,33025826430.13524,16,11,2614.9919249213913,3,25,1.33276E+12,3.4615357224435757,0.38288288288288286,58.03391109595112,0.1981981981981982,0.037569061,-0.025650842,8.48635E+11,0.22437310879178773,51.007732285460776
2022-04-06,0,0,2680,2680,2506,2506,1246435605,-2171274181,0,0,458523972,3.18543E+12,21379072252.726223,6,24,2555.628707147691,1,15,1420786969682.9666,2.2420156446534656,1,43.92460347701367,0.002873563,0.020502901353965184,-0.031100478,7.36008E+11,0.8373253190504758,50.72488342518015
2022-04-09,0,0,2451,2526,2429,2460,1161639780,89961976,0,0,465367000,2.85788E+12,14121590085.14323,12,15,2460.2112696769045,0,23,1.47746E+12,1.9343167390019917,0.092783505,23.30092254761271,0.079896907,0.030976965845909452,-0.024380333,3.04903E+11,-0.067509633,50.536175984402156
2022-04-10,0,0,2458,2583,2457,2583,1609652049,257272789,0,0,1607988445,4.14295E+12,37477025482.439026,23,9,2573.8179409803615,1,25,1.58609E+12,2.612056267240034,0.9920634920634921,22.772461614293906,0.061507936507936505,0.028261711188540456,-0.012941176,1.0736E+12,0.7804686491359468,50.936614656010825
2022-04-11,0,0,2616,2619,2505,2511,666767042,-397234439,0,0,211813224,1.70493E+12,6311036948.673673,2,22,2557.012170639052,1,29,1.6053E+12,1.0620633751070907,0.9210526315789473,26.529532759794005,0.067982456,0.017221135,-0.017288802,1.51728E+11,-0.738309404,50.62172221282355
2022-04-12,0,0,2510,2530,2430,2430,339370762,-798943469,0,0,334991574,8.26358E+11,12092122102.179249,0,15,2434.9724156142834,1,7,1608091957223.3667,0.5138751179148006,0.8,7.392989912106939,0.195,0.001643385,-0.024918301,2.53696E+11,0.5677216645684288,5.1323434473854235
2022-04-13,0,0,2330,2468,2330,2416,557756603,1584841395,0,0,1312198029,1.33631E+12,6350347853.640271,19,36,2395.8685386320744,4,25,1639632468355.8333,0.815006731,0.6231884057971014,28.657796266522197,0.14130434782608695,0.025630594,-0.025020851,1.43353E+11,0.033387122,67.87620064034152
2022-04-16,0,0,85497,85497,81745,82070,32887606,-5990078722,180,0,2186116140,2.72951E+12,40132087591.11655,13,3,82995.13665056678,1,6,1716571229013.8667,1.5900950149607516,0.9133795309168443,676.6352943117266,0.001932303,0.00650289,-0.02863581,1.52996E+12,-0.392029105,99.62642108921213
2022-04-17,1,5,2411,2440,2307,2400,498306507,-838921011,0,0,67040140,1.17664E+12,8717642041,24,27,2361.278643433408,2,20,1740358597938.3667,0.6760908437243056,0.082706767,26.836227270219588,0.39285714285714285,0.014032191498142799,-0.036410923,3.455E+11,0.6982895565757314,50.07335634953833
2022-04-18,1,4,2401,2474,2344,2350,435983545,414936592,0,0,414700902,1.05016E+12,5481534700.350829,5,26,2408.706257079037,1,28,1.75125E+12,0.5996620293641634,0.3923076923076923,26.404470854608523,0.40192307692307694,0.018255578093306288,-0.013109381,148676988688.00003,-0.675818473,49.984999437478905
2022-04-19,1,3,2350,2438,2348,2401,405171916,-35103177,0,0,52765072,9.71042E+11,3368459269.479298,15,4,2396.6176851655237,1,21,1.76468E+12,0.5502660096186438,0.5666666666666667,15.095806288823303,0.5805555555555556,0.018340975,-0.014166667,1.14775E+11,0.004533998,49.99437584362346
2022-04-20,1,2,2434,2482,2362,2426,667774400,816843722,0,0,367844346,1.62232E+12,9624240867.157692,15,15,2429.4451782503193,2,31,1759480780221.0667,0.9220454775500113,0.066666667,34.93815647474448,0.4354166666666667,0.025609756097560974,-0.018471872,3.6106E+11,-0.211384231,49.973430359409086
2022-04-24,1,1,2468,2493,2399,2400,473928282,-153744234,0,0,144294888,1.15701E+12,4920018488.195199,7,8,2441.313241979089,1,20,1.75628E+12,0.658781165,0.723404255,24.55854064134149,0.5558510638297872,0.024696356275303644,-0.021328958,1.19583E+11,0.7877557729977156,49.963745014939555
2022-04-25,0,0,2420,2450,2381,2420,465667214,-173080845,90,0,87681890,1.1307E+12,7342602556.303269,2,1,2428.122294660839,4,18,1755556875370.0334,0.6440673954056165,0,16.15332169484474,0.8913043478260869,0.021259199,-0.019166667,1.95846E+11,0.6453761240953951,49.94559779889945
2022-04-26,0,0,2450,2545,2428,2510,862832399,1319257674,0,0,379285792,2.16048E+12,12254471313.172337,16,1,2503.9344011200023,1,22,1787769827631.0334,1.2084753265580266,0.5128205128205128,23.599051249316304,0.5555555555555556,0.033373063,-0.011549184,5.15677E+11,0.610967787,49.99218510668892
2022-04-27,0,0,2530,2578,2431,2439,680333278,-1120670737,0,0,162921510,1.69528E+12,6879649418.903515,2,31,2491.8370989696023,3,27,1819208721957.5667,0.931877514,0.6190476190476191,36.644710902020414,0.4897959183673469,0.031104199,-0.022339561,2.07816E+11,0.6724459920630893,49.97906158
2022-04-30,0,0,2451,2483,2379,2388,706515517,-693636866,0,0,80458203,1.71238E+12,7067454799.941343,1,28,2423.697123042805,1,20,1848928835441.9666,0.9261468549321824,0.6057692307692307,27.915838753566202,0.9086538461538461,0.020161290322580645,-0.010416667,2.073E+11,-0.365527482,49.97749971874648
2022-05-01,0,0,2395,2464,2359,2359,487426048,-285739301,0,0,150686075,1.1666E+12,4923565110.920215,1,5,2393.3959586542246,1,15,1847933647184.7666,0.6313016353175134,0.34285714285714286,18.510891044561088,0.95,0.021765913757700206,-0.019453642,1.4589E+11,-0.461671833,49.92995797478487
2022-05-02,0,0,2398,2462,2362,2423,385974719,152202459,0,0,84680253,9.33934E+11,4405137022.125432,10,8,2419.6768156180715,2,26,1822804666243.0667,0.5123610314778853,0.25,19.30396788544112,0.9975,0.013580246913580247,-0.016483516,1.37818E+11,0.553926076,49.97248211
2022-05-07,0,0,2430,2463,2390,2410,492851215,289136994,0,0,346972894,1.19346E+12,4501490953.825281,1,5,2421.5498857195676,1,22,1825282603473.3333,0.6538515192600619,0.273972603,14.81542858,1.369863014,0.014735980352026197,-0.00913242,99798753050,-0.356198294,49.99374327401957
2022-05-08,0,0,2438,2510,2430,2455,453583395,539808653,0,0,228176928,1.12041E+12,5396416996.777213,13,16,2470.13907,0,29,1812595416871.4666,0.6181269439590832,0.2125,12.873639703880656,1.25,0.024312475,-0.011285772,2.15818E+11,0.036453408043655156,50.01219824970756
2022-05-09,0,0,2481,2509,2392,2392,433496516,-502482055,0,0,76207860,1.06233E+12,4935982125,7,18,2450.6151105398962,3,33,1846291753065.3333,0.575387455,0.7606837606837606,24.637809720140716,0.8931623931623932,0.0215311,-0.015898899,1.42815E+11,0.8411517555011933,0.36751881197986336
2022-05-10,0,0,2403,2470,2400,2445,282130340,183872913,0,0,38238579,6.85341E+11,2297417822.3913302,14,17,2429.1643615890443,0,33,1846016237018.4333,0.37125402989841444,0.6,14.394744901973324,1.4928571428571429,0.023086269744835967,-0.01375,62720955843,0.15356578758862588,53.45622119815668
2022-05-11,0,0,2470,2500,2442,2458,438800319,931224,0,0,168512080,1.08313E+12,3942537665.9537277,6,4,2468.398821407876,1,24,1866240994238.9666,0.5803828088637024,0.20689655172413793,11.852862079897635,1.8017241379310345,0.008090615,-0.010204082,85610618208,-0.538595234,58.79478827361563
2022-05-14,0,0,2449,2480,2345,2363,1075419511,-822128922,0,0,678992430,2.53551E+12,16298556325.59721,11,27,2357.6944492120156,1,27,1901954750393.5667,1.3331077467191759,0.6370370370370371,28.72260460844911,0.825925926,0.010548523206751054,-0.03880597,4.78577E+11,-0.802379539,47.11246200607903
2022-05-15,0,0,2340,2429,2274,2414,648036406,676698028,0,0,221597900,1.53648E+12,5631892255.378196,11,17,2370.9840016796834,2,24,1.92834E+12,0.7967925339727998,0.4774193548387097,40.85812161,0.7258064516129032,0.023514322,-0.025641026,1.89347E+11,-0.122232804,49.122807017543856
2022-05-16,0,0,2448,2480,2392,2405,463316334,-272859838,0,0,122458485,1.12785E+12,6055045479.138128,5,26,2434.3077403396705,1,26,1865589649026.4666,0.6045566015391198,0.48863636363636365,15.655787053404737,29.741477272727273,0.010989011,-0.014403292,1.11924E+11,-0.794205222,50.37481259370315
2022-05-17,0,0,2429,2462,2345,2365,380053122,-85752247,0,0,59706396,9.10619E+11,2780789149.5191293,2,22,2396.0299062297927,3,24,1796608939142.3333,0.506854122,0.5470085470085471,23.14908589376797,22.318376068376068,0.021562245728234338,-0.009954376,92589227333,-0.670791817,45.997088791848626
2022-05-18,0,0,2394,2455,2361,2371,353693402,80311983,0,0,135149055,8.47206E+11,4917016479.133325,15,11,2395.3118862760125,1,24,1745565554699.9333,0.48534757553326985,0.24468085106382978,16.97936036823741,27.731382978723403,0.017412935323383085,-0.024247492,1.06167E+11,0.8224319007277187,38.47429519
2022-05-21,0,0,2360,2408,2330,2345,310652007,-271002900,0,0,60791031,7.3413E+11,3011404381.951757,2,4,2363.1908432704895,1,29,1633659696688.6333,0.44937754164717036,0.19230769230769232,12.455892561852476,32.53846153846154,0.02334306,-0.012663571,79992049050,0.1893746260131804,41.577060931899645
2022-05-22,0,0,2355,2387,2326,2364,307523423,60266877,0,0,57740392,7.25801E+11,2339153323.1697564,6,11,2360.1490185643515,1,25,1504073273771.4666,0.48255701210556873,0.14754098360655737,10.749473167928814,41.454918032786885,0.011874469889737066,-0.013745704,79536759583,-0.331285921,47.71863117870722
2022-05-23,0,0,2350,2353,2242,2244,720645506,-1237213263,0,0,97805652,1.62687E+12,12547762537.563644,3,15,2257.518877520066,1,19,1452121414439.6667,1.1203407770298355,0.954954955,28.29999754445542,22.75,0.014938488576449912,-0.019043401,3.34192E+11,0.7035739859966099,40.680713128038896
2022-05-24,0,0,2260,2288,2237,2243,409709121,-92741653,0,0,91104350,9.24691E+11,3497705187.2561398,2,6,2256.9455285936874,0,16,1387681810793.1333,0.6663567695943858,0.3333333333333333,9.869787920831383,49.700980392156865,0.010586678,-0.011586453,76065553918,0.19196881476955932,33.75451263537906
2022-05-25,0,0,2278,2295,2237,2275,372460237,-33809384,0,0,53649540,8.42498E+11,3291327817.6390767,7,4,2261.9812390255233,1,24,1277666702323.9666,0.6594036354274303,0.051724138,11.554115494977099,3.206896551724138,0.013656387665198238,-0.012883163,1.11888E+11,0.11991685700845457,38.21989528795812
2022-05-28,0,0,2251,2266,2149,2149,626364203,-449607281,0,0,127506330,1.35419E+12,11170379963.973307,0,16,2161.987367537988,1,13,1265975370756.9333,1.0696823379386298,0.8717948717948718,27.924733653183733,1.5405982905982907,0.00921659,-0.044845123,2.88313E+11,0.6494487039311657,26.605504587155963
2022-05-29,0,0,2111,2195,2054,2184,584365415,28987941,0,0,94255976,1.23289E+12,6746436175.211091,22,13,2109.8007343829545,2,28,1.27953E+12,0.9635552754225499,0.5177304964539007,29.83980354489732,1.2783687943262412,0.024234111,-0.021400778,2.24768E+11,-0.418604109,33.38658146964856
2022-05-30,0,0,2150,2173,2069,2080,358083480,-266382381,0,0,108696551,7.57682E+11,3102436620,2,15,2115.935497434844,1,26,1260238910310.7334,0.6012205623695437,0.6730769230769231,18.39474314932815,1.7331730769230769,0.013078000934142924,-0.015925059,76068935288,-0.434898265,23.042836041358925
2022-05-31,0,0,2080,2130,2068,2090,263705340,122451,0,0,29021354,5.53226E+11,2004028562.7598588,8,10,2097.894334889085,0,27,1187696063136.9333,0.4657975689544883,0.16129032258064516,11.128742864713661,2.907258064516129,0.015030530765617662,-0.012048193,70255979867,0.1942253262606169,22.70029673590504
2022-06-01,0,0,2090,2148,2061,2104,287344426,216371539,0,0,74241255,6.07292E+11,2866677738.4982214,18,3,2113.464438481921,2,22,1.16872E+12,0.5196226435078948,0.16091954022988506,23.93797950143439,2.1235632183908044,0.015729266,-0.014218009,1.16131E+11,-0.017312101,28.16188870151771
2022-06-06,0,0,2105,2105,2008,2008,572986285,-627336494,0,0,45771528,1.15553E+12,8595024809.060486,1,22,2016.6840475666884,1,19,1172230320493.3667,0.9857553419601544,1,21.75822793854712,1.9046391752577319,0.011566265060240964,-0.02833002,1.86752E+11,0.7617850739505543,18.181818181818187
2022-06-07,0,0,2026,2059,1995,2019,262634715,72921464,0,0,56032354,5.31954E+11,2013636067.657382,9,14,2025.4508544234147,2,22,1157594038109.3667,0.4595339042751206,0.109375,12.503434023628389,2.88671875,0.021568627450980392,-0.012406948,43434676000,-0.210421273,19.84375
2022-06-08,0,0,2045,2082,2021,2047,184022895,-3426942,0,0,64754226,3.75619E+11,1439534904.863548,5,12,2041.1518700865997,1,17,1116037284110.3333,0.3365646306049984,0.032786885,8.885125465937573,2.8565573770491803,0.019778099372889532,-0.014713095,32856150457.000004,-0.617592416,24.681528662420376
2022-06-11,1,5,2033,2047,1942,1962,257180568,-176916776,0,0,73330404,5.14838E+11,2452356128.927375,10,26,2001.8549287712904,1,31,1094631644011.6666,0.47033007902840496,0.6761904761904762,16.432911449877594,196.1952380952381,0.024031387935262383,-0.014864172,71202266148,0.3133972449736197,21.074964639321067
2022-06-12,1,4,1979,2070,1950,2033,298737804,332537344,0,0,130146679,6.03574E+11,2873893669.7142224,17,11,2020.415315886837,2,28,1077060893692.6666,0.56039026,0.45,25.654466508912556,171.68125,0.026099565,-0.016343207,92929339661,0.6915887371263896,29.255319148936167
2022-06-13,1,3,2050,2121,2050,2121,447933741,353902824,0,0,139366340,9.46672E+11,9133973344.814604,23,19,2113.4194408833337,1,36,1.0366E+12,0.9132463606881014,1,14.265330638877659,290.0387323943662,0.020273455917020275,-0.012416428,3.08813E+11,0.5933374302836283,35.20097442143728
2022-06-14,1,2,2143,2176,2074,2095,461696991,267100553,0,0,657171858,9.86494E+11,7699365454,19,19,2136.6695428864077,3,30,1012974571930.2667,0.973858502,0.47058823529411764,23.243950795336154,201.8235294117647,0.018232819,-0.015774379,2.69632E+11,0.1891764510060014,39.75240715268226
2022-06-15,1,1,2124,2125,2047,2078,188360894,-193858828,0,0,58504455,3.91933E+11,2322855944.1521187,2,19,2080.753636314765,1,23,9.6896E+11,0.4044880572737911,0.5897435897435898,13.57475442213659,263.25961538461536,0.011089681774349084,-0.020477816,54804572436,0.8034124596338011,38.89636608344549
2022-06-19,1,5,2079,2098,2020,2026,232464151,-156971491,78,0,24664584,4.74545E+11,2944145306.2785416,2,10,2041.366668187905,1,17,9.45891E+11,0.5016905220743542,0.6794871794871795,25.91117202531824,263.25961538461536,0.006688963,-0.019015115,65860448195,0.3790817005038503,33.68283093053735
2022-06-20,1,4,2050,2136,2050,2079,290672207,384659466,0,0,149878410,6.08952E+11,2794409713.9007587,10,9,2094.979737292186,1,28,935058316265.1333,0.6512453536495078,0.3372093023255814,13.085010442914516,238.7703488372093,0.02156587,-0.013301663,91589599821,0.3587963700136759,44.92753623188406
2022-06-21,1,3,2082,2120,2040,2045,197527817,-93026097,0,0,44288280,4.09365E+11,1689234235.7449307,0,35,2072.4427527136595,1,27,908921692579.8334,0.4503854359984309,0.4625,14.049941843326936,256.678125,0.02221172,-0.018777082,54212029380,0.4936195687271603,39.912917271407835
2022-06-22,1,2,2060,2127,2043,2123,327209011,440992479,0,0,131454708,6.87095E+11,3745847328.891646,5,5,2099.8666290978153,3,26,894477733155.6333,0.768152473,0.75,18.65408878718812,244.86607142857142,0.028449502,-0.011219512,1.16392E+11,-0.671350232,53.242835595776775
2022-06-25,1,1,2159,2205,2159,2205,588415711,682030331,0,0,608172240,1.29594E+12,12488629075.592241,17,3,2202.424393,0,8,902264666571.3667,1.4363203647025389,1,4.180437031075949,447.7554347826087,0.019047619,-0.006389776,2.94303E+11,-0.137645807,57.823129251700685
2022-06-26,0,0,2230,2280,2130,2173,383347853,-310425096,0,0,214216398,8.40881E+11,4373714429.857973,23,14,2193.5195901071083,1,31,9.07449E+11,0.9266423951020791,0.38,31.52623488442118,137.31166666666667,0.025991792065663474,-0.033121597,1.09218E+11,0.7907963198651561,54.58167330677291
2022-06-27,0,0,2169,2248,2132,2208,285569203,505472735,0,0,153076475,6.29069E+11,2946379414.493973,2,10,2202.8607391708133,2,32,892313835020.7667,0.7049864755154892,0.33620689655172414,19.256343550042992,177.5581896551724,0.021680217,-0.015235457,88177101464,0.48874177628864307,64.45086705202311
2022-06-28,0,0,2239,2282,2205,2215,220826174,122055119,0,0,69506235,4.92654E+11,1976783051.9633002,0,8,2230.957475865157,1,21,824218608090.5333,0.5977222534362949,0.3116883116883117,15.39574704628642,267.4902597402597,0.014634146341463415,-0.013796173,65797367741,-0.67549033,64.24418604651163
2022-06-29,0,0,2225,2245,2184,2232,239330224,977069713,0,0,301187136,5.3088E+11,3827709226.3332124,2,3,2218.1919688380017,1,25,7.90698E+11,0.6714068486403296,0.11475409836065574,12.300631551619528,337.6557377,0.014791573285522188,-0.013163867,1.04158E+11,0.18887015046692343,63.66322008862629
2022-07-02,0,0,2180,2180,2108,2108,393394620,-366642785,0,0,72549608,8.32538E+11,5506474692.729294,0,22,2116.292017796278,1,15,780854600947.6333,1.0661881138174054,1,12.986963510957418,286.3576388888889,0.005610098,-0.014485981,1.67633E+11,0.8872691345263687,60.19553072625698
2022-07-03,0,0,2110,2129,2072,2129,199603283,83199564,0,0,38421350,4.21482E+11,1962852277.3651304,13,7,2111.5994555009397,1,17,764550052195.3334,0.5512813484071496,0.3333333333333333,12.457281756579963,362.11842105263156,0.022641509433962263,-0.011904762,56230434698,0.809387664,57.20720720720721
2022-07-04,0,0,2160,2193,2122,2132,210408352,84736621,0,0,78383360,4.52638E+11,2271627177.3462825,10,19,2151.238226,1,26,751397801527.0333,0.6023952810869586,0.39436619718309857,14.101380802359648,290.86971830985914,0.021004566210045664,-0.012200845,74701203120,-0.479987598,50.946643717728044
2022-07-05,0,0,2132,2160,2090,2100,203042609,-185392049,0,0,23197584,4.31635E+11,2689688438.2748036,1,17,2125.8323536514445,1,24,741314620493.5667,0.5822555436646023,0.45714285714285713,10.702251462894289,591.1642857142857,0.012523191094619666,-0.009047619,60383329698,-0.352519525,50.42589437819421
2022-07-06,0,0,2090,2124,2043,2065,215489097,-94751310,0,0,69963360,4.47815E+11,2146615167.581425,1,5,2078.131662132307,1,20,732048407504.9333,0.6117282828963495,0.30864197530864196,18.187950663223805,511.4259259259259,0.008538899,-0.012900143,59727618056,0.8519131210128406,48.925619834710744
2022-07-09,0,0,2067,2120,2035,2045,214123860,-195422443,0,0,193089480,4.41955E+11,3788465769.3416815,1,19,2064.0140310145725,1,24,6.92551E+11,0.6381544794164633,0.25882352941176473,17.709007070400222,487.97058823529414,0.018492176,-0.012900143,62099664135,0.9491901518603029,51.65794066317627
2022-07-11,0,0,2040,2075,1961,1961,369765529,-172093108,0,0,116863486,7.34801E+11,8634961515,3,45,1987.207620462101,1,31,6.86222E+11,1.070792521370073,0.6929824561403509,29.23291184795815,363.8530701754386,0.022661524,-0.020167241,1.88537E+11,0.9457339209924479,40.23178808
2022-07-12,1,5,1970,2049,1943,1993,277518915,271108578,0,0,169304241,5.56515E+11,2889637057.0512476,6,11,2005.3218567714564,2,26,676688747621.8667,0.8224087482949844,0.2169811320754717,27.707557206678366,391.42452830188677,0.029354207436399216,-0.012301384,1.0264E+11,-0.472159487,45.68106312292358
2022-07-13,1,4,2050,2090,2018,2034,180446258,149950264,0,0,229761873,3.69674E+11,2242500154.0008454,13,16,2048.6640876143856,1,26,643871490093.3667,0.5741421606591002,0.2222222222222222,12.841623376919342,576.4618055555555,0.016433059449009184,-0.014563107,26083872147,-0.380600363,42.123893805309734
2022-07-16,1,3,2031,2038,1954,1995,309682992,271351046,0,0,142588340,6.18697E+11,2545105764.5452933,7,31,1997.8390769681016,2,22,623398230132.5333,0.9924583564481185,0.42857142857142855,18.152467480859443,494.23511904761904,0.028727092620108963,-0.018154312,59782789817.00001,-0.248897378,29.885057471264375
2022-07-23,1,2,2015,2015,2001,2006,21251616,3899569,206,0,12000056,42769023838,2099862517.0372603,5,3,2012.5069000870333,0,6,599567812714.5667,0.071333088,0.6428571428571429,0.7925519087974822,2966.4464285714284,0,-0.00448654,42769023838,0,33.33333333333333
2022-07-24,1,1,2023,2063,1927,1940,184310232,-83369088,0,0,105802368,3.65277E+11,1956418010.2225208,3,25,1981.858604306895,1,23,5.93303E+11,0.6156667274411282,0.6102941176470589,27.311467283145916,305.4944852941176,0.022310361923648984,-0.019796954,35682031310,0.8498803975681964,24.812030075187977
2022-07-25,1,2,1883,1912,1883,1883,275289570,-70399599,74,0,14834127,5.18996E+11,6701706251.737265,0,25,1885.2742608919039,0,13,5.9036E+11,0.879118931,0,5.561528497215095,1432.9137931034484,0.011029411764705883,-0.009508716,1.27263E+11,-0.19394583,21.477663230240537
2022-07-26,1,1,1900,1920,1870,1889,176883538,21933582,0,0,22305114,3.34178E+11,2393327137.835618,4,11,1889.2555977594704,1,23,5.62981E+11,0.5935868344464076,0.22,8.073144767612197,831.445,0.015789473684210527,-0.020833333,42409137293,0.098286601,19.96497373029773
2022-07-27,1,1,1900,1920,1880,1901,81490702,51597503,90,0,31335473,1.55115E+11,1258962342.6946898,7,6,1903.472645357749,1,10,550419896816.0667,0.28181270881607456,0.025,7.2550781235120585,1039.44375,0.013562858633281168,-0.012691698,27134218869.999996,0.024601905,27.450980392156865
2022-07-30,0,0,1918,1922,1811,1823,154793373,-100529477,0,0,11976030,2.85354E+11,1290899529.1193383,0,8,1843.4505108626324,1,25,547411071691.63336,0.5212790483999291,0.8558558558558559,32.100388287833596,374.56756756756755,0.010471204188481676,-0.015217391,39255045706,0.4171301219785231,20.34883720930233
2022-07-31,0,0,1823,1839,1751,1773,240516933,-252996199,0,0,27789086,4.25828E+11,2381839513.929487,5,17,1770.4682436766313,1,23,544444051835.23334,0.7821328757428861,0.5681818181818182,14.290563656306304,472.46875,0.022222222222222223,-0.018275271,82940435482,0.656481514,18.117229129662533
2022-08-01,1,5,1789,1820,1764,1779,120200913,80373807,0,0,69315744,2.14325E+11,1157743769.4393115,10,9,1783.054137874976,1,18,5.31469E+11,0.40326850739339193,0.17857142857142858,9.799736582823636,742.4910714285714,0.012820513,-0.01181767,25841804959,-0.684160201,20.111731843575413
2022-08-02,1,4,1790,1848,1722,1840,208528594,687888300,0,0,148118175,3.73954E+11,2837439332.6900263,10,18,1793.2982553030592,2,34,512378464768.86664,0.7298393463310177,0.3968253968253968,25.882617494319643,329.99603174603175,0.051239669,-0.013929193,79396188887,-0.059490427,30.01776199
2022-08-03,1,3,1829,1882,1827,1882,286276991,433636270,0,0,191529681,5.35573E+11,4633682844.482837,12,6,1870.8207443852866,0,20,497347765925.23334,1.0768580259059877,0.9636363636363636,13.73865778390825,756.0818181818182,0.022340425531914895,-0.015658747,1.27323E+11,0.8201217934109443,36.06837606837606
2022-08-06,1,2,1920,1964,1903,1964,268675906,282061045,1,0,110667354,5.26179E+11,5501899458.580089,0,0,1958.4163803806061,0,5,501822655265.0333,1.0485363500500051,0.7213114754098361,4.780533168989909,681.7131147540983,0.022912423625254582,0,1.55956E+11,0.5570410243693766,50.257289879931385
2022-08-09,1,1,1968,2041,1881,1950,480358912,51612032,0,0,164516655,9.48208E+11,4075037279.662537,0,36,1973.9571093769985,3,20,5.17611E+11,1.8318913178470189,0.1125,34.65320295186897,259.8453125,0.033840117704757235,-0.02808691,1.31271E+11,0.16436791587090457,46.19469026548673
2022-08-10,0,0,1915,1959,1886,1953,187349900,262092510,78,0,113333484,3.5885E+11,2294448246.4197154,4,7,1915.3998589484167,2,15,509274685537.36664,0.7046295098201388,0.5205479452054794,10.321181824693074,569.0890410958904,0.022051282,-0.015881419,63566517236,0.099240156,42.314990512333964
2022-08-13,0,0,1990,2010,1990,2010,166042982,427295966,4,0,350690444,3.33437E+11,5878956613.323212,8,0,2008.1374598536179,0,3,5.06744E+11,0.657999491,1,0.966091783,2077.2625,0.006965174,0,1.03413E+11,0.47800677242994766,51.37614678899082
2022-08-14,1,5,2104,2104,2013,2018,557530815,-5040260486,0,0,166193685,1.14577E+12,17609207307.338863,7,4,2055.0722795564225,1,16,522032781512.86664,2.1948164243336126,0.945054945,14.63446074614986,456.66483516483515,0.01937046,-0.025012261,84938196922,0.6210638048081242,51.10701107
2022-08-15,1,4,2020,2157,1995,2157,740599948,1250446971,0,0,314962782,1.56693E+12,11006834858.988977,12,7,2115.760562840331,2,21,531065816441.93335,2.950542314,0.845679012,62.46473764879581,256.5540123,0.032380952,-0.02,3.1323E+11,0.6085639233375417,67.64227642276423
2022-08-16,1,3,2155,2221,2100,2102,525065847,-163653719,0,0,524921320,1.12947E+12,7133524258.141033,4,15,2151.0937067079894,3,20,5.40685E+11,2.088952330892706,0.4380165289256198,23.621385092222486,343.51446280991735,0.022977941,-0.019751952,98322759138.00002,0.743887128,67.86296900489396
2022-08-17,1,2,2169,2257,2161,2240,800113467,1915626056,0,0,856378906,1.77635E+12,9048250311.341179,32,5,2220.1247069648434,5,21,578928059927.4333,3.068346137315679,0.7395833333333334,23.72540949744311,433.1223958333333,0.025617977528089888,-0.030635574,262508792658.00003,-0.684710158,73.55704697986577
2022-08-20,1,1,2154,2229,2129,2132,384616022,117092019,0,0,109123520,8.35113E+11,4285452769.6873074,16,42,2171.290375,2,30,5.90343E+11,1.414622592701715,0.22,18.348145800532578,415.79,0.026090868196131354,-0.014658727,1.13611E+11,0.038640651,63.73365041617123
2022-08-21,1,1,2196,2199,2109,2140,258437699,-269573704,58,0,78233701,5.56887E+11,3323168936.8429646,13,16,2154.820467465933,1,21,591210250782.4333,0.9419438222408894,0.6222222222222222,22.423340458358474,1.2833333333333334,0.016713091922005572,-0.013901761,1.02827E+11,0.7530962979333252,70.55771725032425
2022-08-22,1,1,2153,2258,2140,2180,437135303,1043237622,0,0,808252760,9.64103E+11,5951670073.983214,9,11,2205.5023525336273,2,24,595595752282.1666,1.6187203072684964,0.2288135593220339,19.78893182409492,1.0402542372881356,0.049667406,-0.016713092,2.41371E+11,0.6831489133490409,76.74113009198423
2022-08-23,0,0,2230,2274,2211,2225,341715547,578205302,80,0,1006964100,7.64399E+11,10290345450.030893,12,5,2236.9442875158384,0,14,607026300852.7667,1.259251271,0.079365079,10.529170494656645,1.9801587301587302,0.024702249669166298,-0.016734509,3.04386E+11,-0.591571929,77.875
2022-08-24,0,0,2226,2298,2170,2251,378888693,279323495,0,0,108380835,8.46277E+11,3755645855.960703,17,14,2233.575997122722,2,34,620147574199.6666,1.3646375886548698,0.1953125,27.120282190334812,1.119140625,0.024869109947643978,-0.019064911,1.23899E+11,0.6687849037588048,76.86274509803921
2022-08-27,0,0,2211,2266,2151,2159,352621751,-223483704,0,0,138065227,7.77069E+11,2959222200.9944506,3,24,2203.689446550902,3,27,631662050330.3667,1.2301971139418362,0.45217391304347826,28.74533653124253,1.3652173913043477,0.02079646,-0.01082544,65415593560,-0.273032163,66.99386503067484
2022-08-28,0,0,2145,2252,2120,2160,415451518,1884340507,0,0,1129659172,9.03052E+11,6889263738.585696,14,3,2173.6630860354685,2,20,646836614110.1666,1.3961046870488316,0.11363636363636363,22.677064614108012,1.2878787878787878,0.050446429,-0.024702653,2.26745E+11,0.2067298144787181,63.351498637602184
2022-08-29,0,0,2160,2198,2140,2144,163042825,-14714144,0,0,49816224,3.52813E+11,1656156020.2298508,5,2,2163.9262595946802,0,16,6.43865E+11,0.5479604158474534,0.27586206896551724,12.139141672198411,2.9310344827586206,0.015172413793103448,-0.017273576,38818734141,0.070394553,63.17934782608696
2022-08-30,1,5,2143,2156,2080,2083,246752860,-315621109,0,0,24207218,5.19185E+11,2692356149.810819,4,7,2104.0703592047525,1,20,6.36678E+11,0.8154598614305829,0.7894736842105263,15.103939272414198,2.236842105263158,0.014124293785310734,-0.013358779,68771081836,0.8560123943247739,58.186397984886646
2022-08-31,1,4,2084,2144,2069,2137,173947153,135525203,1,0,63065355,3.67129E+11,1783605676.0221164,15,13,2110.578370075422,0,37,630365175894.9667,0.5824070121525434,0.7066666666666667,17.108392864391433,1.9266666666666667,0.015984955336154207,-0.011933174,53784328250,-0.38040878,58.02781289506953
2022-09-03,1,3,2080,2100,2010,2013,280645925,-498199486,0,0,66601820,5.73213E+11,3731941397.312945,17,30,2042.4768921088023,3,28,6.3715E+11,0.8996515527906703,0.7444444444444445,15.014033080321182,1.7055555555555555,0.012083132,-0.022704837,1.0612E+11,0.3516492277731533,49.72436604189637
2022-09-04,1,2,2035,2100,2016,2060,154627340,-6938463,0,0,55639440,3.19854E+11,1819419490.5389686,12,7,2068.5497170164085,2,28,627188396084.2333,0.5099812789856568,0.2976190476190476,16.763319654859693,1.8392857142857142,0.019893255701115962,-0.019762846,47647705516,-0.017216796,44.04907975460123
2022-09-05,1,1,2062,2093,2050,2053,115723200,-32134672,1,0,13215920,2.39376E+11,1474365702.5959828,3,14,2068.523493949355,0,33,6.33742E+11,0.37771864635065944,0.20930232558139536,9.363162306859676,3.7674418604651163,0.010551558752997603,-0.008780488,33707807057,0.1557881210255516,46.80573663624511
2022-09-06,0,0,2040,2094,2020,2076,141384910,28525955,67,0,33679400,2.91952E+11,1712185020.5607255,9,11,2064.9445973053275,0,18,631297806785.9333,0.4624632034307034,0.4864864864864865,16.29155639439141,2.189189189189189,0.020182604517059107,-0.007411067,38807104039,-0.812719651,37.423312883435585
2022-09-07,0,0,2070,2090,2035,2038,135184364,-97818141,0,0,33806672,2.7909E+11,1184536058.2403672,0,7,2064.511089418596,1,11,623300916051.9667,0.447760642,0.5818181818181818,13.046891262321894,2.9363636363636365,0.005763689,-0.01077903,23805888753.000004,0.7871277073257938,41.92439862542955
2022-09-10,0,0,2023,2035,1973,1980,174826854,-43225156,0,0,21991745,3.49215E+11,1653360367.0898015,4,40,1997.4888827834195,1,20,6.23802E+11,0.5598164534530505,0.6935483870967742,7.868567472,2.6411290322580645,0.010896483407627538,-0.015022534,43020496483,0.3119632379965642,37.34177215189874
2022-09-11,0,0,1981,2010,1958,1963,170173101,-144115869,0,0,8966211,3.35842E+11,1530244344.1986244,3,7,1973.5293169923489,1,19,6.29826E+11,0.5332288944376014,0.34615384615384615,14.343378719845955,3.1490384615384617,0.011940298507462687,-0.013164557,33523585180,0.8257478311455806,32.18390804597702
2022-09-12,0,0,1963,2038,1951,2023,197988102,90132477,1,0,21204050,3.9375E+11,1812096732.1469223,17,13,1988.7578028754476,1,32,6.3344E+11,0.6216068738564418,0.6896551724137931,19.666334940878972,1.7672413793103448,0.016748768472906402,-0.013231552,51609673948,-0.486103712,33.81410256410257
2022-09-13,0,0,2042,2088,2010,2088,314241772,449316498,1,0,106572960,6.52823E+11,8931151919.529108,13,0,2077.4531713785013,2,10,641006056008.9667,1.0184343185236115,0.5897435897435898,29.18947459623766,2.2884615384615383,0.020593869731800767,-0.009387352,2.81984E+11,0.8858443273239276,37.70739064856712
2022-09-14,0,0,2120,2139,2078,2080,261614356,-202830965,1,0,220035585,5.50091E+11,3102272367,3,4,2102.677965076962,1,21,652198256222.5667,0.843440988,0.6557377049180327,13.010808378222727,2.610655737704918,0.009420631,-0.013270142,53404909075,0.6197722786692775,43.17789291882556
2022-09-18,0,0,2064,2100,2025,2027,172828459,15081216,0,0,148682789,3.54116E+11,2020949403.186803,0,21,2048.9452477383948,3,19,6.51537E+11,0.5435087398896304,0.49333333333333335,14.529037713753317,2.0033333333333334,0.023569024,-0.017156863,76372015142,0.7702515812980979,39.461172741679874
2022-09-19,0,0,2036,2077,2005,2014,150708863,-117597593,0,0,41021833,3.05668E+11,1687434196.4332643,4,3,2028.2011900852838,1,25,643873491150.2667,0.4747328465828444,0.3055555555555556,16.00873323403479,2.0381944444444446,0.023671497584541065,-0.016224189,51427730469,0.592780893,39.64968152866241
2022-09-20,0,0,2018,2041,1964,1979,161613718,-98720749,0,0,18127445,3.22251E+11,1520352494.7707007,3,23,1993.9567150110363,1,35,6.37076E+11,0.5058279112051023,0.5064935064935064,20.691594488558017,1.5162337662337662,0.014705882352941176,-0.010676157,38428134849,0.8567398578027275,41.36212624584717
2022-09-21,0,0,1963,2034,1963,1987,185015642,159927965,0,0,196599696,3.69271E+11,1796720100.3860962,12,2,1995.8900178342758,2,22,617777972701.4667,0.5977404331789691,0.3380281690140845,16.78239497340957,1.4929577464788732,0.024137931,-0.017276423,45550711718,-0.319337627,36.51079136690647
2022-09-24,0,0,1975,1980,1897,1897,284340567,65207623,0,0,197469040,5.45889E+11,4141519170.0149055,4,31,1919.8436203582587,3,26,6.24013E+11,0.8748051002784792,0.9397590361445783,16.230570521633833,0.7951807228915663,0.036924633,-0.019453207,97326795248,0.6357699399021248,38.888888888888886
2022-09-26,0,0,1920,2016,1920,2016,264414645,427749663,1,0,176504796,5.27992E+11,4673117374.506892,28,1,1996.8324797516416,1,21,630497775057.7333,0.8374204829028191,1,20.934902193946424,0.075520833,0.023173803526448364,-0.008,1.07934E+11,0.9236710039291097,46.2962963
2022-09-28,0,0,2031,2096,2030,2052,308292743,122395928,0,0,70293081,6.40765E+11,6280129266.504336,16,7,2078.429825784125,2,29,613664398698.3667,1.0441616516830952,0.3181818181818182,18.213187793874873,0.3143939393939394,0.016802688430148822,-0.010209042,2.39932E+11,0.38790947526847225,49.919743178170144
2022-10-01,0,0,2040,2040,1975,1975,340191998,-250169240,0,0,40617600,6.7568E+11,8390140314.183227,0,24,1986.1714805561064,1,20,583955981415.7333,1.1570729059113212,1,13.285275375733567,0.41923076923076924,0.016806723,-0.013039117,1.23064E+11,0.8570450741208016,42.54062038404727
2022-10-02,0,0,2000,2045,1927,2009,202901624,-19450926,0,0,153908634,4.03909E+11,2470937122.7112703,10,18,1990.6629211208285,2,36,559770744763.8334,0.7215610020891832,0.076271186,23.14475237592189,0.2457627118644068,0.021739130434782608,-0.033591731,69791591459,-0.631750736,47.84546805349183
2022-10-03,0,0,2022,2043,1963,1998,146917802,12711179,0,0,42642642,2.92016E+11,1662654755.142019,3,22,1987.6155242643774,1,28,510292892349.9667,0.5722519526016264,0.3,16.991121212138125,0.7875,0.0155,-0.011964108,54809633496,0.6733037461080783,51.43769968051118
2022-10-04,0,0,2002,2035,1973,2005,87149229,31613117,1,0,19073960,1.73977E+11,923431544.1204147,3,13,1996.3097742379339,1,20,4.88255E+11,0.3563237468176876,0.048387097,8.992948048592835,1.1008064516129032,0.008959681,-0.010616785,27108985528,0.6143905489808791,53.409090909090914
2022-10-08,0,0,2010,2050,1975,1981,177522869,62996083,0,0,40084560,3.5817E+11,2001358551.1515877,3,17,2017.601641955212,1,32,4.81631E+11,0.7436612865588466,0.38666666666666666,15.047179543434812,0.91,0.014691478942213516,-0.009424603,57202550626,0.11888706055457197,46.37931034482759
2022-10-09,0,0,2017,2040,1961,1975,174856370,426749333,0,0,347620064,3.4777E+11,3987458070.529659,6,21,1988.889384441642,1,21,4.61087E+11,0.7542398714715688,0.5316455696202531,11.49738793678264,1.1962025316455696,0.013574660633484163,-0.020100503,32979106232.999996,0.637405901,39.15547024952016
2022-10-10,0,0,1992,2009,1955,1983,115829495,24937102,1,0,21588882,2.29646E+11,1223856480.3740535,6,9,1982.6195684786505,1,25,4.43262E+11,0.5180819114004829,0.16666666666666666,10.20287375919155,1.7916666666666667,0.011055276381909548,-0.009664293,33799353269,0.3299279690155664,40.690978886756234
2022-10-11,0,0,2011,2018,1981,1983,97769946,-9923417,1,0,9575085,1.95425E+11,1053552655.6738408,5,1,1998.8286268972677,1,19,4.21567E+11,0.463569414,0.7567567567567568,9.664978128938573,2.418918918918919,0.008428359,-0.005502751,18960506294,-0.857706157,45.2991453
2022-10-12,0,0,1997,2006,1976,1989,109421259,27664412,0,0,24881706,2.18179E+11,1097050404.6224253,0,15,1993.9369060175043,0,24,4.02937E+11,0.5414720794885876,0.26666666666666666,4.998065244263924,2.8916666666666666,0.009975062,-0.005035247,22049799393,-0.66899485,47.288503253796094
2022-10-15,0,0,1989,2000,1946,1946,120958688,-40001670,0,0,20464452,2.37315E+11,1433797305.3752851,0,3,1961.953447089307,1,14,380745699654.36664,0.6232908607830111,0.7962962962962963,11.421819605016344,1.3333333333333333,0.00610998,-0.00716479,30591754017,0.9200417762241108,46.481876332622605
2022-10-16,0,0,1939,1962,1890,1894,197364977,-224208370,0,0,30479661,3.77781E+11,2214116625.5623045,2,15,1914.1234839907793,1,29,3.81578E+11,0.990049115,0.625,15.150209399192464,1,0.02247191,-0.011997913,67555543787,0.8878377931977925,40.93567251461989
2022-10-17,1,5,1897,1931,1870,1930,113644587,9348820,0,0,23031916,2.16826E+11,1041693060.7548336,1,5,1907.9292718182874,2,20,371499324397.13336,0.5836506821993916,0.5409836065573771,9.081350522818529,1.180327868852459,0.023498695,-0.006295908,27626854657.999996,0.5211843384677398,53.594771241830074
2022-10-18,1,4,1933,1946,1894,1894,135772350,-32741029,0,0,12421794,2.59252E+11,1254042511.2509418,0,2,1909.4576149709421,1,19,367903406028.86664,0.7046728661969998,0.75,11.928190434633846,1.2307692307692308,0.011328527,-0.011000524,31636019624,-0.309017133,33.77659574468086
2022-10-19,1,3,1891,1930,1885,1891,108836844,67215419,0,0,137721324,2.07184E+11,1446259085.9423954,1,33,1903.6209252171993,0,25,3.55702E+11,0.5824646259566945,0,10.031098829288025,1.3444444444444446,0.019180923,-0.005735141,40343244660,0.7434108348888632,26.530612244897966
2022-10-22,1,2,1899,1915,1870,1879,145108436,-59410612,0,0,20118228,2.74641E+11,1560220377.3577619,3,24,1892.6619040053606,1,21,354195344207.63336,0.7753947454656609,0.4444444444444444,9.751509338631337,0.8388888888888889,0.021432305279665446,-0.01005291,43388969403,0.6931247998306682,32.73381294964028
2022-10-23,1,1,1904,1930,1881,1893,134187595,63476745,0,0,32699488,2.55762E+11,1505887115.9316308,13,13,1906.0034124316783,2,27,3.54742E+11,0.7209812936019331,0.22448979591836735,9.061195459645248,1.0153061224489797,0.012448132780082987,-0.009424084,42559347960,0.096391827,27.519379844961236
2022-10-24,0,0,1890,1906,1854,1867,113857622,1031126,0,0,39765660,2.13129E+11,917059128.4130228,1,19,1871.8933070374508,1,26,352114116558.06665,0.6052847942035097,0.4423076923076923,13.954508161084632,1.125,0.007907222,-0.009018568,24198251895,0.9359352957714007,26.00732601
2022-10-25,0,0,1870,1905,1830,1836,159077619,-82976954,0,0,31447464,2.96045E+11,1472942522.6190026,0,21,1861.0082249219483,1,32,352679287850.26666,0.8394163410177028,0.4533333333333333,20.120939875233248,0.6333333333333333,0.01744186,-0.007023231,30964132468.000004,0.9507270561481665,21.54882154882155
2022-10-26,0,0,1850,1850,1780,1790,297365513,38520533,0,0,351360267,5.36153E+11,2267938840.2155843,0,27,1803.0111261422571,3,22,3.58911E+11,1.4938354146806117,0.8571428571428571,18.78799044866473,0.8357142857142857,0.026143790849673203,-0.018456376,56961732374,0.8748808512652116,20.062695924764895
2022-10-29,0,0,1839,1870,1804,1815,281636761,103379652,0,0,153180180,5.12244E+11,2644139271.438414,4,11,1818.8106661367265,1,21,364790653593.23334,1.4042134573277396,0.36363636363636365,12.521279222033384,1.1325757575757576,0.005945946,-0.015925316,66686908926.99999,-0.200046357,26.331360946745562
2022-10-30,0,0,1844,1859,1790,1852,195797555,168815482,0,0,85270488,3.59143E+11,2446938919.2662363,10,18,1834.2561684388756,1,23,3.63637E+11,0.9876409824961299,0.11594202898550725,9.845399835793106,1.0833333333333333,0.031368307,-0.014770241,74227966063,0.44426947801756284,32.152588555858316
2022-10-31,1,5,1836,1910,1836,1901,173234035,195542558,0,0,61740630,3.26127E+11,2133562040.1073804,11,10,1882.5830318505252,1,31,352747232903.36664,0.9245358273847637,0.8783783783783784,17.087996823860454,1.010135135135135,0.019587083112758072,-0.01059322,63806291531,0.7352646499801964,40.14423076923077
2022-11-01,1,4,1915,1932,1887,1910,175006964,32763414,0,0,22268768,3.34533E+11,1617500817.6910865,6,7,1911.540040155202,1,26,3.45562E+11,0.9680834385256823,0.1111111111111111,7.7274738960320475,1.6611111111111112,0.013989637305699482,-0.007303078,38286957171,-0.073719597,40.572792362768496
2022-11-02,1,3,1900,1940,1877,1896,166293685,262449744,0,0,156729040,3.17242E+11,1677141496.9484572,12,36,1907.7197061211314,2,33,344332825150.6667,0.9213229663456782,0.063492063,10.213783413155301,0.7579365079365079,0.024742268041237112,-0.013584117,52674365044,-0.057887093,43.58974358974359
2022-11-05,1,2,1900,1999,1900,1943,274520628,127376257,0,0,33632595,5.37728E+11,2340868717.2119055,25,12,1958.789301873519,2,30,352068164283.23334,1.5273407931238172,0.43434343434343436,21.168906489458557,0.4823232323232323,0.015535991714137753,-0.013846154,58416797603,0.5937362488161538,56.36363636363637
2022-11-06,1,1,1952,2056,1946,2056,383200636,677085869,0,0,116841972,7.73673E+11,6550832836,36,1,2018.9765718238525,1,24,367115575888.1667,2.107437431714098,0.9454545454545454,30.90532106130006,0.4340909090909091,0.018325903912828134,-0.009221311,1.74284E+11,0.8789821215636091,63.63636363636363
2022-11-07,0,0,2117,2119,2099,2119,177125562,81308897,92,0,439541240,3.75116E+11,9386161154.471817,0,0,2117.798024127088,0,4,3.6731E+11,1.0212510886188817,0.1,1.448091743284735,2.3875,0.008966494,0,43520685247,0.2963378191005982,73.00613496932516
2022-11-08,0,0,2223,2223,2132,2146,1032502281,-701461448,0,0,281606095,2.26997E+12,25124520005.15936,13,16,2198.516050712725,3,23,4.2478E+11,5.343880485935424,0.8461538461538461,25.795859825603245,0.4175824175824176,0.016742081,-0.032543003,5.69296E+11,-0.320776439,74.85380116959064
2022-11-09,0,0,2140,2285,2121,2220,738213782,1616785154,0,0,596279376,1.63281E+12,8395439371,22,20,2211.839816056157,3,28,461607162233.43335,3.537229855552572,0.4878048780487805,35.700694976172194,0.22560975609756098,0.036199095,-0.017040359,2.28011E+11,0.41774161549346883,79.65217391304348
2022-11-12,0,0,2230,2240,2157,2163,418490015,-51180329,0,0,125447840,9.15752E+11,3624015392.9294906,3,39,2188.229788149187,1,20,470773411724.8333,1.9452082340649615,0.8072289156626506,18.34493988327579,0.3493975903614458,0.019748653500897665,-0.016408387,91072602164,-0.544540692,71.84466019417476
2022-11-13,0,0,2152,2204,2123,2148,358951733,-158500975,0,0,58621560,7.75008E+11,3643625578.998489,21,18,2159.087524313471,4,29,474084363865.1667,1.6347474576727834,0.049382716,17.270148564567837,0.3148148148148148,0.025617566331198535,-0.015235457,93739785784,0.043233782,73.14662273476112
2022-11-14,0,0,2160,2183,2109,2110,294261901,-57045321,0,0,98391531,6.28184E+11,3286200934.741249,5,46,2134.7775343740473,1,23,4.8156E+11,1.3044759534677333,0.6756756756756757,17.07543007200738,0.16216216216216217,0.011246485473289597,-0.020608899,75531355932,0.8679626890714224,72.31270358306189
2022-11-15,0,0,2173,2219,2151,2179,295468155,308023003,0,0,146945150,6.44196E+11,3817050111.3832917,3,10,2180.253841450359,0,27,493299511593.9667,1.3058913800328986,0.088235294,11.171869271576652,0.10661764705882353,0.02125735,-0.011574074,1.25482E+11,0.19854609043059734,80.53375196
2022-11-16,0,0,2189,2228,2152,2192,282663901,435927459,0,0,290261026,6.21827E+11,4454157405.420785,12,18,2199.880552214554,2,24,508227843625.73334,1.2235197784262342,0.039473684210526314,15.552014021439522,0.078947368,0.015744489428699954,-0.012540641,1.26912E+11,0.4694482911486868,80.16
2022-11-19,0,0,2184,2235,2107,2232,430877883,880868814,0,0,253931808,9.39359E+11,7136544641.063935,22,7,2180.1057773508414,2,41,5.27601E+11,1.7804357913891078,0.375,25.90631771962029,0.052734375,0.017101710171017102,-0.019924099,2.7633E+11,-0.186115794,80.25477707
2022-11-20,0,0,2289,2289,2289,2289,480087551,0,1,0,0,1.09892E+12,22003720616.652103,11,0,2289,0,3,552639155499.9333,1.9884953740653517,1,0,inf,0,0,1.8583E+11,0,80.50314465408805
2022-11-21,0,0,2403,2403,2337,2355,1842864506,-1808273651,0,0,1496344088,4.405E+12,55323318284.41021,16,18,2390.301499652411,1,22,6.91818E+11,6.367287032464028,0.7272727272727273,16.879976503068143,0.2689393939393939,0.016645859342488557,-0.013180272,8.27591E+11,-0.304987935,82.10678211
2022-11-22,0,0,2342,2479,2335,2437,865668480,2289221137,0,0,438650352,2.08727E+12,11952111575.901533,12,10,2411.162826370899,1,25,754879097532.4667,2.7650357067241864,0.6597222222222222,39.179358385385314,0.19270833333333334,0.028756582,-0.016400164,4.47341E+11,-0.161778844,85.54533508541392
2022-11-23,0,0,2429,2448,2350,2356,512817717,-446610848,0,0,63591352,1.22973E+12,6771769970.156957,9,24,2397.985521960818,1,29,7.88597E+11,1.5593880897796195,0.7448979591836735,21.201288774628015,0.28316326530612246,0.011885245901639344,-0.016094875,1.62244E+11,-0.520121534,75.97484277
2022-11-26,0,0,2430,2517,2418,2468,887081433,1656880898,0,0,820584800,2.2072E+12,23617851306.211895,22,28,2488.1567923189755,2,19,854260189270.1333,2.5837534285014447,0.3838383838383838,16.024566040675758,0.3055555555555556,0.034578696,-0.012469831,8.12863E+11,0.5919775145926232,75.94458438287154
2022-11-27,0,0,2471,2570,2447,2555,531931347,1299739354,0,0,387069672,1.33717E+12,7518001568.235816,18,21,2513.8069944089984,1,22,886239916044.8334,1.5088157466452399,0.6829268292682927,28.424034657022364,0.29065040650406504,0.021789883,-0.01665345,2.44486E+11,-0.286773755,76.65036674816626
2022-11-28,0,0,2560,2565,2471,2472,436845601,-235567146,0,0,76273505,1.09597E+12,3983262862.832419,9,24,2508.8165110354403,1,20,9.15545E+11,1.1970640123079215,0.9361702127659575,21.588329209946775,0.9388297872340425,0.013720109760878087,-0.013033175,1.04094E+11,-0.74253825,68.64988558352402
2022-11-29,0,0,2495,2525,2423,2439,469013117,-460765083,0,0,75658206,1.15561E+12,5319427133,16,37,2463.9141671233897,3,24,9.45423E+11,1.2223183866495353,0.5490196078431373,23.442589471712413,1.1053921568627452,0.032130107,-0.012856569,1.32393E+11,-0.7328529,63.1452581
2022-11-30,0,0,2448,2454,2381,2388,330743390,-344901677,0,0,40862977,7.96924E+11,4601847736.135046,0,14,2409.4931461396704,1,26,965081115246.0667,0.8257584971319311,0.821917808,15.765154621843399,1.5650684931506849,0.014285714285714285,-0.012468828,97017055810,-0.382534101,63.603385731559854
2022-12-03,0,0,2364,2440,2356,2425,268877080,339458110,0,0,86667020,6.45581E+11,2673684154.473312,8,18,2401.026289306623,1,21,977445772876.2333,0.660477497,0.7261904761904762,16.69302268,1.5892857142857142,0.014492753623188406,-0.008361204,63807598567,-0.134242072,66.31330978
2022-12-04,0,0,2466,2521,2442,2521,867080828,403017184,0,0,109369692,2.17672E+12,18591151374.825943,26,9,2510.405777981289,0,24,1041477863096.6333,2.090034553510268,0.6962025316455697,17.52078477961866,1.7531645569620253,0.018036072144288578,-0.012048193,6.29427E+11,0.056313155,72.65711135611907
2022-12-05,0,0,2547,2549,2464,2468,393200003,-726361678,0,0,77968528,9.83681E+11,4874821529.426589,5,28,2501.7323819145545,1,35,1067162925079.8667,0.921772259,0.9294117647058824,19.93355332570259,1.6294117647058823,0.012713547874453715,-0.022526146,1.33549E+11,0.7611917558645557,66.21773288439955
2022-12-06,0,0,2488,2585,2477,2539,437650246,679006212,0,0,372529815,1.11096E+12,5831501466.952035,7,11,2538.465343956416,1,23,1094326765909.3667,1.0151994969453308,0.4722222222222222,21.861944367526068,1.3194444444444444,0.023622047244094488,-0.019246191,1.7708E+11,-0.733908701,68.28240252897787
2022-12-07,0,0,2580,2664,2570,2593,790389506,1981780363,0,0,872153442,2.0797E+12,25297772919.401085,13,17,2631.2335887149293,2,26,1.14578E+12,1.8150975737734298,0.13829787234042554,21.053112861893837,1.5106382978723405,0.024224072672218017,-0.012638836,2.65465E+11,0.7579155578164373,68.74350987
2022-12-10,0,0,2600,2628,2500,2508,691183256,89481158,0,0,430588508,1.74486E+12,13782047663.340391,2,40,2524.4504874290533,1,22,1186865434259.8333,1.4701396275814103,0.71875,23.483265324158353,1.09375,0.016522423288749016,-0.018662519,4.26343E+11,0.7699576447297505,61.04944500504541
2022-12-11,0,0,2540,2545,2479,2494,418617961,-459478770,0,0,90466639,1.05037E+12,12939255777.505083,5,12,2509.1397608427033,1,21,1209906370843.9666,0.8681423586647592,0.696969697,13.415996885474758,1.8977272727272727,0.012698412698412698,-0.021686747,73432806805,-0.072638436,57.40149094781683
2022-12-12,0,0,2512,2546,2487,2507,370218835,-196993360,0,0,33081568,9.32259E+11,4808915730.4443445,11,12,2518.128261213398,0,30,1.23011E+12,0.7578655168138672,0.084745763,15.055419760352201,2.0508474576271185,0.019685039,-0.011952191,72386838571,-0.184979461,54.02298850574712
2022-12-13,0,0,2537,2615,2521,2543,434281116,538383471,0,0,267564654,1.11288E+12,4476902255.425063,11,12,2562.5842013264055,0,25,1256055709651.3333,0.8860131905335021,0.063829787,22.46280995202986,0.9521276595744681,0.019379845,-0.012475634,1.07394E+11,-0.411660977,61.333333333333336
2022-12-14,0,0,2562,2658,2530,2590,467035775,891859054,0,0,309284575,1.21047E+12,6592055011.682949,5,13,2591.8200999034816,2,22,1285830075289.3667,0.9413939930955433,0.21875,21.062566691948213,0.2734375,0.019076688,-0.013384321,2.10304E+11,0.7372111822799187,58.026315789473685
2022-12-17,0,0,2595,2649,2564,2600,322883569,226222235,0,0,85246680,8.44777E+11,3756715195.3262553,3,13,2616.351416525627,2,22,1296065035751.2334,0.6518013061253096,0.058823529411764705,12.39999503891555,0.047058823529411764,0.02283105,-0.009604303,90698870921,-0.446776821,53.294289897510986
2022-12-18,0,0,2590,2680,2578,2584,429478527,66755906,0,0,81107559,1.1268E+12,3990931468.9741173,0,32,2623.6519823539397,2,23,1.30784E+12,0.8615775864051465,0.058823529411764705,25.877859524686972,0.13725490196078433,0.015367316341829085,-0.011385199,1.25758E+11,-0.552135598,59.09090909090909
2022-12-19,0,0,2590,2595,2493,2494,850247341,-678092794,0,0,421109570,2.13543E+12,23568828490.20144,6,26,2511.5434293325243,1,33,1366513237075.2334,1.5626874769003307,0.9411764705882353,32.21311467939575,0.23774509803921567,0.010844306738962044,-0.014890282,5.08241E+11,-0.32965253,54.08618127786032
2022-12-20,0,0,2508,2547,2436,2532,534751207,798170193,0,0,186503835,1.33326E+12,6340697652.412969,19,12,2493.2332613491417,2,28,1335289459030.6667,0.9984797579446629,0.21621621621621623,26.393998865691856,0.21846846846846846,0.039007092,-0.022792023,2.60134E+11,0.22813609325774878,60.909090909090914
2022-12-21,0,0,2558,2558,2483,2491,205837281,-164225513,0,0,43877823,5.16199E+11,1951249435.511526,0,13,2507.803582422953,1,19,1298069086860.6333,0.3976671780516884,0.8933333333333333,14.042416134696088,0.4,0.011539992041384799,-0.011904762,47556246540,-0.849160265,54.96987952
2022-12-24,0,0,2508,2610,2500,2574,440262351,568397694,0,0,162425799,1.1245E+12,5364005993.043588,13,10,2554.165361,1,26,1.30503E+12,0.8616698883258771,0.6,23.738474077226847,0.37727272727272726,0.015497869043006587,-0.012034161,1.69849E+11,0.5058166435209882,54.07066052227343
2022-12-25,0,0,2595,2681,2568,2681,1278359658,1691521167,0,0,804787048,3.40933E+12,24951782272.92404,37,8,2666.9587860797465,2,28,1.39284E+12,2.4477591176561164,0.7610619469026548,28.497478633177323,0.7057522123893806,0.030075188,-0.017133956,8.08617E+11,0.6209435225092345,65.10638298
2022-12-26,0,0,2695,2800,2640,2769,795176604,1690418479,0,0,751317788,2.18892E+12,11453570645.23503,30,25,2752.7417338916075,2,33,1444862652562.6667,1.5149646367858223,0.4625,36.19067532712527,0.5109375,0.034310221586847746,-0.013089005,4.88002E+11,0.5206436264742274,65.92797783933517
2022-12-28,0,0,2773,2890,2773,2876,907840184,1569564515,0,0,544899247,2.61847E+12,19091459589.984356,10,3,2884.282295947587,1,14,1.51067E+12,1.7333132996710219,0.8803418803418803,12.188633776884293,0.6987179487179487,0.024221453,-0.010846746,4.77004E+11,0.5621452657692274,68.25806451612902
2022-12-31,0,0,2780,2939,2740,2864,783561165,874088789,0,0,243496440,2.21045E+12,10745297534.190842,18,36,2821.0321487640344,2,32,1563625859518.0334,1.4136701715008357,0.4221105527638191,50.279643830600655,0.4108040201005025,0.03180212,-0.026574445,2.95132E+11,-0.549522252,75.35612535612536
2023-01-01,0,0,2940,2962,2856,2959,1356468616,2357962291,0,0,1668109506,3.97994E+12,29658051455.876995,15,28,2934.0417159588746,1,30,1664978397640.4333,2.390382668852201,0.1792452830188679,28.737991538499863,0.7712264150943396,0.017911457,-0.016195727,7.47919E+11,0.6797004957584539,79.69348659
2023-01-02,0,0,3028,3080,3000,3080,579189542,1620094614,0,0,1087171488,1.78019E+12,21327862518.45454,14,0,3073.5958036531674,0,4,1687687535692.8333,1.0548128774798295,0.65,7.908303373,1.021875,0.024350649350649352,0,2.32904E+11,0.5556680221911106,82.15488215488216
2023-01-03,0,0,3227,3227,3141,3170,2153476544,-2798081868,0,0,1324574280,6.92588E+12,70827227241.83998,3,24,3216.137946688497,1,26,1771716730296.6333,3.9091337300305455,0.6627906976744186,21.685242400797286,0.9505813953488372,0.010869565217391304,-0.014896989,2.49002E+12,0.7218371970477033,83.17460317460318
2023-01-04,0,0,3130,3358,3130,3325,1022305786,970497769,0,0,1052748864,3.32208E+12,13330928324.568518,22,4,3249.5922184020583,3,26,1.81288E+12,1.8324888313547372,0.8552631578947368,49.47786822474003,0.35855263157894735,0.033794163,-0.028571429,4.0248E+11,-0.541787301,84.9002849
2023-01-07,1,5,3380,3412,3380,3412,1250800861,594898755,0,0,520395460,4.26701E+12,33644350747.466217,9,3,3411.423983740766,0,6,1.91412E+12,2.2292293685163425,1,1.0617310051386322,2.5546875,0.003810082,-0.001467567,7.42232E+11,0.6669296825508939,85.92920354
2023-01-08,1,4,3477,3535,3350,3420,1263242036,-1675520536,0,0,397393475,4.32472E+12,17693100791.845066,7,36,3423.510378348429,3,30,1.9847E+12,2.179026365687827,0.3081081081081081,41.28971958329654,0.6878378378378378,0.028629265471370735,-0.03036618,4.84774E+11,-0.319359655,87.25490196078431
2023-01-09,1,3,3450,3540,3380,3450,797449195,414834907,0,0,619274883,2.75915E+12,9343946710.793629,25,13,3459.9674600173116,2,22,2032103127504.6333,1.3577796463042493,0,36.701043869326185,0.8828125,0.023054755043227664,-0.028238719,2.24321E+11,0.6480025689169894,95.00941619585687
2023-01-10,1,2,3499,3605,3402,3426,738060798,-432707770,0,0,147347080,2.57291E+12,8692368028.517794,13,27,3486.0360235255307,1,26,2081334496598.5667,1.236181177789917,0.35960591133004927,42.468212550547804,0.6958128078817734,0.022377622377622378,-0.022443182,2.98342E+11,-0.060363522,92.65267176
2023-01-11,1,1,3399,3426,3312,3312,1040328517,-4646860411,0,0,199106241,3.47551E+12,33487905121.498337,2,32,3340.776728681177,1,13,2158664404473.0334,1.6100257606394495,0.7631578947368421,39.50959950379855,1.3728070175438596,0.020748100526008183,-0.013325437,9.29623E+11,0.23814564897695986,86.61909009812668
2023-01-17,0,0,3508,3508,3404,3407,1095761403,-4677373568,93,0,864535731,3.8052E+12,70597782808.92534,1,12,3472.6582143256965,1,17,2258940434664.1333,1.6845087097813496,0.9711538461538461,35.491384749445345,1.6177884615384615,0.006670534,-0.013662791,2.09656E+12,0.17281582989306288,86.76081200353045
2023-01-18,0,0,3410,3480,3320,3380,543951421,489527487,0,0,624121680,1.84424E+12,7021347052.115549,7,18,3390.4448896604686,3,31,2298895647260.1665,0.8022275033453431,0.1875,35.87545733896696,1.0515625,0.020808909730363423,-0.023738872,1.63725E+11,-0.518436588,83.19088319
2023-01-21,0,0,3480,3490,3221,3251,935761291,-2126383786,0,0,362014980,3.07284E+12,17292240135.87357,7,32,3283.787566145435,1,23,2328766199649.433,1.3195147253204629,0.8513011152416357,60.54094645206242,0.6468401486988847,0.017617199,-0.030267062,6.11463E+11,0.9315825631493744,72.02925045703839
2023-01-22,0,0,3300,3348,3140,3300,731705369,-319654507,0,0,213702075,2.36451E+12,10431432533.088428,11,28,3231.5022607371357,2,23,2374793745450.8667,0.9956685959134047,0,53.854554639005286,0.8918269230769231,0.023183925811437404,-0.026851852,3.08197E+11,0.10524185232769585,70.46332046332046
2023-01-23,0,0,3341,3359,3070,3154,1515206185,-4136471831,0,0,2142293050,4.75249E+12,51374983420.11968,19,23,3136.5300445509997,3,32,2496178070140.7666,1.9039065280603131,0.6470588235294118,84.47457807172803,0.7742214532871973,0.018131530424093423,-0.06514658,1.09275E+12,0.6024157162068206,62.39316239316239
2023-01-25,0,0,3150,3190,2979,3022,809156573,67578540,0,0,1087416162,2.45274E+12,10200924198.803965,11,25,3031.2268822748597,2,20,2508612661463.8335,0.9777265313712366,0.6066350710900474,43.34086681102211,1.069905213270142,0.032913843,-0.025957171,2.83564E+11,0.5916484260904847,52.60977630488815
2023-01-28,0,0,3080,3099,2922,2950,643531786,-1690052585,0,0,129516912,1.92438E+12,15730797688.15052,7,28,2990.3444186920083,1,25,2514596787363.967,0.7652843963637268,0.7344632768361582,34.534050083567294,1.3968926553672316,0.021388614675880224,-0.043654822,5.05959E+11,0.47487728883461877,44.38687392055268
2023-01-29,0,0,2951,2995,2841,2843,982548586,-398006134,0,0,509039940,2.80127E+12,27657424763.293865,5,12,2851.0292903978593,1,12,2572960248276.533,1.0887361356637362,0.7012987012987013,26.04422689169207,1.6412337662337662,0.012513034,-0.043675751,6.48721E+11,0.6432444673419215,36.08510638297872
2023-01-30,0,0,2850,2925,2757,2912,711178006,-262195623,0,0,202963722,2.01793E+12,9155144302.918604,15,10,2837.4470756931705,2,18,2609149296349.033,0.7734053226642404,0.36904761904761907,49.49084208,1.5238095238095237,0.025369979,-0.033800791,2.90293E+11,0.022110506960374886,31.03764921946741
2023-01-31,0,0,2898,2978,2850,2978,592015718,717901998,0,0,247561700,1.73542E+12,14815875737.04964,28,5,2931.371247467453,2,27,2629900493915.6333,0.6598796638157793,0.625,31.544362393543743,2.00390625,0.023728813559322035,-0.021349862,5.83895E+11,-0.349109564,29.681647940074896
2023-02-01,0,0,2980,2999,2877,2879,446735588,-1042073416,0,0,76205186,1.30739E+12,6219573438,8,13,2926.5497953612776,3,25,2.63313E+12,0.49651682482811654,0.8278688524590164,19.832576173917047,2.014344262295082,0.023849512932482365,-0.025684932,2.07787E+11,-0.352933423,26.660914581535806
2023-02-21,1,2,3073,3073,2980,2984,1245421274,-2774552987,86,0,775467053,3.8042E+12,53073924719.81204,15,22,3054.5521178241893,1,15,2731778778634.8667,1.3925740326532037,0.956989247,31.729533116891254,2.642473118,0.008890352,-0.018592297,1.27301E+12,-0.488796488,31.11831442463533
2023-02-22,1,1,3000,3052,2908,2950,656173600,-223958264,0,0,180861361,1.94209E+12,6375024089.424139,16,16,2959.7265927812396,2,27,2758955187456.8335,0.703923885,0.3472222222222222,24.712148250048198,1.7065972222222223,0.023271058669288757,-0.025891056,1.7325E+11,0.5097378907417761,30.86816720257235
2023-02-25,0,0,3032,3108,3032,3108,1365123241,1303395896,0,0,369798442,4.20959E+12,22459003221.206856,21,7,3083.671153,0,27,2828093788653.2334,1.4884906488524376,1,17.464320950602886,3.8322368421052633,0.011904761904761904,-0.013157895,6.56656E+11,0.19408503113194575,42.08074534161491
2023-02-26,0,0,3200,3226,2964,2993,1204339387,-2591623835,0,0,150652404,3.70776E+12,10329783999.671577,10,35,3078.666616705113,1,25,2.90724E+12,1.275352098672351,0.7900763358778626,67.57804362328025,1.1555343511450382,0.020064724919093852,-0.026554404,3.1181E+11,-0.271606486,34.17431193
2023-02-27,0,0,3232,3232,3120,3232,2529399129,-8556000866,0,0,1725466380,8.15679E+12,95254635659.77385,26,1,3224.792312284773,2,11,3161930034163.6333,2.5796860707756184,0,20.631431866480764,2.703125,0.017295597,-0.01984,8.26445E+11,0.7748936262357873,45.13157894736842
2023-02-28,0,0,3180,3279,3136,3153,763878629,-113500329,0,0,475910760,2.43845E+12,9098969293.480701,5,13,3192.200818420854,2,26,3205728405431.3335,0.7606552010259596,0.1888111888111888,30.157165970556793,2.1433566433566433,0.020508111417202327,-0.024667932,2.20258E+11,0.075289608,46.666666666666664
2023-03-01,0,0,3148,3160,3033,3033,606726335,-625589175,0,0,92338543,1.86535E+12,16108079554.598799,8,33,3074.448683065653,1,22,3154262287429.6333,0.5913740873914605,0.905511811,36.037412839631784,2.425196850393701,0.018055115616091227,-0.02051449,3.59727E+11,0.5753282567745428,41.33679428942245
2023-03-04,0,0,3001,3191,2985,3147,783586645,2650305919,0,0,509153792,2.43979E+12,11180124216.36425,11,21,3113.612934,3,23,3.16262E+12,0.771443283,0.7087378640776699,47.58667644301098,1.4951456310679612,0.042756860242501596,-0.021845452,2.70702E+11,-0.676662908,49.76805831676607
2023-03-05,0,0,3221,3269,3170,3181,779039831,545578332,0,0,664725072,2.5217E+12,23091792962.570217,14,19,3236.9281117476007,1,28,3.1594E+12,0.7981568685624226,0.40404040404040403,25.528574405693472,3.2297979797979797,0.01009483,-0.015217391,2.66184E+11,0.1624309221525964,55.63430191
2023-03-06,0,0,3175,3271,3115,3179,480291376,74721208,0,0,202652464,1.53303E+12,5355463785,8,13,3191.883138459684,2,34,3136818319291.533,0.4887225808309624,0.025641026,29.34549383905491,2.076923076923077,0.019734813444341658,-0.022464698,1.46598E+11,-0.448732318,58.53840417598806
2023-03-07,0,0,3200,3274,3060,3147,824691830,-1903402482,0,0,654553525,2.6042E+12,10201614981.222242,18,13,3157.789470630502,2,28,3090960575010.067,0.8425222884897257,0.24766355140186916,38.61865955468753,1.5934579439252337,0.025135221,-0.039885131,3.64959E+11,-0.204384062,62.006319115323855
2023-03-11,0,0,3230,3297,3170,3176,600664007,40600636,0,0,346163490,1.93838E+12,7427141515,9,43,3227.067268443804,1,23,3096233528693.7666,0.6260455286587383,0.4251968503937008,26.486823353255065,2.826771653543307,0.010200927357032458,-0.0159375,1.55426E+11,0.5994708979094885,60.76672104404568
2023-03-12,0,0,3145,3189,3070,3100,405475943,-110772432,0,0,114684825,1.26467E+12,5320441511.387189,9,33,3118.9711757548093,1,35,2907526533634.3335,0.43496345228471495,0.37815126050420167,19.003977830654787,3.3529411764705883,0.010476190476190476,-0.014358647,1.65178E+11,0.31435559712134264,54.93527508090616
2023-03-13,0,0,3119,3163,3070,3081,421881918,-125770603,0,0,64961050,1.31079E+12,3622959701.2544003,2,18,3106.9949971143346,1,31,2.84048E+12,0.4614654591682402,0.40860215053763443,20.67942612462782,4.290322580645161,0.014982467325470195,-0.009971052,92096491501,0.4152660406502719,58.73702422145329
2023-03-14,0,0,3107,3151,3070,3105,411707894,-102980154,0,0,110272799,1.27797E+12,5548176030.587207,8,10,3104.0775351808047,0,24,2740848841977.967,0.4662691372282082,0.024691358024691357,12.93986741057745,5,0.018441971383147855,-0.01130491,2.06244E+11,-0.029613819,55.627906976744185
2023-03-15,0,0,3149,3196,3104,3160,468146566,-107965440,0,0,121482180,1.47806E+12,5277872567.745125,20,9,3157.2661218709013,2,35,2.64596E+12,0.5586113074289414,0.11956521739130435,20.625369774435548,4.570652173913044,0.017235976,-0.013149455,1.31501E+11,0.4933581601575229,59.58029197080292
2023-03-18,0,0,3220,3314,3220,3314,615913892,727252804,1,0,229638960,2.03912E+12,19730812476.17535,11,1,3310.7179304927904,0,9,2.62196E+12,0.7777074432731824,1,9.079728371742679,4.819148936170213,0.025045263,-0.001208459,3.96443E+11,0.5694155821644986,59.43223443223443
2023-03-19,0,0,3400,3441,3300,3390,510351999,371085039,0,0,349806856,1.72316E+12,7412498150.484488,14,17,3376.408106221604,3,19,2593634177628.8667,0.6643792101881275,0.070921986,20.88777039143399,3.131205673758865,0.026804123711340205,-0.027644231,2.20508E+11,0.20882527583181917,68.85090218423552
2023-03-25,0,0,3431,3544,3333,3442,730523443,386857567,0,0,242915845,2.55157E+12,16483167989.305412,30,37,3492.793109,2,38,2562836242560.6665,0.9956029204509739,0.052132701421800945,59.20633352,1.995260663507109,0.032731377,-0.020172911,6.28023E+11,0.45899934279450094,62.12471131639723
2023-03-26,1,5,3474,3542,3319,3319,659932939,-852515536,0,0,132110028,2.23025E+12,10684249125,4,33,3379.506654917857,3,20,2.51034E+12,0.8884254030339782,0.695067265,65.21244249866449,1.4663677130044843,0.024045261669024046,-0.020347098,3.48608E+11,-0.35175357,59.120879120879124
2023-03-27,1,4,3355,3470,3290,3410,423190970,615876408,0,0,278097975,1.43936E+12,5626887586,30,23,3401.201426575808,2,26,2496841687140.8667,0.5764713631188241,0.3055555555555556,40.07789209146774,1.6680555555555556,0.020240539747726605,-0.014666268,1.76994E+11,0.6345188230053496,71.39614075
2023-04-03,1,3,3591,3720,3465,3720,973951811,1652075091,0,0,384792788,3.6005E+12,22734772240.627373,13,4,3696.792542648704,2,9,2514430237125.467,1.431933858670162,0.5058823529411764,50.062308863456224,1.1215686274509804,0.053798324,-0.021658592,5.26129E+11,0.4836088865747909,76.60167131
2023-04-04,1,2,3790,3870,3576,3671,816663067,-993518480,0,0,480263472,3.03874E+12,9704621488,17,34,3720.928239458391,3,32,2536904807592.3335,1.1978158025593957,0.40476190476190477,63.850885220206344,0.8214285714285714,0.020402611534276388,-0.021311475,2.7489E+11,-0.276004717,72.43589743589743
2023-04-05,1,1,3601,3820,3589,3769,732569845,1272059454,0,0,504722517,2.72585E+12,10885741056.686367,27,19,3720.9417934845515,1,18,2.46935E+12,1.1038733254663495,0.7272727272727273,42.692413537019725,0.9545454545454546,0.025114771806643264,-0.018668831,2.64405E+11,0.6824212248925855,74.83164983164983
2023-04-08,1,3,3650,3829,3590,3662,1045970160,465972478,0,0,366487550,3.88873E+12,10711096631.91548,19,41,3717.822751836439,2,23,2.51722E+12,1.544853795831232,0.050209205,49.528181942827786,0.9037656903765691,0.025921967,-0.015238095,2.84127E+11,0.25732455930262893,70.38796516231196
2023-04-09,1,2,3701,3903,3666,3900,1271709212,3816107819,0,0,1189192590,4.90605E+12,39623591232.42198,41,9,3857.836898253907,1,38,2616605459922.1665,1.8749661716478017,0.8396624472573839,71.11976875887753,0.9609704641350211,0.037407123,-0.02027575,1.39927E+12,0.6258666455448467,74.59239130434783
2023-04-10,1,1,4000,4000,3666,3734,1172965033,-3682065029,0,0,319189344,4.51323E+12,19103480469.905277,10,24,3847.707950726269,1,21,2673670529437.933,1.6880265663648482,0.7964071856287425,96.76050971652282,0.5965568862275449,0.017379679144385027,-0.021692555,394344638180.00006,0.8488405807966154,70.29449424
2023-04-15,0,0,3920,4034,3910,3945,843388154,828211008,0,0,309726660,3.33935E+12,9780014056,38,13,3959.443981596403,0,30,2717717802674.033,1.2287324854770898,0.20161290322580644,25.040677319507807,1.7439516129032258,0.014296463506395787,-0.016823859,3.14682E+11,0.1345315827583179,74.62941847206386
2023-04-16,0,0,3990,4095,3910,3935,849877277,897842561,0,0,446600261,3.38208E+12,11258881066.701406,11,32,3979.488269509293,3,25,2772606429359.033,1.2198185139193605,0.2972972972972973,37.11260015140056,0.5459459459459459,0.028857911469797017,-0.016334865,3.66132E+11,-0.358771199,73.85057471264368
2023-04-17,0,0,3968,4067,3896,4023,820002087,1222463868,0,0,256293270,3.27563E+12,11435241336,7,29,3994.665909955178,2,25,2838214444005.3335,1.1541180018830333,0.3216374269005848,34.508515464352165,0.6549707602339181,0.022305764,-0.010513141,3.69263E+11,0.38228924436888956,74.33728144388043
2023-04-18,0,0,4040,4194,4011,4151,1599452404,3060834078,0,0,1117930916,6.65352E+12,46773308262.56867,30,20,4159.870659755499,3,28,2.93319E+12,2.2683534925158604,0.6065573770491803,41.042304056427554,0.6202185792349727,0.030057251908396948,-0.014680695,1.25711E+12,0.3348032376524465,73.95535203205495
2023-04-19,0,0,4160,4235,4056,4085,818871341,396550808,0,0,584709860,3.38492E+12,12742392324.949026,4,22,4133.637149587336,3,23,2981285559988.1333,1.1353883845677208,0.41899441340782123,48.28704448238507,0.6815642458100558,0.018917001655237645,-0.014805825,3.43048E+11,-0.233889586,70.00575705238917
2023-04-24,0,0,4103,4215,4001,4107,657143947,738108721,0,0,279015585,2.6974E+12,10071046023.479496,18,39,4104.733003146722,4,38,2930879202940.8335,0.9203383218122528,0.018691588785046728,41.34408159225118,0.6647196261682243,0.022400779157535914,-0.020408163,3.21931E+11,0.27729869968444754,69.47861745752783
2023-04-25,0,0,4150,4233,3959,3979,923695846,-512600935,0,0,325195320,3.78954E+12,14051327571.98401,7,32,4102.587017099133,1,28,2933605306927.7666,1.2917697471431895,0.6240875912408759,73.85776496986193,0.5437956204379562,0.017751479,-0.014609572,4.8013E+11,-0.392844918,69.27570093457943
2023-04-26,0,0,3980,4031,3896,3896,1011944304,-749940565,0,0,290602437,3.98245E+12,25240412758.370262,13,40,3935.439029566394,3,21,2794460581721.433,1.4251212329700313,0.6222222222222222,42.55457969902487,1.1611111111111112,0.015015015015015015,-0.01386037,8.5604E+11,-0.536152945,64.26056338
2023-04-29,0,0,3890,3992,3841,3896,823874881,753161533,0,0,394060800,3.21668E+12,9590946185.658226,14,23,3904.3340569233837,2,22,2820401540783.567,1.1405052472203436,0.039735099337748346,25.104521083076914,1.0380794701986755,0.02126044,-0.023601847,2.88897E+11,-0.218349604,56.312769010043034
2023-04-30,0,0,3920,4080,3920,4033,853563689,1663056232,0,0,276254880,3.42294E+12,13835746421.711426,24,7,4010.1723708891277,1,25,2872321158810.2334,1.191697353174755,0.70625,36.34108938727241,1.0671875,0.013777555,-0.011691542,4.0963E+11,0.48913627878948424,62.21322537112011
2023-05-01,0,0,4046,4080,3909,3966,701809670,-280986470,1,0,185234998,2.80157E+12,8487149687.179094,22,16,3991.9166853101356,2,24,2884380499429.2666,0.971288543,0.4678362573099415,32.45943575050665,1.0248538011695907,0.014757378689344673,-0.025131943,2.39468E+11,-0.020353324,56.78842177808408
2023-05-03,0,0,4150,4248,4067,4248,2428407116,4020762987,0,0,753981444,1.0216E+13,64827040025.04146,40,5,4206.855187771572,2,20,3140855870923.6333,3.2526029508516694,0.5414364640883977,65.86903142238971,0.7762430939226519,0.02079847,-0.01216545,1.74517E+12,-0.609366091,68.01968019680197
2023-05-06,0,0,4417,4417,4410,4417,1228588670,18453129,0,0,18453129,5.42663E+12,145077367275.27194,0,1,4416.964832007608,0,3,3270642504383.3335,1.6591947732349823,0,0.069006556,16.607142857142858,0.000226398,-0.000226449,1.41686E+12,0,66.60244059
2023-05-07,0,0,4631,4631,4197,4197,1630718937,-18220766007,0,0,973480221,7.1308E+12,126625061668.63257,1,12,4372.796426452488,1,5,3421529129815.7666,2.084097977750071,1,80.08279493250357,0.26785714285714285,0.018604651162790697,-0.050925926,7.62274E+11,0.8215931092288066,64.36995655
2023-05-08,0,0,4129,4180,4129,4129,528048187,1459123805,8,0,1601498775,2.1805E+12,63252843870.85651,0,17,4129.357523954533,0,3,3429599683071.6665,0.6357884171618742,0,1.0564926907704617,2.1911764705882355,0,-0.003632841,2.44697E+11,0,56.26702997275204
2023-05-09,0,0,3928,4128,3923,4041,1810344953,10899372117,0,0,7489056288,7.2073E+12,62558698154.36489,9,22,3981.175175395979,3,21,3627687436641.933,1.9867478970180057,0.551219512,52.218829256876525,0.6573170731707317,0.027757125,-0.021021021,1.07035E+12,0.4891640930000689,53.42820181112548
2023-05-10,0,0,4052,4071,3782,3782,861243046,-2494942004,0,0,329396297,3.30057E+12,34276038240.15676,0,28,3832.3294663943216,1,4,3.69401E+12,0.8934908053659901,0.9342560553633218,68.48048984329417,0.5337370242214533,0.00026434,-0.028274968,8.98937E+11,0.6443212500064488,42.98194525334886
2023-05-13,0,0,3703,3740,3643,3644,840632855,-592430896,0,0,1201231174,3.07011E+12,44178648866.07477,1,26,3652.138757011823,1,11,3753751326630.433,0.8178772547831218,0.6082474226804123,9.531218865387556,2.1211340206185567,0.00816771,-0.023606917,1.04453E+12,0.5053418708357151,35.32136653
2023-05-14,0,0,3651,3833,3616,3830,735310565,1664568278,0,0,369541140,2.7496E+12,13081796457.055943,40,6,3739.369007050783,1,26,3.79614E+12,0.7243148509786905,0.8248847926267281,60.99714742199459,0.9596774193548387,0.020882276168102322,-0.020436344,4.99657E+11,0.6642345817108063,43.096913914455875
2023-05-15,0,0,3840,3840,3650,3700,477278929,-1430249235,0,0,67570050,1.77645E+12,8257744189.274033,12,33,3722.036559510466,1,28,3787380216675.567,0.4690444373660764,0.7368421052631579,30.774818454378945,1.0960526315789474,0.027689030883919063,-0.022450636,2.86102E+11,-0.062319642,39.590792838874684
2023-05-17,0,0,3660,3849,3651,3783,375106939,634719806,0,0,213162288,1.40919E+12,4953701871.885961,13,29,3756.767572,1,19,3.77691E+12,0.373106018,0.6212121212121212,44.067813946457456,1.2058080808080809,0.022655426765015807,-0.012368421,1.56675E+11,0.457123679,44.86910994764398
2023-05-20,0,0,3810,3840,3598,3610,488169691,-846529868,0,0,54105200,1.78944E+12,6106081608,1,45,3665.602877,1,17,3.75151E+12,0.4769908889784586,0.8264462809917356,51.396635580638204,0.9865702479338843,0.010016242555495398,-0.020255864,1.71257E+11,0.8247308278697859,42.85
2023-05-21,0,0,3596,3720,3585,3661,310823348,192356755,0,0,233034375,1.13896E+12,3848306342.811784,27,20,3664.3188540328056,2,34,3715133884330.533,0.306571954,0.48148148148148145,25.57522511024123,2.0037037037037035,0.018548387096774192,-0.013611111,1.08072E+11,0.005359832,44.271087274500246
2023-05-22,0,0,3700,3821,3660,3740,563502139,1304683662,0,0,316584936,2.11161E+12,6983833958.742485,5,18,3747.301066131357,1,24,3737542365509.3335,0.56497344,0.2484472049689441,40.51669839,1.9021739130434783,0.013297872340425532,-0.01269584,1.86308E+11,0.10195278599385077,42.64927245358756
2023-05-23,1,5,3780,3831,3692,3694,450539721,-264229081,0,0,54841600,1.69054E+12,5328197688.377443,3,39,3752.263235063352,1,23,3673877226817.3335,0.46015245656657716,0.6187050359712231,32.11340302595682,2.2158273381294964,0.015926892950391645,-0.013319126,1.48658E+11,-0.481540075,43.10344827586208
2023-05-24,1,4,3700,3785,3625,3665,647461095,-120598721,0,0,222929800,2.38761E+12,7966295372.884978,20,38,3687.657612485581,1,35,3652172899072.067,0.6537518627257866,0.21875,33.171043984685426,1.871875,0.016146109,-0.021621622,2.76536E+11,0.2130716394473383,33.04246655031996
2023-05-27,1,3,3665,3722,3608,3634,485345982,540528731,0,0,308892342,1.77648E+12,8389328421.088376,7,22,3660.2392439070404,1,29,3620527320981.467,0.49066952205940656,0.2719298245614035,28.423247090457803,2.4517543859649122,0.013380666302566903,-0.010635397,2.49788E+11,0.7933753921976372,25.237191650853887
2023-05-28,1,2,3660,3661,3477,3495,706157013,-853290985,0,0,244031440,2.46179E+12,26305268793.05775,2,20,3486.1734413674935,1,14,3572962459833.6665,0.6890041112468348,0.8967391304347826,32.154912399711385,1.3233695652173914,0.010810810810810811,-0.037388553,5.5625E+11,0.7858853481349009,26.60000000000001
2023-05-29,1,1,3519,3525,3465,3487,458750222,-61895557,0,0,159872955,1.60135E+12,7449112832.438002,2,17,3490.6799813733933,1,29,3462805909649.7666,0.4624429604684263,0.5333333333333333,7.595492181615032,4.041666666666667,0.004017217,-0.011801957,2.66089E+11,-0.683718222,27.708333333333343
2023-05-30,1,5,3500,3571,3486,3504,417968307,415911668,0,0,137093740,1.46386E+12,5707855906.337859,7,17,3502.325971380409,0,18,3361160388763.8335,0.43552258372245617,0.047058823529411764,16.02158489,3.179411764705882,0.022141255605381167,-0.009335219,2.01417E+11,-0.312151706,30.38714390065742
2023-05-31,1,4,3496,3540,3367,3425,414481315,-396850190,0,0,133896794,1.4195E+12,5304597920.077073,1,32,3424.7589705823048,1,33,3297165403803.1665,0.43052089532653026,0.41040462427745666,24.97163759112934,1.5317919075144508,0.012219959266802444,-0.020231214,1.62748E+11,0.6680439781409998,34.98738435660219
2023-06-03,1,3,3420,3505,3366,3500,291119700,666633348,0,0,216784848,1.00399E+12,4768831640.177692,16,6,3448.727153638177,2,31,3217895929136.6665,0.3120027609526708,0.5755395683453237,26.296916540706412,1.908273381294964,0.020863103743926838,-0.015421115,1.34712E+11,0.6590023309215362,43.60568384
2023-06-06,1,2,3508,3621,3461,3621,506916932,677742532,0,0,114512136,1.81894E+12,15826207613.65199,32,12,3588.2375867531687,2,21,3169339395994.433,0.5739171989793406,0.70625,55.73156478817804,1.89375,0.018435754189944135,-0.010928962,3.3387E+11,0.705228189,40.15080113100848
2023-06-07,1,1,3680,3689,3571,3582,306516353,-497770017,0,0,102316320,1.11076E+12,4727144818.382125,1,12,3623.818098139123,1,21,2984580875337.8335,0.3721659937431817,0.8305084745762712,28.897149504533832,2.5677966101694913,0.010142543859649123,-0.013329631,99952745979,0.6003364229125479,43.91752577319588
2023-06-12,0,0,3300,3442,3300,3395,420873513,1377968769,137,0,878224795,1.42101E+12,15175257504.295856,4,19,3376.3399077361278,1,9,2.91912E+12,0.486795101,0.6690140845070423,46.52084106561066,2.441901408450704,0.028840494408475574,-0.014150943,5.01971E+11,-0.632142209,31.936685288640604
2023-06-13,0,0,3410,3430,3285,3389,275016271,-177884465,0,0,65895989,9.25269E+11,3057309348.6200666,32,16,3364.4171827164364,2,29,2860046344096.8667,0.32351555057447073,0.14482758620689656,31.850429741005534,2.4086206896551725,0.014675052410901468,-0.018208955,85499093782,0.27516927104391614,37.81697905181918
2023-06-14,0,0,3390,3451,3340,3348,248840632,-60816659,0,0,27223992,8.4557E+11,3187849045.057211,10,31,3398.0401283541187,1,30,2761913939681.967,0.306153802,0.3783783783783784,31.311249931844475,3.1463963963963963,0.014244186046511629,-0.011038186,87484853088,-0.478310262,32.552954292084735
2023-06-17,0,0,3390,3437,3277,3291,224143144,-129557659,0,0,48786120,7.51206E+11,2407447677.5943522,9,21,3351.455471812245,1,19,2.65421E+12,0.2830246700157795,0.61875,39.85031345350023,2.1828125,0.010859994129732903,-0.012673151,74444592520,0.620017606,24.34285714285714
2023-06-18,0,0,3240,3284,3184,3203,364658791,-262877575,0,0,60555020,1.16927E+12,9427341746.492382,9,8,3206.4656254756246,3,23,2.58596E+12,0.4521595274371633,0.37,22.425157161762957,3.4925,0.015151515151515152,-0.019375,2.73161E+11,-0.104175792,23.227917121046886
2023-06-19,0,0,3146,3250,3090,3107,293955563,37838078,0,0,119096556,9.26337E+11,3635443786.5652046,8,34,3151.282284696888,3,20,2.50274E+12,0.3701293120117487,0.24375,34.62690805,2.2359375,0.040123456790123455,-0.01822753,92459354270,0.3427204852340337,21.64634146341463
2023-06-20,0,0,3110,3195,3053,3175,193652337,131386206,0,0,54302780,6.08047E+11,2433129893.6533813,29,22,3139.887277306651,2,32,2429621406078.1665,0.2502638919980925,0.45774647887323944,34.43598377875528,2.7235915492957745,0.019303797,-0.017641294,70840158321,0.26881577387595224,27.522037218413317
2023-06-21,0,0,3182,3247,3106,3161,190198159,230632686,0,0,128269860,6.05958E+11,2621746562.7704196,11,26,3185.9296101283503,1,33,2109288101830.9666,0.2872807873063895,0.14893617021276595,29.332159404003328,2.867021276595745,0.0170724,-0.015117401,79616656713,-0.157505988,31.361607142857153
2023-06-24,0,0,3150,3170,3050,3055,219934362,-333983414,0,0,47717472,6.79052E+11,3494220574,6,6,3087.5221852554355,3,33,1951035410950.3667,0.3480471026634148,0.7916666666666666,18.555996795865262,3.245833333333333,0.015493867010974823,-0.020421394,1.1365E+11,0.27671090376602053,28.269617706237426
2023-06-25,0,0,3103,3139,3070,3079,207636765,-75232122,0,0,33763104,6.43243E+11,2141438056.7605996,9,13,3097.9248875650705,1,19,1734783449670.5334,0.37079158323141914,0.34782608695652173,16.024167922900403,5.141304347826087,0.011486918,-0.011688312,59295335870,-0.612414016,28.771228771228778
2023-06-26,0,0,3100,3229,3073,3140,254577102,405942584,0,0,159642625,8.05567E+11,3744773186.222797,9,17,3164.3329219216266,2,33,1.68895E+12,0.4769623642500941,0.2564102564102564,25.458763605841657,2.230769230769231,0.021705426356589147,-0.014873418,1.03775E+11,0.18272754510103578,35.50356052899288
2023-06-27,0,0,3149,3205,3015,3041,186375684,-178198986,0,0,35642423,5.75432E+11,2400131556.791481,0,33,3087.482000844059,1,24,1467890054170.0334,0.3920127179214096,0.5684210526315789,43.73334165166138,2.0618421052631577,0.008532983,-0.018783827,59127430175,0.9737196971169353,27.209533267130098
2023-06-28,0,0,3060,3129,3040,3050,184322917,58200251,0,0,71921608,5.66384E+11,2574928388.266221,3,13,3072.7805631352935,0,26,1.37675E+12,0.4113917736647819,0.11235955056179775,18.44294373509424,4.713483146067416,0.016,-0.007089913,62026683929,-0.446991515,18.100558659217867
2023-07-01,0,0,3070,3109,2998,3006,198882905,-123159986,0,0,28100529,6.02164E+11,2134239250.8688955,9,30,3027.730098139908,1,26,1294485810873.2334,0.46517602001971176,0.5765765765765766,25.412996067064142,3.768018018018018,0.009222661,-0.012219287,57029261443,0.8316470859241496,18
2023-07-02,0,0,3013,3179,3013,3154,373949956,717910024,0,0,263435475,1.1754E+12,8187922823.4331665,37,18,3143.190562033386,1,32,1242012425375.0334,0.9463641010009073,0.8493975903614458,46.57113614955362,1.5346385542168675,0.028958137,-0.007954184,2.34676E+11,0.7611730290715621,36.00464576074332
2023-07-03,0,0,3165,3243,3152,3222,197379853,256305485,0,0,91326976,6.31295E+11,2991258131.220209,13,13,3198.3749126715584,0,29,1203840596951.0334,0.5244006321940629,0.6263736263736264,26.173554072508402,2.508241758241758,0.020389249304911955,-0.009493671,79527067259,0.43388844775712404,40.95341278
2023-07-04,0,0,3205,3265,3150,3157,215228648,-147191998,0,0,40466706,6.88059E+11,2330023475.2623677,6,23,3196.874256414044,1,29,1.1798E+12,0.583198193,0.41739130434782606,25.63775020529131,1.7260869565217392,0.015086206896551725,-0.012229539,56031076252.00001,-0.333729263,39.91552270327349
2023-07-05,0,0,3180,3210,3146,3158,189985692,-74965045,0,0,61650785,6.0245E+11,2876539581.502507,3,2,3171.028037500845,1,15,1140236699333.0334,0.5283551708240888,0.34375,13.837348952006638,2.234375,0.015590894917368257,-0.009478673,63365945192,0.021671924,42.53647587
2023-07-08,0,0,3197,3210,3121,3123,151883554,-114346794,2,0,26504716,4.79769E+11,2288668663.543391,5,17,3158.792528452422,1,21,1118263792040.3667,0.42902992923934485,0.8314606741573034,23.42559178380489,1.2921348314606742,0.008758211,-0.012416428,45894548966.00001,0.775072289,45.22673031026253
2023-07-09,0,0,3111,3165,3075,3080,173919569,-96622837,0,0,19796710,5.40089E+11,2589577714.2079706,11,43,3105.3933357206056,1,25,1065879675516.4333,0.5067069791553344,0.34444444444444444,23.308906101922993,0.6777777777777778,0.012646221941195067,-0.007083065,52327317905,0.7009894704475088,48.28025477707006
2023-07-10,0,0,3073,3117,3012,3013,209602195,-168097314,0,0,41169067,6.39126E+11,2524641358.649937,3,39,3049.230954213051,1,21,1030832404517.1333,0.6200091288014774,0.5714285714285714,29.05683810242151,0.4238095238095238,0.007115136,-0.009721322,58721677031,0.9570263529591131,39.66836734693878
2023-07-11,0,0,3010,3064,2897,2897,513910335,-1012950634,0,0,1097911017,1.50974E+12,11700743426.36392,1,49,2937.744082704622,1,27,1001569811514.5333,1.5073707577148683,0.6766467065868264,43.70525906145188,0.25299401197604793,0.010652463382157125,-0.019675526,4.39353E+11,0.8948149020122067,35.10158013544019
2023-07-12,1,5,2893,2930,2792,2815,394238634,-295745640,0,0,86960151,1.11046E+12,8304308217.462122,19,38,2816.726213496874,1,27,979369141000.2667,1.1338546910175695,0.5652173913043478,19.594059854720108,0.065217391,0.014035087719298246,-0.018086957,1.94357E+11,0.3918636492147695,36.07888631090487
2023-07-15,1,4,2856,2884,2725,2737,244952225,-358949577,0,0,104550930,6.82649E+11,3261958098.147828,5,31,2786.866283,1,32,920064583418.7333,0.7419578027592848,0.7484276729559748,42.21485907504403,0.059748427672955975,0.015850144,-0.016825165,1.0157E+11,0.3952756397055387,31.33187772925764
2023-07-16,1,3,2760,2780,2648,2648,360266056,-365827959,0,0,154939680,9.62419E+11,7288880778.0561695,0,23,2671.4113810683293,3,14,898766870946.2333,1.0708214480555487,0.8484848484848485,30.658459281920532,0.3560606060606061,0.00965466,-0.034870641,1.77279E+11,0.9083981775710679,23.940677966101703
2023-07-17,1,2,2620,2643,2538,2592,484736277,-31444055,1,0,70577012,1.2343E+12,14335048548.758217,7,23,2546.339698972025,2,17,891114936574.1333,1.3851223618832433,0.26666666666666666,19.77807840790458,0.5571428571428572,0.009984639,-0.014966522,3.43406E+11,0.441801302,25.083240843507213
2023-07-18,1,1,2586,2668,2579,2640,411642196,373433943,0,0,154032720,1.07938E+12,5762068178.412889,8,16,2622.1290616766605,0,18,8.79778E+11,1.2268770497270598,0.6067415730337079,17.658707157733275,1.2050561797752808,0.016356028908330163,-0.013071895,2.14463E+11,-0.057385409,28.191489361702125
2023-07-25,0,0,2570,2571,2485,2519,162432264,-559164783,169,0,113917323,4.1006E+11,4924691876.568218,0,8,2524.4969640021764,1,7,859979860121.9333,0.4768248378117357,0.5930232558139535,20.873847232630297,1.4883720930232558,0.009542744,-0.023685267,1.43668E+11,0.5190291549390034,26.057030481809235
2023-07-26,0,0,2530,2616,2491,2579,287811905,243679152,0,0,101737350,7.36764E+11,3554228631.123964,11,7,2559.8819179248335,2,25,823907396875.5667,0.8942321602730705,0.392,29.465414306216235,1.024,0.024931827035449942,-0.010831721,1.10313E+11,-0.113169562,19.052744886975248
2023-07-29,0,0,2610,2622,2512,2515,178439559,-177437664,0,0,90495540,4.56126E+11,2196685282.765534,1,33,2556.192049454684,1,20,802086272697.1333,0.5686742156678606,0.8636363636363636,25.218972214996594,1.2,0.012223071046600458,-0.01027668,64833578720,0.7372476544693651,11.783783783783775
2023-07-30,0,0,2554,2580,2429,2429,447127930,-698916744,0,0,215490300,1.09722E+12,9528172667,3,39,2453.9238384974074,1,22,791293134304.9333,1.3866136817284394,0.8278145695364238,38.101421177422175,1.1821192052980132,0.010175010175010175,-0.024837134,1.83053E+11,0.8564097326926553,11.52219873150105
2023-07-31,0,0,2455,2515,2430,2488,215160594,121950612,0,0,52932520,5.30553E+11,2472023209.3906207,27,6,2465.848689807019,0,23,778135934342.7333,0.6818262020775865,0.38823529411764707,18.93265155903472,4.097058823529411,0.023524720893141945,-0.015384615,77560899976,-0.114553216,16.63346613545818
2023-08-01,0,0,2515,2543,2481,2528,161936983,140997759,0,0,81375385,4.06288E+11,1988044122.936448,10,23,2508.9253109772953,1,22,7.63493E+11,0.5321433204128865,0.20967741935483872,12.61710603805687,5.826612903225806,0.010236220472440945,-0.009538951,41067850816,-0.397605146,20.515361744301288
2023-08-05,0,0,2560,2634,2552,2634,591574877,440937714,0,0,236066912,1.55436E+12,22023549497.11884,26,9,2627.4997614393283,0,28,790265081812.5333,1.9668879265498485,0.9024390243902439,23.51337029906014,4.579268292682927,0.021640091,-0.010356732,4.27696E+11,0.8584617035477181,29.19776119402985
2023-08-06,0,0,2626,2695,2580,2655,415313391,483526154,0,0,686082368,1.09848E+12,7610776341.584413,11,25,2644.9534221977447,2,23,787905705027.2333,1.3941827909115494,0.25217391304347825,27.570233435754037,4.265217391304348,0.032089552,-0.012638836,2.03818E+11,0.6496953554883563,32.553606237816766
2023-08-07,0,0,2686,2777,2680,2725,719003547,2021899054,0,0,2059885960,1.99034E+12,22170466139.968727,15,20,2768.1977819825693,1,30,8.23373E+11,2.4173065834141125,0.4020618556701031,17.86278999338252,5.056701030927835,0.028087864602088584,-0.012399708,6.00923E+11,-0.093083862,41.224489795918366
2023-08-08,0,0,2725,2770,2669,2708,294522784,132015870,0,0,491892390,7.99842E+11,5036449896.559319,0,17,2715.7214431804364,1,21,8.29766E+11,0.9639368777939418,0.16831683168316833,25.82902227017409,4.856435643564357,0.022270902,-0.015418502,1.09904E+11,0.6573366178479471,44.15300546448088
2023-08-09,0,0,2740,2750,2659,2662,174705287,-52391952,0,0,45890260,4.71459E+11,2252200684,0,10,2698.5965292624487,1,20,8.25282E+11,0.5712699435587267,0.8571428571428571,19.326018996496337,5.428571428571429,0.023281193,-0.018656716,66030279114,0.6431799446781348,45.75311438278595
2023-08-12,0,0,2610,2671,2565,2565,241309793,298076432,3,0,548315824,6.20085E+11,7977736311.439976,4,22,2569.665257721223,1,9,8.23317E+11,0.7531551581670294,0.42452830188679247,9.57264201,5.0424528301886795,0.005428461,-0.041325536,1.80693E+11,0.468766743,45.34231200897868
2023-08-13,0,0,2500,2570,2442,2528,283314273,93388456,0,0,214538532,7.06663E+11,5670906715.675212,7,9,2494.271037855548,2,18,825430911182.0667,0.8561135477020321,0.21875,28.77984883991081,4.259765625,0.021526418786692758,-0.023236853,1.8601E+11,0.14518582532036553,46.33027523
2023-08-14,0,0,2569,2618,2507,2520,211063829,497561199,1,0,209669874,5.42156E+11,4100392929.133459,0,11,2568.680933600423,3,29,816650542125.3667,0.6638771486197972,0.44144144144144143,26.028932584925602,4.918918918918919,0.020817271,-0.015318146,1.40625E+11,-0.355044824,42.78846153846154
2023-08-15,0,0,2520,2520,2441,2491,339859813,-105025663,0,0,68254700,8.37944E+11,6083386743.475536,19,28,2465.556412493524,2,27,8.25401E+11,1.0151957666733649,0.3670886075949367,22.235500855415424,6.9113924050632916,0.015322581,-0.020483408,1.7076E+11,0.029818113,48.10810810810811
2023-08-20,0,0,2475,2570,2447,2535,218594724,669816760,97,0,236003980,5.47208E+11,4620128286.433756,15,11,2503.2987637798615,2,23,824761742032.2333,0.6634739155209434,0.4878048780487805,22.26632230828625,4.495934959349594,0.029618082618862042,-0.017156863,1.56302E+11,-0.085927605,46.96132596685082
2023-08-21,0,0,2535,2597,2496,2510,179271036,161564292,0,0,66268208,4.54361E+11,2319061308.7692943,1,22,2534.4914496505726,1,23,819834980380.1666,0.5542101993517131,0.24752475247524752,22.60804543490816,5.631188118811881,0.015444015444015444,-0.011323702,61142951990,-0.40283992,49.63503649635037
2023-08-22,0,0,2528,2529,2408,2415,271624013,-605959017,0,0,23335830,6.58395E+11,8335580928,5,19,2423.9194467832267,1,24,802601605545.2333,0.8203257042785643,0.9338842975206612,33.26424544556182,4.768595041322314,0.0156,-0.015783084,1.43917E+11,0.9429313220205021,48.99135446685879
2023-08-23,0,0,2438,2545,2395,2545,267295113,579517530,0,0,213445450,6.61537E+11,5103669735.350195,19,2,2474.9297313976704,2,24,803609667282.5333,0.823206401,0.7133333333333334,39.055831358320056,3.8466666666666667,0.026719056974459726,-0.019421488,1.57027E+11,0.9012423868286341,53.72549019607843
2023-08-26,0,0,2577,2598,2554,2598,326023539,105469346,9,0,230409808,8.46361E+11,19266483506.30915,12,1,2596.0117169760556,0,5,8.08886E+11,1.0463285406916165,0.4772727272727273,3.4235490479685486,13.113636363636363,0.01578137,-0.00038506,5.44929E+11,0.35672625812957864,54.49871465
2023-08-27,0,0,2725,2725,2686,2725,581991752,118421531,2,0,156944010,1.58408E+12,21113264101,17,3,2721.8278077779355,1,11,841607446671.0333,1.8822092660382366,0,9.504895550016638,14.794871794871796,0.013944954128440367,-0.012639405,2.9901E+11,-0.213202573,55.69461827284105
2023-08-28,0,0,2779,2858,2730,2780,634822924,1653213157,0,0,749778918,1.79652E+12,18040015104.957832,17,4,2829.9606918117533,2,26,885499289524.7333,2.028825932,0.0078125,30.677220265931748,4.5078125,0.041287613715885234,-0.013644524,4.44955E+11,0.059200005,57.50300120048019
2023-08-29,0,0,2830,2970,2780,2835,337394919,1108787781,0,0,715949645,9.71407E+11,7174615038.0245075,23,28,2879.139725376244,2,23,899876570988.3667,1.079489283031415,0.026315789,27.851011763156393,3.036842105263158,0.055592992,-0.027700831,2.06289E+11,0.24408319031818193,56.72371638
2023-08-30,0,0,2850,2949,2802,2862,331217912,280333650,0,0,98898948,9.53647E+11,3899393994.593773,11,16,2879.2129295441005,2,25,910360617443.7667,1.0475484950181373,0.081632653,30.40826513,3.925170068027211,0.024853296513634795,-0.020313614,1.14157E+11,0.17868524859980245,59.29951690821256
2023-09-02,0,0,2895,2930,2801,2860,222936910,-78364217,0,0,57420425,6.38746E+11,2844436875.2167974,23,13,2865.141350093172,2,23,8.81328E+11,0.7247540843355268,0.2713178294573643,30.43077222,5.040697674418604,0.020136518771331057,-0.015680684,79020877821,0.7658400227079456,62.62755102040816
2023-09-03,0,0,2869,2928,2826,2870,189703138,152694907,0,0,106164002,5.46654E+11,2373370796.0502343,9,9,2881.630461046986,2,24,862533976106.1666,0.6337771683903082,0.009803922,16.164217645867865,6.375,0.016073871409028728,-0.010756419,79131023462,0.2594828188067021,71.87948350071736
2023-09-04,0,0,2880,2995,2853,2963,311360535,494820327,0,0,88878846,9.14026E+11,4006621152.833781,16,0,2935.5878219184074,1,27,870246546041.5667,1.0503071789593086,0.5845070422535211,29.391444437994654,4.658450704225352,0.015437392795883362,-0.010162602,98169440283,0.8021417289652003,78.88446215139442
2023-09-05,0,0,2975,3082,2975,3025,481552397,829949592,0,0,387507419,1.46725E+12,16015173530.07668,19,36,3046.9155345207428,1,22,887074233938.0333,1.6540323492334632,0.4672897196261682,21.437460903913955,6.327102803738318,0.028228423101881894,-0.010160603,5.49503E+11,0.33880325973833936,81.28872366790583
2023-09-09,0,0,3049,3049,2901,2923,338880829,-213432552,0,0,60294060,9.97372E+11,3696669573,4,19,2943.1358042121647,1,27,879176536455.8334,1.1344391710129589,0.8513513513513513,20.464488355775845,4.922297297297297,0.011409395973154362,-0.032764505,91467004995,0.5150639843778597,74.54545454545455
2023-09-10,0,0,2897,2967,2867,2918,165609921,155275221,0,0,88249900,4.85534E+11,2035912303.7308755,25,27,2931.7937905362564,2,32,859381708885.6666,0.5649807681717789,0.21,16.53411932476366,7.6675,0.015017064846416382,-0.009543286,52560421695,-0.400218434,72.77051129607611
2023-09-11,0,0,2930,3029,2907,2972,209769651,268661066,0,0,153530115,6.23292E+11,3269149911.2060733,10,4,2971.3149407823535,1,29,866489440246.1666,0.7193298258336824,0.3442622950819672,21.976389596651256,4.530737704918033,0.016567263,-0.012881356,1.25428E+11,-0.322755341,76.55172413793103
2023-09-12,0,0,2999,3078,2981,3016,188806094,68467484,0,0,45093072,5.72155E+11,2730320423.0930023,15,5,3030.383150201709,0,35,861002450730.8334,0.6645216926239239,0.17525773195876287,20.20315818925914,5.698453608247423,0.014634146341463415,-0.013179572,83335079606,0.46956966105392345,86.69108669
2023-09-13,0,0,3059,3076,2992,3030,175751556,231408496,0,0,328409904,5.30444E+11,2928996565.6210513,8,40,3018.144688596669,1,24,863479712171.8334,0.6143093089237992,0.34523809523809523,17.48869308910475,6.574404761904762,0.015081967213114755,-0.009536337,83553496707,0.2421781742728806,84.49502134
2023-09-17,0,0,3030,3082,2992,3032,187020887,-37846509,0,0,28107495,5.69318E+11,2840727730.471625,29,10,3044.143771235563,0,27,845883064904.0667,0.6730463014016809,0.022222222222222223,15.499171293231846,4.8277777777777775,0.016634050880626222,-0.012566138,65193611956,0.41257260020103154,83.28220858895705
2023-09-18,0,0,3060,3079,3001,3020,199002666,-6535017,0,0,66832990,6.04299E+11,3006725409.328699,11,6,3036.637425852375,1,26,848341247390.9667,0.7123300267180133,0.5128205128205128,14.695410585490402,5.3076923076923075,0.013328998699609884,-0.010231023,1.00542E+11,0.4938111095800157,77.46741154562383
2023-09-19,0,0,3020,3030,2971,3010,189363296,36121699,0,0,216464556,5.70514E+11,3078237481.3864594,5,3,3012.8004942890307,1,23,853815448602.8667,0.6681933815118422,0.1694915254237288,9.954172732883439,7.016949152542373,0.00998004,-0.007056452,70134496549,-0.437435833,73.37398374
2023-09-20,0,0,3010,3028,2980,3014,170274493,43780776,2,0,32865648,5.12528E+11,2673089553.925999,2,8,3010.012803873097,0,17,819087633799.9333,0.6257308533950934,0.083333333,7.0118231695043685,8.625,0.010568031704095112,-0.005,58270868584,-0.65511112,70.29478458049886
2023-09-23,0,0,3010,3015,2976,3000,176647504,41952635,1,0,50716602,5.29642E+11,3165879463.761564,0,2,2998.300554,1,20,800126224941.8334,0.6619484433290551,0.2564102564102564,8.566155247316503,10.5,0.008964143,-0.006377979,1.06424E+11,0.23376681549314857,66.12149532710279
2023-09-25,0,0,3000,3002,2865,2876,299163405,-357822309,0,0,100004618,8.73017E+11,5092318336.346618,2,46,2918.1932730575786,1,27,762881978674.2667,1.1443665736253528,0.9051094890510949,36.35935051070442,2.954379562043796,0.00967519,-0.011042098,1.32698E+11,0.9245478139359213,51.45454545454546
2023-09-26,0,0,2910,2928,2857,2857,242682592,-272608902,0,0,30796064,6.99231E+11,3189135026.4294863,3,19,2881.2585853623978,1,24,7.59528E+11,0.9206125791262656,0.7464788732394366,14.749880961555359,5.658450704225352,0.012692967409948542,-0.010467551,69399279441,0.5992389116983449,48.83720930232558
2023-09-27,0,0,2867,2890,2824,2828,196462794,-47488085,0,0,34614342,5.60907E+11,2566814939.2569485,0,21,2855.028965978159,1,19,7.6251E+11,0.7356061537786793,0.5909090909090909,17.810811163558316,6.090909090909091,0.013157894736842105,-0.008787346,59674055596,-0.158719612,36.36363636363636
2023-09-30,0,0,2883,2906,2791,2792,286721211,91566775,0,0,185131656,8.10385E+11,3980209992.0026355,2,21,2826.3877840136493,1,15,7.68853E+11,1.0540182514956178,0.7913043478260869,22.43466502039595,3.4152173913043478,0.012315270935960592,-0.016450823,78699491298,0.8263576369956668,25.159914712153522
2023-10-01,0,0,2800,2810,2744,2755,229486569,-94281079,0,0,79825993,6.34663E+11,3049490112.7043467,2,11,2765.5765351261143,1,26,766453224325.4333,0.8280514064137128,0.6818181818181818,15.943152743085825,5.473484848484849,0.010039440659734672,-0.008342401,67765217392,0.7626479114204086,29.207920792079207
2023-10-02,0,0,2766,2850,2732,2794,164600943,172261052,0,0,60699000,4.58177E+11,2214982085.0900397,9,9,2783.564546729237,2,23,763653948191.0333,0.5999803319007836,0.23728813559322035,29.879221064928114,3.0572033898305087,0.017901018,-0.013571429,54436717324,0.37513071573737444,35.84474885844749
2023-10-04,0,0,2795,2877,2795,2837,83685931,139980420,0,0,133103200,2.36378E+11,1478047711.5977695,11,15,2824.5828698972114,0,25,743601758386.4667,0.3178823133324936,0.5121951219512195,10.926444767667068,4.6067073170731705,0.010600707,-0.010207673,23937509993,0.024985608,34.19203747072599
2023-10-07,0,0,2800,2837,2720,2737,151889283,-257040968,0,0,12822205,4.20015E+11,1832522494,1,10,2765.2721129245174,1,22,739362001592.2667,0.5680778801554157,0.5384615384615384,27.447101507813546,3.5106837606837606,0.007433628,-0.010764263,48652772686,0.9517680473718881,21.118012422360252
2023-10-08,0,0,2700,2700,2627,2627,403246896,-276742003,2,0,46596648,1.06039E+12,9569658749.975306,0,25,2629.629433908897,1,16,759562968223.6666,1.396052666092786,1,7.416035657,5.9006849315068495,0.0086727,-0.021689498,2.78003E+11,0.5380150407432921,15.19861831
2023-10-09,0,0,2630,2700,2555,2630,206985517,455327687,1,0,264124620,5.42914E+11,2986097444.294512,3,34,2622.9562828494904,3,18,755713609388.6666,0.7184123132481224,0,24.803495663497944,2.820689655172414,0.024136650575566285,-0.018532526,51238614726,-0.20146187,15.344827586206904
2023-10-10,0,0,2635,2696,2584,2679,131810132,66468377,1,0,36287715,3.48626E+11,2023077799.8671043,6,2,2644.9080641312157,2,17,745283244683.3334,0.46777608855158026,0.39285714285714285,22.113650395956924,3.2098214285714284,0.014345035862589657,-0.01855431,53689242804,0.6797014809482981,22.366288492706644
2023-10-11,1,5,2694,2730,2624,2625,130206584,-85728775,0,0,74683930,3.47566E+11,2407066580.4414973,0,19,2669.3445696033314,1,19,7.28657E+11,0.47699583586286726,0.6509433962264151,25.168267623079025,3.391509433962264,0.015820456,-0.012686567,62049306255,-0.721747838,20.87745839636915
2023-10-14,1,4,2650,2650,2542,2548,225725838,-138497342,1,0,226200610,5.8051E+11,3247993635.904105,1,22,2571.747618196903,1,24,6.95204E+11,0.8350204751693545,0.9444444444444444,19.663348577597503,2.2268518518518516,0.025162028211971027,-0.029733959,65566113946,0.5077911428277359,18.25613079019074
2023-10-15,1,3,2548,2620,2510,2590,114722434,123114921,2,0,59426908,2.94439E+11,1327764262.4493775,7,40,2566.5321018642267,0,30,6.45135E+11,0.456398845,0.38181818181818183,18.59131031748513,2.1863636363636365,0.022970903522205207,-0.014084507,30631981260,0.092880056,23.097112860892395
2023-10-16,1,2,2613,2694,2591,2694,160174821,305052257,0,0,76361912,4.25906E+11,3716322482.1660147,15,3,2659.0095105272508,1,22,626951511645.3667,0.6793290461462556,0.7864077669902912,31.662931990681447,2.2135922330097086,0.023791822,-0.010518407,82624426072,0.8331253786642145,37.73584905660377
2023-10-17,1,1,2700,2718,2638,2650,127849897,-54745482,0,0,54110980,3.42259E+11,1838660391.435365,2,11,2677.0411759424414,1,20,606571929774.7667,0.5642520232284542,0.625,19.15921467464659,1.721875,0.011173184,-0.01687922,37395613547,-0.70319168,36.50586701
2023-10-18,0,0,2553,2669,2550,2606,161159509,668177617,1,0,557875710,4.18917E+11,2906583072.635442,4,4,2599.391769212948,1,22,5.99244E+11,0.6990749933976302,0.44537815126050423,23.16611090501395,0.23739495798319327,0.025852379,-0.012865497,61154379880,-0.438854066,35.805626598465466
2023-10-21,0,0,2690,2696,2614,2619,104975694,-41046687,70,0,32101576,2.77605E+11,2026913481.3343236,24,13,2644.4667795194573,1,19,5.90276E+11,0.4702965180989956,0.8658536585365854,25.583250601198827,0.094512195,0.009433962,-0.012052731,48762183201,-0.551480773,38.60342556
2023-10-22,0,0,2644,2678,2620,2628,94716007,-42413312,0,0,10059702,2.50505E+11,1122835290.7357242,9,0,2644.803012208908,0,23,568158607181.1333,0.44090712954408706,0.27586206896551724,10.579393125186508,0.081896552,0.009712365,-0.012952381,23392420593,0.3594787526861236,41.31326949384405
2023-10-23,0,0,2612,2612,2526,2539,128320812,-196407216,0,0,20568384,3.27769E+11,1618818537.8429716,0,23,2554.295465672396,1,26,530175933485.73334,0.6182273610347121,0.8488372093023255,10.17608023,0.11627906976744186,0.009746589,-0.024409449,31142778318,0.6535553114150392,33.67477592829705
2023-10-24,0,0,2550,2550,2427,2430,359501094,-412095698,0,0,28145208,8.78435E+11,5575283635.473986,2,34,2443.4828610479835,1,26,5.26211E+11,1.6693573098701318,0.975609756,39.980120373288095,0.081300813,0.008647799,-0.018533773,1.49438E+11,0.8911446467079298,25.974025974025977
2023-10-25,0,0,2432,2470,2420,2444,152245208,-30405838,0,0,11537605,3.72326E+11,1391230656.5641375,2,16,2445.565508,0,23,522437731884.76666,0.7126698681214766,0.24,8.628481611449125,0.325,0.009368635,-0.010690789,37102837565,-0.015063257,30.749014454664916
2023-10-28,0,0,2366,2370,2324,2324,123630719,-538409079,2,0,0,2.87582E+11,3576090469.587253,0,15,2326.138471669003,1,3,511247414338.3333,0.5625107603100441,0.9130434782608695,0.20701966780280542,0.5,0,-0.001290878,1.00214E+11,0.4616472672160908,30.35019455252919
2023-10-29,0,0,2250,2376,2250,2348,393804301,1181425792,0,0,746635680,9.15867E+11,5226292004,9,2,2325.691054593129,1,17,522704492144.43335,1.752170019313567,0.7777777777777778,18.456352728165015,0.21031746031746032,0.017174753,-0.012068966,1.20636E+11,0.8054011617584167,32.1969697
2023-10-30,0,0,2350,2442,2326,2430,257843092,540420979,0,0,210373358,6.25355E+11,6639758786.686214,5,11,2425.329770258107,2,32,525868188872.06665,1.1891849332516602,0.6896551724137931,25.73855307908169,0.22844827586206898,0.019769357495881382,-0.012863071,1.09726E+11,0.8019282788602241,34.90909090909091
2023-10-31,0,0,2432,2451,2346,2353,166745090,-20796034,0,0,108723121,3.99533E+11,2164795344.8618646,3,43,2396.0678274664638,1,30,5.20209E+11,0.7680236368706382,0.7523809523809524,31.357364756105994,0.2523809523809524,0.012330456226880395,-0.014830508,41868199725,0.4506014296394569,33.96226415
2023-11-01,0,0,2350,2419,2277,2370,221306710,502073764,0,0,390188216,5.13108E+11,4761534089.799631,20,3,2318.5389629306765,2,30,5.17169E+11,0.9921481410817398,0.14084507042253522,17.117888990484325,0.18309859154929578,0.033486814566764334,-0.017045455,132893709586.00002,0.069640946,38.70558375634517
2023-11-04,0,0,2420,2434,2400,2434,181965599,-46945836,5,0,46801566,4.41662E+11,3486285201.930493,26,10,2427.1722493546704,0,15,5.12874E+11,0.8611509589089752,0.4117647058823529,9.468423136014183,0.7058823529411765,0.011939069575957185,-0.009958506,53546626846,0.13170123565141298,40.370370370370374
2023-11-05,0,0,2478,2495,2440,2452,152676690,19624599,0,0,46574008,3.76261E+11,1899447170.6209521,10,7,2464.4270164816908,1,19,508331640196.0333,0.7401871728423174,0.4727272727272727,10.686622296305766,0.2863636363636364,0.011244979919678716,-0.010220769,42915818996,-0.010435286,33.28729281767956
2023-11-06,0,0,2464,2533,2431,2518,136324773,169475692,1,0,34254880,3.41E+11,1559668643.928373,17,9,2501.383054692488,2,21,502043579131.0333,0.6792248547570786,0.5294117647058824,17.56492043,0.3431372549019608,0.025896414342629483,-0.010787056,46289335700,0.6084433612354794,41.15281501340482
2023-11-07,0,0,2539,2626,2510,2626,397019309,546085315,0,0,263292872,1.03439E+12,9630260821.867058,15,2,2605.382253146282,2,20,507422593324.6667,2.038512032047345,0.75,41.23716450744729,0.1939655172413793,0.014526894385551629,-0.006724684,2.15855E+11,0.952891979,51.23456790123458
2023-11-08,0,0,2645,2682,2588,2604,196379898,-71093249,0,0,125144298,5.16157E+11,2770327167.3965154,3,12,2628.3590534251116,3,28,5.0132E+11,1.0295954017175757,0.43617021276595747,17.865570396853155,0.31648936170212766,0.020911127707244213,-0.014823261,60100840179,0.19090937024737414,49.08424908424909
2023-11-11,0,0,2630,2677,2584,2624,165031061,197996489,0,0,177336270,4.3264E+11,2307446257.6273413,8,18,2621.5676624899115,3,32,497044550201.93335,0.8704251815018033,0.064516129,20.71232947763417,1,0.018230155715913406,-0.008301887,59767606556,0.6956470067768127,49.75903614457832
2023-11-12,0,0,2610,2655,2587,2643,128087288,93750476,0,0,42781956,3.36298E+11,1499045907.980141,13,7,2625.5389650766906,0,21,4.81242E+11,0.6988135154589349,0.4852941176470588,17.07834866621259,2.0183823529411766,0.013703844689760183,-0.012307692,36896859174,0.063237371,56.84210526
2023-11-13,0,0,2665,2693,2629,2631,150613660,24778246,0,0,101314341,4.00695E+11,2201869198.441859,5,15,2660.4130499650564,3,27,473442707321.9667,0.846342209,0.53125,14.050486710632285,1.5,0.011185682326621925,-0.009469697,54317696272,0.23400211010486316,65.15837104072398
2023-11-14,0,0,2650,2675,2589,2590,136376495,21579838,0,0,61355459,3.57602E+11,2467944390.075527,0,20,2622.168678832815,1,20,470090201469.4667,0.7607096948631613,0.6976744186046512,17.146885966167133,0.48255813953488375,0.015430937147158449,-0.013046815,62990773171,0.717505102,60.57971014492754
2023-11-15,0,0,2600,2638,2566,2570,97285861,-41973011,0,0,32764215,2.52212E+11,1297166768.6280873,9,33,2592.4838268841554,1,26,4.70618E+11,0.5359166400984828,0.4166666666666667,18.282685066785852,0.5,0.008761905,-0.009596929,26941384515,0.9128402232999743,70.84745762711864
2023-11-18,0,0,2579,2638,2555,2614,142813935,8039411,0,0,21848498,3.72859E+11,1511439691.217066,11,2,2610.804496599019,0,26,469046142776.6667,0.7949308813579447,0.42168674698795183,12.767150688599369,0.43373493975903615,0.020650095602294454,-0.007304883,34546414779,-0.475339507,71.80327868852459
2023-11-19,0,0,2620,2679,2600,2603,136551249,-6090325,1,0,31147353,3.60212E+11,1951033057.6825917,5,36,2637.9219917351325,0,22,445706863972.73334,0.80818038,0.21518987341772153,16.081261516913433,0.28164556962025317,0.012336448598130842,-0.009433962,65687771566,0.7025970200923588,66.04823747680891
2023-11-20,0,0,2613,2632,2574,2584,133017024,-56973780,0,0,181113555,3.45001E+11,3931096603.4484763,5,10,2593.6616680809216,1,18,439109770441.9667,0.7856831698455587,0.5,8.760138806,0.10775862068965517,0.013338414634146341,-0.010396611,66633549833.99999,0.19464255472049988,74.01247401247402
2023-11-21,0,0,2560,2639,2560,2600,119358468,403248258,2,0,255636315,3.10542E+11,2942791418.959024,7,18,2601.7578117959756,0,16,437840308624.0333,0.709258194,0.5063291139240507,13.399860233302887,0.079113924,0.015619048,-0.009244992,67711550674,0.386321574,73.95833333333333
2023-11-22,0,0,2600,2630,2584,2588,110183651,435621992,1,0,490096854,2.86451E+11,2535382581.7082744,1,4,2599.7597087974514,0,20,4.35803E+11,0.6572945298288057,0.2608695652173913,9.698512921176048,0.081521739,0.01634981,-0.010404624,54686378064,-0.325956401,67.99065420560748
2023-11-25,0,0,2601,2634,2569,2573,119937546,42668181,0,0,142901724,3.10926E+11,1723542201.0126288,4,15,2592.401922688997,1,29,426817015861.43335,0.7284768725198684,0.4307692307692308,12.763164166271407,0.46923076923076923,0.013756209400076424,-0.008856373,38644139112,0.6081812817150228,64.23529411764706
2023-11-26,0,0,2593,2604,2569,2577,121547620,-25385037,1,0,16476138,3.14001E+11,1676948818.1398995,0,10,2583.3566316148354,0,20,427469083878.73334,0.7345580347819433,0.45714285714285713,8.142269928,0.8714285714285714,0.007335907,-0.005798222,44466124650,-0.550378324,58.12672176
2023-11-27,0,0,2575,2597,2547,2550,109404453,-74710930,0,0,8287173,2.80801E+11,1468046211.4505625,3,6,2566.628610418627,0,17,422632224771.76666,0.6644088706880793,0.5,11.18161451114659,0.61,0.006556113,-0.005829771,35425037114,-0.123068513,36.52482269503545
2023-11-28,0,0,2550,2614,2544,2608,173904297,110330479,0,0,40882865,4.46849E+11,2279352553.6341095,14,2,2569.5101064926534,0,25,4.26119E+11,1.0486491630667252,0.8285714285714286,12.515068156577257,0.4357142857142857,0.013425393172228616,-0.009334889,61942129658,0.9117843989326168,50.62893081761006
2023-11-29,0,0,2612,2687,2594,2661,260220025,165186777,0,0,66866760,6.90018E+11,3431424296.060651,18,7,2651.671015287928,0,26,4.35155E+11,1.5856821348771712,0.5268817204301075,19.13922560371737,0.8064516129032258,0.014897579,-0.01387818,1.20461E+11,0.7037917434070775,55.270655270655276
2023-12-02,0,0,2675,2778,2670,2691,335149154,168272348,0,0,65008427,9.13282E+11,3449926040.4520106,12,24,2725.0015523118404,2,31,4.56344E+11,2.0012994414649876,0.14814814814814814,20.777746302208833,0.7337962962962963,0.019126669,-0.01140125,1.24255E+11,-0.006821989,56.629834254143645
2023-12-03,0,0,2700,2806,2693,2790,257741769,139182874,0,0,59015803,7.10393E+11,3982191919.3883047,20,4,2756.2212575991125,1,27,471674091381.6667,1.5061105870963936,0.7964601769911505,28.046306873315352,0.9203539823008849,0.020422788,-0.005187106,1.39608E+11,0.8886111520689369,67.70601336302896
2023-12-04,0,0,2830,2860,2736,2748,219003036,-98892136,0,0,84919808,6.10638E+11,2795576843,2,23,2788.261826945632,1,25,4.81103E+11,1.2692453615425812,0.6612903225806451,25.990744448600786,0.842741935,0.008815233,-0.013571429,73513320035,-0.526478241,67.55555555555556
2023-12-05,0,0,2760,2927,2741,2877,716572602,1266525978,0,0,383330100,2.0803E+12,19340909608.479668,22,11,2903.1221572228073,1,31,5.21165E+11,3.991628801,0.6290322580645161,49.951800874161556,0.6088709677419355,0.035640138408304496,-0.010764263,5.09768E+11,0.8028291311412123,77.45974955
2023-12-06,0,0,2870,2913,2851,2874,185013518,165672448,0,0,58813284,5.32265E+11,2378005307.383811,2,37,2876.89845,0,26,526496459620.63336,1.010956662,0.064516129,11.778412853246811,1.8790322580645162,0.013135153819564467,-0.012526096,60535897186,0.6518796619111963,75.0965251
2023-12-09,0,0,2832,2885,2774,2777,239987435,-203354283,0,0,33143280,6.74743E+11,3673438008.1957197,1,8,2811.5752233195044,1,13,539401811434.23334,1.250909269955739,0.4954954954954955,26.33543242741972,1.2567567567567568,0.006276151,-0.009803922,72398475242,0.930994048,64.40397350993378
2023-12-10,0,0,2795,2847,2777,2790,117766022,-10870793,0,0,17222430,3.30296E+11,1742698782.7406223,16,18,2804.678896430755,0,22,519882769318.36664,0.6353276086704326,0.071428571,13.128209119553334,2.307142857142857,0.015248227,-0.010007148,57202106895,-0.347333462,67.22408026755852
2023-12-11,0,0,2790,2858,2779,2815,129315385,30483221,0,0,50979824,3.63882E+11,1744434955.8226647,5,14,2813.9148915266346,0,22,511167034667.43335,0.7118661080946719,0.31645569620253167,16.537221630253413,2.240506329113924,0.017674089784376106,-0.010250972,57987638745,0.15239879262733833,67.71004942339374
2023-12-12,0,0,2828,2864,2780,2784,129274861,-115102877,0,0,47885700,3.636E+11,1992895474.3135564,9,19,2812.6151248849533,1,23,509969297460.06665,0.7129849407149298,0.5238095238095238,19.083354948494737,2.244047619047619,0.009866103,-0.008211353,39839159906,0.652176708,65.65495207667732
2023-12-13,0,0,2788,2813,2752,2752,107729372,-51720555,1,0,44636616,2.98313E+11,1389122186.688169,10,18,2769.0956805540463,1,25,502809454419.43335,0.5932922224353273,0.5901639344262295,12.816873597091337,2.709016393442623,0.013933547695605574,-0.013347763,31509811473,0.5129322589674917,63.919129082426124
2023-12-16,0,0,2757,2797,2745,2780,100314367,40890691,0,0,15914220,2.78006E+11,1272299131.3837352,12,3,2771.350386291128,0,24,497354268002.9667,0.5589702906386674,0.4423076923076923,11.324056018170923,2.9086538461538463,0.011087267525035766,-0.006175082,24517656128,0.078970272,65.21739130434783
2023-12-18,0,0,2800,2896,2787,2819,185295910,222150093,0,0,114537662,5.26055E+11,2488528911.1492805,12,28,2838.9981107624017,2,29,502347407296.26666,1.0471930993997378,0.1743119266055046,18.14043844423811,1.4174311926605505,0.020718232044198894,-0.012587413,90160657468,0.3622987972217375,69.80854197349042
2023-12-19,0,0,2850,2859,2790,2792,154120323,-106978726,0,0,21714410,4.3492E+11,2492978558.1111307,1,25,2821.9477743178622,1,23,5.05478E+11,0.8604122568771456,0.8405797101449275,16.27211151398899,2.6268115942028984,0.010171869519466853,-0.007087172,65616722914,-0.22215332,64.19753086419753
2023-12-20,0,0,2797,2841,2789,2796,125746245,-9952201,0,0,24046264,3.53658E+11,1831414177.7291567,5,10,2812.473270521915,0,27,482787071178.13336,0.7325340176736241,0.019230769230769232,11.725826634097956,3.4326923076923075,0.017259598450158505,-0.010390541,55656168492,0.5739817172054587,61.26878130217028
2023-12-23,0,0,2815,2861,2789,2800,121997768,23640577,0,0,23784704,3.44141E+11,2183498418.7923265,6,23,2820.879957959559,0,26,477053210373.06665,0.7213892521504545,0.20833333333333334,17.398994060115175,2.0520833333333335,0.013986013986013986,-0.006761566,63458073619,0.7974080502089931,59.51134380453752
2023-12-24,0,0,2800,2828,2774,2775,108643570,-26013014,0,0,13318002,3.03328E+11,1544967103.7104714,0,3,2791.953405903359,0,22,472742800121.9667,0.6416338550534076,0.46296296296296297,10.668342600169192,2.5925925925925926,0.006737589,-0.009312321,43091098104,0.9236278157224267,48.49699398797595
2023-12-25,0,0,2790,2802,2749,2755,155331777,-63229759,0,0,14431536,4.30511E+11,2101089288.9778695,3,14,2771.55997,1,29,475883239111.3333,0.9046574871179304,0.660377358,12.21438424570429,2.698113208,0.008983112,-0.010155967,52872951300,0.6493348805718416,50.73375262054507
2023-12-26,0,0,2755,2770,2704,2718,168546657,-12552992,0,0,94703350,4.61223E+11,1933243365.8744996,0,5,2736.471001261093,1,20,477900855533.76666,0.9651019325438552,0.5606060606060606,10.221146642506916,1.8674242424242424,0.006934307,-0.008035062,42085389893,0.5550241504536928,29.35064935064935
2023-12-27,0,0,2715,2739,2698,2732,166270066,37610030,0,0,31751160,4.52877E+11,2136990332.8419363,0,0,2723.7426500931324,0,20,481076678749.76666,0.9413818840167996,0.4146341463414634,7.580412695994966,2.731707317073171,0.008443465,-0.007401925,52986165959,-0.232552762,32.07070707070706
2023-12-30,0,0,2743,2777,2732,2736,232527644,-67795790,0,0,64982280,6.38962E+11,2718905653.543133,15,2,2747.8982224410274,0,17,493968354696.06665,1.2935288132154672,0.15555555555555556,9.783228076983782,2.488888888888889,0.004699928,-0.009120759,58551513724,-0.367005041,43.23432343234324
2023-12-31,0,0,2760,2786,2744,2759,132882152,13935685,1,0,20369504,3.66946E+11,1850609209.0176246,13,9,2761.440195211468,0,22,493771249765.5333,0.7431500232815174,0.023809523809523808,10.975779586234799,2.7976190476190474,0.007578492,-0.009464871,36871186610,0.7021685304469435,45.04792332
2024-01-01,0,0,2774,2774,2725,2727,121730181,11492407,0,0,50930906,3.3407E+11,1825105980.4896607,4,6,2744.3443171747194,1,22,4.929E+11,0.6777635069118891,0.9591836734693877,8.377025129,2.3979591836734695,0.008312252,-0.010564663,39350128727,0.083272506,36.25000000000001
2024-01-02,0,0,2758,2769,2705,2735,99726193,134403686,0,0,78078175,2.72499E+11,1665990875.8771818,4,7,2732.4678005707087,1,22,4.90483E+11,0.555571869,0.359375,14.05896915876939,1.90234375,0.012048192771084338,-0.008833272,50369178993,-0.660011941,41.750841750841744
2024-01-03,0,0,2735,2794,2724,2732,201625785,102688552,1,0,118046684,5.55527E+11,3377858354.9626184,9,5,2755.2358698913436,0,15,498649256806.1667,1.114062815785851,0.042857143,16.777438223880434,1.7678571428571428,0.016570605187319884,-0.01026393,97679885473,0.5098838148478788,46.268656716417915
2024-01-06,0,0,2759,2892,2725,2892,502644354,911508047,0,0,169688870,1.43285E+12,11987690563.611628,23,4,2850.622578281263,2,28,5.36863E+11,2.668931528161148,0.7964071856287425,50.77422651229763,0.7455089820359282,0.029484902309058616,-0.011657559,3.55359E+11,-0.38945654,64
2024-01-07,0,0,2892,2924,2805,2829,300819287,-267429093,0,0,84916020,8.61399E+11,3474298688.907863,1,21,2863.509993672713,1,25,555211624728.8667,1.5514787447662999,0.5294117647058824,23.609473636365244,1.0294117647058822,0.012310939148786493,-0.015050753,77426574133,-0.123692477,51.17924528301887
2024-01-08,0,0,2840,2871,2800,2812,134518662,-82675730,1,0,17812784,3.8058E+11,1665227722.7600858,3,27,2829.199421683216,3,27,557430933747.2667,0.6827395067180664,0.39436619718309857,15.082171072365563,1.0845070422535212,0.019157088122605363,-0.008092892,33327045418,0.21547892935387522,52.41545893719807
2024-01-09,0,0,2820,2851,2800,2839,148050511,-61592179,0,0,7568152,4.19701E+11,1887990979.7532032,1,2,2834.851811892767,0,22,562060955753.3667,0.7467184031622464,0.37254901960784315,7.389276867357469,0.7549019607843137,0.008132956,-0.003546099,49428013592,0.43597485733488434,54.91990846681922
2024-01-10,0,0,2856,2941,2856,2897,335848944,69432755,0,0,58171764,9.76681E+11,3791786466.8436375,11,4,2908.0969844258316,0,24,579722037505.5333,1.6847406827443192,0.4823529411764706,18.548180411629424,0.044117647,0.014660756904193658,-0.01137931,1.06905E+11,0.6408811377457894,59.877800407331975
2024-01-13,0,0,2920,3023,2860,2939,274242390,165553750,0,0,82720044,8.14835E+11,3000826306.152929,17,8,2971.222069567728,2,25,583882608961.8334,1.395546003721209,0.1165644171779141,32.48615423,0.2223926380368098,0.015156618390030314,-0.01015916,81888337189,0.7895501414835804,66.14173228346456
2024-01-14,0,0,3050,3050,2946,2956,202230019,-175395962,56,0,121613688,6.0456E+11,4121794481.5655327,4,13,2989.4649570250003,1,20,573591861966.9333,1.0539890733210087,0.9038461538461539,30.81942497884139,0.4110576923076923,0.007746716,-0.012978369,1.19338E+11,-0.865165429,69.9009901
2024-01-15,0,0,2948,2980,2891,2900,181183067,-353061436,0,0,12606344,5.30804E+11,3032656420.5945854,6,20,2929.6545883562067,1,21,567605543996.2667,0.9351631765818186,0.5393258426966292,21.63853300784026,1.2415730337078652,0.00917743,-0.013656538,97429454493,0.7580011786679489,67.36641221374046
2024-01-16,0,0,2863,2901,2850,2867,169707742,73270768,0,0,52163532,4.87799E+11,2439100442.9973087,14,10,2874.3495275071186,0,24,563510929421.8667,0.8656431358526748,0.078431373,9.212932602381628,2.3284313725490198,0.012763021731631597,-0.006944444,56954595994,-0.205834675,62.43093922651934
2024-01-17,0,0,2860,2920,2845,2905,185439624,474336044,1,0,80149938,5.35395E+11,3270588345.1602116,4,19,2887.165164652189,0,25,512014163569.6667,1.0456640863727826,0.6,14.591130649925294,1.75,0.018225584594222834,-0.009722222,73691400278,-0.704328633,64.64471403812826
2024-01-20,0,0,2915,2915,2763,2768,172436543,-219237986,0,0,19227670,4.86685E+11,2402088927.2117414,0,49,2822.398252625605,1,16,510494813383.93335,0.9533585550573926,0.9671052631578947,40.38344803716291,1.118421052631579,0.006930007,-0.00865651,60371205933,0.9718494153984738,50.65123010130246
2024-01-21,0,0,2781,2799,2700,2740,208472989,-59269178,0,0,58227756,5.74381E+11,2419808721.0870376,2,4,2755.182915447142,1,20,5.07149E+11,1.1325680044433475,0.41414141414141414,11.588742465223028,1.8611111111111112,0.019515720997470183,-0.021667279,54395941794,-0.154660937,50.94614264919942
2024-01-22,0,0,2720,2785,2631,2690,214352842,98821261,0,0,185208336,5.78742E+11,2439003016,2,48,2699.949747514894,2,22,515430963933.5333,1.1228310717313266,0.19480519480519481,38.063613397100184,1.2662337662337662,0.021835677276091783,-0.016635161,64553369917.00001,0.5957541151473807,46.91358024691358
2024-01-23,0,0,2714,2714,2583,2602,178849863,-237657396,0,0,57596130,4.68265E+11,2490827185.8671923,4,19,2618.200166,1,18,518910372379.63336,0.9024000402817518,0.8549618320610687,24.804829419746234,1.498091603053435,0.011320754716981131,-0.01565483,63340738651,0.6812783299097439,42.01474201474202
2024-01-24,0,0,2615,2698,2615,2670,99490030,65621594,0,0,68917674,2.64199E+11,1271735612.8529594,25,8,2655.529578883432,0,31,515596981984.73334,0.5124132349495072,0.6626506024096386,11.761552108342622,2.3343373493975905,0.015031943,-0.018168055,28152691376,0.5711488529192691,34.626038781163444
2024-01-27,0,0,2670,2727,2648,2655,112177078,-44982899,1,0,34848427,2.99291E+11,1339507036.1140833,5,11,2668.018836780541,0,20,515629569267.56665,0.5804371490644563,0.189873418,12.996507408924938,2.3987341772151898,0.009342302,-0.008911994,29235901741,-0.384611463,37.09198813
2024-01-28,0,0,2668,2720,2630,2720,156135665,420568223,0,0,145588080,4.15979E+11,3261181548.8601646,4,10,2664.2130502790633,2,28,520228649819.93335,0.7996073965764527,0.5777777777777777,14.35896599014764,2.1055555555555556,0.017491626349088202,-0.007876969,78863074817,-0.044505867,43.62880886426593
2024-01-29,0,0,2688,2688,2637,2661,117353084,126137837,2,0,120891108,3.12384E+11,2046884488.461203,12,18,2661.9144732404307,1,17,513106287631.8333,0.6088092863191403,0.5294117647058824,9.953118632730307,3.715686274509804,0.008988764,-0.009056604,42825930155,-0.4172167,38.19628647214854
2024-01-30,0,0,2620,2655,2591,2595,262652012,292456424,0,0,359844170,6.86123E+11,4389848012.4622135,2,45,2612.2901727400435,1,27,521479746542.86664,1.3157237157274704,0.390625,12.148797415842546,2.9609375,0.012561857632280167,-0.007987828,1.07916E+11,0.7391169551010959,30.183727034120736
2024-01-31,0,0,2600,2647,2576,2625,161488167,125246048,0,0,227540412,4.21816E+11,3465274156.0147963,4,1,2612.0568760124697,0,22,523751690678.73334,0.8053745401000337,0.352112676,15.824210896277561,2.5246478873239435,0.018567639,-0.008517228,1.15844E+11,-0.373540678,29.066666666666663
2024-02-03,0,0,2620,2693,2613,2640,173619064,-27069706,1,0,35361118,4.59997E+11,2231600740.2510123,21,5,2649.4585769452137,0,20,527613539331.0333,0.8718436581806341,0.25,15.760759795386324,2.221875,0.014981273,-0.015867019,60918100928.00001,0.5584862834589522,28.87700534759358
2024-02-04,0,0,2650,2684,2580,2617,245882263,-68193454,0,0,290209927,6.45042E+11,4758809826.922963,12,24,2623.3790056950957,1,32,539004025375.56665,1.1967301471961143,0.3173076923076923,19.02048936597361,1.7091346153846154,0.028132033008252063,-0.010781671,1.17605E+11,0.18770445799431856,30.209790209790214
2024-02-18,0,0,2624,2645,2604,2634,437460124,461906141,188,0,685599588,1.14694E+12,18136793651.78776,2,1,2621.813926121413,0,7,562884949041.2333,2.037608301979989,0.24390243902439024,3.647438137510133,4.121951219512195,0.010606060606060607,-0.009589567,6.04722E+11,-0.32121825,33.33333333333333
2024-02-19,0,0,2640,2669,2606,2624,463255996,788284666,0,0,540638080,1.21481E+12,6480419083.785246,1,12,2622.3304221862677,1,12,588004524118.9333,2.065988001353005,0.25396825396825395,9.187553618351847,2.6825396825396823,0.01575985,-0.008371385,2.01731E+11,-0.607532283,29.061102831594624
2024-02-20,0,0,2621,2675,2611,2629,272486589,331546709,16,0,168047150,7.17009E+11,4705661174.108174,1,13,2631.3563649989396,0,16,596808939123.7333,1.201405128741455,0.125,10.422577452647511,2.640625,0.016541353383458645,-0.00681302,1.26855E+11,0.5111266518368623,37.105751391465674
2024-02-21,0,0,2610,2634,2591,2600,188274383,300003389,58,0,197374716,4.91497E+11,3840552803.481237,1,58,2610.537400226137,0,23,5.91893E+11,0.8303814256426871,0.23255813953488372,10.019716266335507,3.738372093023256,0.011022424933485367,-0.006515906,94271153493,0.36232944232656394,37.037037037037045
2024-02-24,1,5,2597,2597,2495,2520,319041862,237894914,0,0,318351154,8.10227E+11,4762154310,1,40,2539.5628028932456,3,26,606669464065.4667,1.3355325977204073,0.7549019607843137,22.831837424575923,1.8553921568627452,0.025999223903764065,-0.014274385,1.82592E+11,0.5562728449396657,35.08771929824562
2024-02-26,1,4,2539,2539,2435,2436,227424666,-130362636,0,0,54307554,5.61632E+11,2434264608.7449007,0,34,2469.529827841981,1,23,614254879592.7333,0.9143305408438536,0.9903846153846154,25.127445034507303,2.079326923076923,0.013850415512465374,-0.006824568,54927099645,0.9557570329060331,35.335689045936405
2024-02-27,1,3,2431,2489,2410,2439,224533737,-28745475,0,0,61467720,5.4685E+11,2929828812.1801524,4,3,2435.490544100284,0,24,623399918994.3667,0.877205429,0.10126582278481013,14.592057378181744,2.810126582278481,0.011836735,-0.011101974,57798376300,0.4753301835989674,26.946107784431135
2024-02-28,1,2,2492,2525,2439,2450,161358984,-66259942,0,0,63188424,4.00265E+11,1967068875.5320485,2,2,2480.5893891349738,1,18,6.18225E+11,0.6474433708772006,0.4883720930232558,17.116701014918043,2.616279069767442,0.013147410358565738,-0.012520194,55609256199,-0.667618198,29.376257545271628
2024-03-02,1,1,2530,2605,2480,2605,503014678,2293876842,4,0,1852974585,1.30244E+12,14252617042.092142,7,1,2589.2779920807798,2,11,613877728311.2333,2.1216681683859138,0.6,39.088295572501735,1.698,0.044145873320537425,-0.01002004,3.98489E+11,0.6034716425244067,40.20442930153322
2024-03-03,0,0,2718,2718,2718,2718,186977827,0,4,0,0,5.08206E+11,8872249736,0,0,2718,0,3,602104618283.6333,0.8440488884385199,1,0,inf,0,0,1.12295E+11,0,54.44617784711388
2024-03-04,0,0,2798,2853,2760,2803,1445249151,1264915581,0,0,2800056338,4.10222E+12,37839001218.88179,32,12,2838.414959078568,2,32,726159174585.5667,5.649197798,0.053763440860215055,14.741054958811636,2.282258064516129,0.029092184,-0.010626993,8.6424E+11,0.20742915309364277,65.75757575757575
2024-03-05,0,0,2838,2979,2810,2887,556184171,1698986722,0,0,625472946,1.63082E+12,15290988452.663176,13,9,2932.161849,1,25,7.6653E+11,2.1275387684050404,0.28994082840236685,30.48421559297489,0.9201183431952663,0.035294118,-0.011801458,5.12564E+11,0.19745807528586629,68.34733893557423
2024-03-06,0,0,2940,2965,2870,2901,281821289,129041596,0,0,272808270,8.19027E+11,3882695700.2052937,9,12,2906.1916668616186,1,19,761274712201.0333,1.0758621933835046,0.4105263157894737,15.744312227267688,1.4763157894736842,0.016304347826086956,-0.022276366,88849402777,0.1657924817543377,68.30294530154278
2024-03-09,0,0,2913,2938,2863,2873,199902949,-46768508,0,0,46566808,5.79016E+11,2139372193.7570958,6,9,2896.4848018575253,1,22,753414072602.5667,0.768522748,0.5333333333333333,18.384203745836427,2.12,0.016695059625212946,-0.013518198,54096731549,0.6409224960583586,67.82729805013928
2024-03-10,0,0,2900,3031,2896,2966,318496049,959652477,0,0,374119288,9.46725E+11,5558086191.668853,8,9,2972.4851538613593,1,22,7.6482E+11,1.237840664600068,0.4888888888888889,24.877261246689145,0.8166666666666667,0.031043593130779392,-0.016568864,2.00129E+11,-0.292955187,70.90680100755668
2024-03-11,1,5,2980,3120,2952,3120,583002581,1337815690,0,0,521618960,1.80192E+12,12549300394.424269,21,0,3090.766626456839,1,12,807190283905.2667,2.232342183029147,0.8333333333333334,52.30161684962929,0.46130952380952384,0.033517735,-0.011551155,3.77194E+11,0.7265900498190194,76.43923240938166
2024-03-12,1,4,3170,3245,3105,3130,623717676,659518845,0,0,542410456,1.98049E+12,13326560341.54191,5,17,3175.2933227051913,3,26,856946524032.7333,2.311097036179063,0.2857142857142857,27.25095854091962,0.3107142857142857,0.03126935,-0.015331665,4.95093E+11,0.2056336472257718,76.56415694591728
2024-03-13,1,3,3139,3210,3091,3104,326007069,86671002,0,0,275798718,1.02614E+12,4791104697.766501,0,25,3147.6055255353986,1,18,873304751672.3667,1.1750098116183987,0.29411764705882354,31.121561392453422,0.1638655462184874,0.021978022,-0.01139962,1.45622E+11,0.8142025074530815,76.80851063829786
2024-03-16,1,2,3100,3169,3074,3148,285266513,1139502591,0,0,474905120,8.86602E+11,6988711751.068069,3,9,3107.9768678737278,0,25,886635322536.7333,0.9999621051035535,0.5052631578947369,22.09976602221205,0.20526315789473684,0.020221169,-0.011272142,1.98365E+11,0.7020023668186016,84.73451327433628
2024-03-17,1,1,3120,3250,3120,3136,297892797,185136959,0,0,177588423,9.46869E+11,4155366560.7545958,16,20,3178.5571150785495,2,21,8.99052E+11,1.0531868014994723,0.12307692307692308,24.167123839768845,0.015384615384615385,0.028624192059095107,-0.02112232,1.12673E+11,-0.453725226,92.06730769
2024-03-18,0,0,3180,3290,3180,3290,89593640,1105668623,202,0,395059440,2.89254E+11,7413657301.917372,8,0,3228.505596055702,1,7,889401979812.8667,0.3252225368014809,1,10.916828633535925,0.11818181818181818,0.030395136778115502,0,2.89254E+11,0.2044239481565181,93.28585961342829
2024-03-24,0,0,3330,3390,3251,3390,469740514,539557584,0,0,298593162,1.56281E+12,12304249023.379673,36,34,3326.9558358532386,2,35,925886686594.5667,1.6879019506555792,0.4316546762589928,33.914797146406144,0.09352518,0.022869023,-0.020776874,2.84888E+11,-0.159595899,93.84328358208955
2024-03-25,0,0,3400,3467,3256,3278,447696219,-336489950,0,0,193606175,1.49593E+12,4533469228,6,30,3341.3971575176515,1,26,9.66944E+11,1.5470701673402558,0.5781990521327014,48.47961756927127,0.067535545,0.021770682,-0.019461078,1.57555E+11,-0.595072462,82.70165208940719
2024-03-26,0,0,3314,3341,3227,3240,245960328,6140322,0,0,123399135,8.03769E+11,2970739881.126681,10,19,3267.8803386089157,1,21,983760370558.5333,0.8170373029894032,0.6491228070175439,21.069872041865807,0.4100877192982456,0.015653220951234198,-0.019289651,79207831701,0.2933674651901064,77.35849056603773
2024-03-27,0,0,3250,3290,3183,3200,255553451,17369039,0,0,141776726,8.23228E+11,3379716114.6438184,3,28,3221.351627914428,1,22,9.97335E+11,0.825427014,0.4672897196261682,20.686194369744527,0.4696261682242991,0.014652014652014652,-0.008615385,75489196148,-0.780462412,71.83718371837185
2024-03-30,0,0,3200,3235,3148,3203,232223680,182081458,0,0,283000554,7.38004E+11,3054105398.092207,5,2,3177.9863509957295,2,23,1011522659282.8667,0.7295967901907587,0.034482758620689655,13.47305099866323,0.7442528735632183,0.010516548097742036,-0.008888889,73415491465,0.1577052178795481,69.08212560386474
2024-04-02,0,0,3060,3200,3028,3176,337884761,558401312,0,0,302833210,1.05982E+12,6009482949.364633,10,13,3136.6377007899446,1,25,1023979286285.4333,1.0350034361726097,0.6744186046511628,34.215607102950386,0.376453488,0.021978022,-0.016987179,1.77459E+11,-0.126576773,66.34958382877527
2024-04-03,0,0,3176,3228,3101,3171,255690806,431594894,0,0,302085240,8.05289E+11,4164008198.011054,6,25,3149.464331853997,1,30,1036761712834.5333,0.7767349657216014,0.039370079,28.857533795845228,0.5098425196850394,0.026629073,-0.009389671,1.34735E+11,-0.143294641,68.21515892420537
2024-04-06,0,0,3160,3197,2992,3002,501234968,-470625145,0,0,272127627,1.53043E+12,9252102080.023134,5,61,3053.3137130747828,1,31,1072442748935.5667,1.4270482995814908,0.7707317073170732,51.36153069,0.32439024390243903,0.018934531450577663,-0.02285525,2.4957E+11,0.8977342489633388,52.01342281879195
2024-04-07,0,0,3046,3090,3000,3051,259809799,150449328,0,0,124196385,7.89997E+11,3755872596.592661,18,46,3040.6729385022154,2,23,1077274557547.2333,0.7333289544827689,0.055555556,20.93558783517002,0.8138888888888889,0.016704880445463477,-0.020618557,96474373410,-0.189425094,45.627376425855516
2024-04-08,0,0,3087,3139,3040,3052,135691783,85788827,0,0,189234639,4.1871E+11,2141443549.3417852,10,12,3085.7397372028045,1,20,1053000240266.8667,0.39763478753707077,0.35353535353535354,23.929807356294262,0.9015151515151515,0.010566762728146013,-0.008789063,41094753022,-0.728962899,45.00000000000001
2024-04-09,0,0,3080,3147,3056,3095,182556281,315005320,0,0,94312484,5.67054E+11,2979435726,10,18,3106.1891239666525,0,23,1031408375032.9667,0.5497864359845589,0.16483516483516483,18.03905853192335,0.9807692307692307,0.014977692797960485,-0.007395498,66595735291,0.6161017456023492,49.435382685069015
2024-04-13,1,5,3020,3050,2951,2951,524747064,5922318,0,0,223206432,1.55156E+12,14017248763.65884,14,30,2956.769085551282,1,22,1059226594240.5333,1.4648007376376981,0.696969697,12.272448289277444,0.9015151515151515,0.013703208556149732,-0.02609285,2.3007E+11,0.6886321591088735,39.01895206243032
2024-04-14,1,4,2928,2928,2928,2928,14455337,0,45,0,0,42325226736,882913028.2478557,0,14,2928,0,3,1044254191187.5333,0.040531536,1,0,inf,0,0,17374904256,0,38.54625550660793
2024-04-15,1,3,2975,2975,2970,2975,100691590,5028134,8,0,5028134,2.99555E+11,9730540630.296888,0,0,2974.9802172256886,0,3,1027231812620.5333,0.2916143022545369,0,0,18.75,0,0,27132383775,0,30.337078651685403
2024-04-16,1,2,2946,2969,2946,2962,330732829,42368272,6,0,44030634,9.74676E+11,11896668754.58695,1,27,2947.018623358372,0,15,1040999939625.3667,0.936288053,0.6956521739130435,5.111615889035325,3.608695652173913,0.007746716,-0.007807196,3.47012E+11,-0.236377988,20.0280112
2024-04-17,1,1,2959,2976,2921,2935,182989256,-5882791,0,0,71337913,5.42834E+11,3447643400,1,22,2966.482442614008,1,33,1.04087E+12,0.5215218541596668,0.43636363636363634,13.040904327978774,1.2136363636363636,0.00672495,-0.014324693,64137873617,-0.232797141,22.734499205087445
2024-04-20,0,0,3160,3196,3114,3170,509013682,236055831,64,0,187668767,1.60614E+12,14853739176.758078,19,0,3155.3879466917747,1,25,1081061768796.9667,1.4857020044944786,0.12195121951219512,13.557688359294604,0.4329268292682927,0.013182674199623353,-0.020121367,3.04117E+11,-0.363464248,45.76271186440678
2024-04-21,0,0,3213,3213,3129,3134,305351954,-120431739,0,0,145535659,9.66816E+11,4641134596.763653,7,28,3166.233727526761,1,16,1069874129466.3667,0.9036723376078172,0.9404761904761905,19.427757880384785,0.4226190476190476,0.011342155009451797,-0.011023622,1.17329E+11,-0.516317255,45.98540145985401
2024-04-22,0,0,3147,3200,3102,3110,226312988,-26527189,1,0,517204752,7.1225E+11,4095968133.4138017,2,11,3147.1888098176673,1,11,1.07668E+12,0.6615267463841874,0.37755102040816324,15.98601291112718,0.3622448979591837,0.018130665833072834,-0.010423247,1.47298E+11,-0.159775631,44.48398576512455
2024-04-23,0,0,3115,3193,3095,3147,323181030,359391385,0,0,160176562,1.01745E+12,5784138711.144537,8,14,3148.2230606233293,0,32,973849900505.4333,1.0447667252149844,0.32653061224489793,16.261099404381113,0.096938776,0.018512707875745216,-0.01087652,2.12868E+11,-0.529726761,48.30011723329425
2024-04-24,0,0,3150,3175,3123,3165,216957021,195335145,0,0,71156727,6.82961E+11,3568273980.8409576,0,0,3147.9068884523444,0,17,942254516953.6666,0.7248153111666995,0.28846153846153844,12.945742673198815,0.13942307692307693,0.00886918,-0.013103228,1.09176E+11,0.002550888,49.65357967667436
2024-04-27,0,0,3141,3194,3120,3129,234160936,20807880,0,0,73540896,7.37591E+11,3325725008.7095838,1,14,3149.932846100342,0,23,939540001685.1333,0.7850556892277886,0.16216216216216217,16.152282829417317,0.23648648648648649,0.009404389,-0.012420382,91316532795,0.48427266031542393,58.663028649386085
2024-04-28,0,0,3131,3153,3085,3085,211982708,-13551373,0,0,103937043,6.57908E+11,2855756423.7333493,1,3,3103.592308005613,1,26,942169736630.2667,0.6982902086539647,0.6764705882352942,9.889165922512088,1.1323529411764706,0.00577108,-0.012199037,68306438855,0.6041988093793456,52.335164835164846
2024-04-29,0,0,3104,3230,3100,3110,186983335,949538444,0,0,579802480,5.90444E+11,4947179474.427414,6,10,3157.734734579421,2,28,930293703113.6333,0.6346853361909498,0.046153846153846156,22.356434969652486,0.6730769230769231,0.031055900621118012,-0.017061611,1.91365E+11,0.7553079786492525,53.85638298
2024-04-30,0,0,3158,3158,3076,3092,144807948,211234994,0,0,304719324,4.50139E+11,2343058498.5920672,2,5,3108.5264857630605,1,19,885234183820.7667,0.5084974687309858,0.8048780487804879,14.673606966215297,1.2195121951219512,0.015555555555555555,-0.011042546,61490304707,0.544856465,49.79367262723521
2024-05-01,0,0,3080,3150,3080,3135,102570890,121815255,2,0,85983960,3.2008E+11,1882854824.5402896,7,3,3120.5764602705503,0,18,829887308253.6666,0.38569128803348685,0.7857142857142857,9.878616226752998,1.6178571428571429,0.007324841,-0.007402639,35252023062,-0.512085165,64.69648562300318
2024-05-05,0,0,3125,3170,3099,3103,136554073,-68924331,0,0,16058574,4.26933E+11,2001636057.8966568,0,9,3126.4725826376484,0,21,809913672038.1333,0.5271334217727573,0.30985915492957744,16.96291439577398,1.5950704225352113,0.008917197,-0.01092545,74236725837,0.7579838729838185,63.77952755905512
2024-05-06,0,0,3093,3130,3066,3075,191066623,124132811,0,0,126913185,5.91423E+11,2980259820.2948976,2,1,3095.377104948361,0,18,800074389597.1666,0.7392103259945348,0.28125,14.282604810827712,1.8984375,0.012808197246237591,-0.009708738,74465811580,-0.402130645,58.11688311688312
2024-05-07,1,5,3070,3130,3036,3090,120070204,390575603,1,0,327384180,3.6944E+11,2817160748.8385444,0,9,3076.8629829678644,1,23,7.80827E+11,0.4731389827189073,0.2127659574468085,18.695784990085386,1.4414893617021276,0.016181229773462782,-0.013012362,95991415951,0.843767743,60.35598705501618
2024-05-08,1,4,3077,3090,2981,2993,128628089,-43979134,1,0,42729660,3.8884E+11,1742113081.6536953,11,10,3022.9779641676864,1,24,784146276501.1333,0.4958767136598627,0.7706422018348624,30.79960438031607,1.5229357798165137,0.011334197,-0.015267176,42353683420,0.8997256448403503,54.215116279069775
2024-05-11,1,3,2961,3039,2937,2950,152273839,-52339294,0,0,51441280,4.52847E+11,2248604698.3309402,9,13,2973.896402,0,26,7.47148E+11,0.6061005914627124,0.10784313725490197,18.170692654449827,1.6274509803921569,0.016943521594684385,-0.016666667,59541683390,0.6052314868922772,27.82258064516128
2024-05-12,1,2,2986,3037,2883,2883,162119187,-50559843,1,0,58605545,4.77516E+11,2618181526.732155,1,30,2945.462426190183,3,31,713200469094.6333,0.6695396239421699,0.6688311688311688,38.375334553837845,1.0032467532467533,0.01683724,-0.019614474,56177827788,0.9287326826425519,26.18595825426945
2024-05-13,1,1,2944,2944,2798,2898,353915257,-188611052,0,0,102110148,1.00454E+12,6091617112.145654,23,58,2838.3748595867964,1,34,719892977359.4333,1.3954076501449797,0.3150684931506849,32.194201668906075,1.0582191780821917,0.018245614035087718,-0.015003489,1.84487E+11,0.6744311905248915,29.53667953667953
2024-05-14,1,3,2860,2930,2834,2836,125664831,-291063514,90,0,61946023,3.60009E+11,3924632145.8574195,1,14,2864.8340536024753,0,17,7.04452E+11,0.5110478857496391,0.25,31.391692306478802,1.515625,0.014036288942143102,-0.023239437,1.17952E+11,0.3214620321939939,21.36279926335176
2024-05-15,1,2,2850,2905,2776,2862,145141401,-5611159,0,0,37405480,4.10805E+11,1972363026.452896,19,30,2830.375496444326,3,22,693545722068.8667,0.592325281,0.093023256,31.683693902860632,1.127906976744186,0.018965517,-0.016549296,45040522546,0.030878911,22.50453720508166
2024-05-18,1,1,2877,2928,2819,2832,136494596,125464190,1,0,63163110,3.9199E+11,2604520136.0235405,17,17,2871.832434,3,20,671284639668.1333,0.5839394866040583,0.41284403669724773,27.145886976992266,1.334862385321101,0.013831258644536652,-0.018661972,58340366259,0.44382009935798405,22.75229357798166
2024-05-19,0,0,2728,2830,2728,2800,208538314,692890018,66,0,327392023,5.71763E+11,7266131856.281511,6,25,2741.762840328708,0,19,663500423889.1333,0.861736601,0.7058823529411765,11.066068495749095,1.1176470588235294,0.022079772,-0.003663004,1.18655E+11,-0.22658182,23.264540337711068
2024-05-21,0,0,2702,2793,2702,2793,172465921,537113455,0,0,563533935,4.79708E+11,3258221874.708097,1,4,2781.463717530607,1,14,6.28476E+11,0.7632867057229268,1,11.438751873751329,1.0796703296703296,0.026136770497672754,-0.007950849,79726601322,-0.167216131,19.22330097087378
2024-05-25,0,0,2763,2816,2726,2726,234602519,507515631,1,0,401043304,6.4452E+11,5589744227,17,45,2747.2841839306934,1,25,623627199405.3667,1.0335017307993535,0.4111111111111111,22.678485754310252,0.9888888888888889,0.019777058612010068,-0.016245487,1.66589E+11,0.6063297199983927,17.553191489361694
2024-05-26,0,0,2694,2755,2694,2694,58691904,105028936,47,0,209521048,1.59537E+11,2961010526.093564,1,11,2718.217330826412,0,4,614988126865.9333,0.25941533447974835,0,8.125799468178228,2.4057377049180326,0.014990859232175503,-0.019666048,41307869121.99999,0.2971572514187387,10.126582278481024
2024-05-27,0,0,2662,2686,2662,2672,199682376,-28750366,8,0,6435135,5.31864E+11,7524309049.679926,2,20,2663.5491552744743,0,18,613815109844.7333,0.8664886468052845,0.4166666666666667,4.219172030441863,6.552083333333333,0.005212211,-0.002627628,2.36088E+11,-0.643336143,10.31307550644567
2024-05-28,0,0,2673,2717,2673,2717,199543782,215068740,22,0,108477608,5.4182E+11,8266454149.646727,4,1,2715.2920308636826,0,4,580157234661.5333,0.9339186149925379,1,5.668313593383906,3.6420454545454546,0.013617960986382039,-0.005941329,1.5674E+11,0.6897259543484571,18.035714285714278
2024-05-29,0,0,2767,2767,2767,2767,42529427,0,32,0,0,1.17679E+11,3118679099.3125563,0,0,2767,0,3,5.82669E+11,0.2019653002703397,1,0,inf,0,0,14598678165,0,22.85714285714286
2024-06-01,0,0,2821,2821,2759,2821,323743915,19408212,0,0,85623903,9.11938E+11,12640756026.862856,13,14,2816.8500694013046,1,23,603081777292.1333,1.5121300357152998,0,13.183709058997367,2.8629032258064515,0.013824884792626729,-0.022101449,3.6395E+11,-0.331350037,34.42028985507247
2024-06-02,0,0,2840,2873,2761,2873,190813970,348179128,0,0,155933830,5.37917E+11,4861392877,17,15,2819.066199697014,2,28,588523157520.0667,0.914011975,0.29464285714285715,31.379143177697063,1.6584821428571428,0.021232161503654718,-0.019920319,1.14663E+11,-0.468869205,43.13725490196078
2024-06-05,0,0,2877,2877,2850,2873,260478329,-3650621,0,0,25685592,7.49145E+11,7983630652,0,7,2876.035966949865,0,14,595400178443.5333,1.2582210586052882,0.14814814814814814,3.866878004297037,7.111111111111111,0.005563282,-0.006654991,1.55425E+11,0.4795640103464886,48.987854251012145
2024-06-08,0,0,2879,2879,2819,2819,176040583,-318814758,31,0,21672524,4.96822E+11,10023367680.406012,0,11,2822.201366664413,1,5,5.58423E+11,0.8896874301407227,1,4.019251916079983,3.2,0.006694856,-0.019155729,2.82678E+11,0.5018384505259729,42.589118198874296
2024-06-09,0,0,2779,2878,2766,2861,182484649,685816702,0,0,335766740,5.14563E+11,4918399380.093385,8,31,2819.7582972033993,3,28,543347954598.73334,0.9470222511650171,0.7321428571428571,31.20053396438561,1.7142857142857142,0.030154277699859747,-0.030730296,74319539684,0.014331862049467329,52.43664717348928
2024-06-10,0,0,2883,2885,2852,2885,47969769,940664,12,0,96210856,1.38371E+11,1529783467.0436568,5,0,2884.543454441067,1,3,524218660593.06665,0.26395642425902244,0.060606061,2.277216345829782,5.818181818181818,0.011438474870017331,0,14364778510,0.4055407859914612,52.250489236790614
2024-06-11,0,0,2940,2942,2865,2872,173841851,-406726755,0,0,36196710,5.04807E+11,3863626113.9514174,8,7,2903.829067,1,24,507130695547.9667,0.9954179947706461,0.8831168831168831,18.088667968179532,2.5487012987012987,0.012282497441146366,-0.01208981,96547249563,0.4425161044956901,54.04858299595142
2024-06-12,0,0,2899,2910,2858,2860,138062110,84545663,1,0,128876722,3.98079E+11,2920382091.1295595,3,8,2883.334634433734,1,19,497634654300.0333,0.7999428095013466,0.75,10.89306752147123,4.519230769230769,0.011348005502063274,-0.009371746,84598894665,0.6267436183850539,56.32911392405063
2024-06-15,0,0,2832,2879,2826,2826,17251661,-44092023,82,0,13956330,48851889443,1167583807.9843655,0,6,2831.720924901086,0,4,474676676495.4667,0.10291613610273213,0.11320754716981132,5.120120114221207,4.433962264150943,0,-0.018754423,4242026646,0.39414285494402235,53.293413173652695
2024-06-16,0,0,2805,2820,2805,2805,155533846,138588370,50,0,214474650,4.3634E+11,9199618827.344591,0,17,2805.4312299780718,0,6,4.67291E+11,0.9337638638310338,0,0.9821371092853646,15.666666666666666,0.002134472,-0.002139037,2.66616E+11,-0.113735753,58.681318681318686
2024-06-18,0,0,2772,2789,2749,2749,136381045,-152920978,47,0,29362480,3.75081E+11,5538128550.539344,0,6,2750.2453288798306,0,4,460112315400.4667,0.8151951586702075,0.575,3.6659437138107367,5.025,0.004346251,-0.011636364,84446827892,0.45121920186304043,55.74112734864301
2024-06-19,0,0,2722,2804,2722,2788,143544252,195013295,2,0,78985148,3.97671E+11,2372934079.492638,4,8,2770.375300746978,0,20,458363385687.06665,0.8675899138603924,0.8048780487804879,16.051171304631104,2.2042682926829267,0.017632241813602016,-0.005790807,50477710692,0.6431611328943054,61.693548387096776
2024-06-22,0,0,2798,2810,2715,2715,206632196,450187901,0,0,352727571,5.6696E+11,4195398947.429649,3,51,2743.8107378145464,1,24,466592696797.73334,1.2151061130062553,0.8736842105263158,17.16512755589151,1.6131578947368421,0.024784483,-0.020863836,65091266794.00001,-0.528000263,49.80916030534352
2024-06-23,0,0,2751,2779,2705,2710,236803931,726157099,0,0,267148672,6.48088E+11,4485202914.387272,7,32,2736.813535751651,1,20,4.73965E+11,1.3673769520328707,0.5540540540540541,16.732795444312156,1.9054054054054055,0.015884477,-0.009174312,1.03212E+11,0.22681751287361474,44.05010438413361
2024-06-24,0,0,2714,2790,2714,2790,118566161,56694778,1,0,12175000,3.28917E+11,2657189714.701101,19,0,2774.1240983757584,0,16,465214351215.26666,0.7070229962226627,1,15.286345630169784,1.5526315789473684,0.009825328,-0.007619739,80075337392.00002,0.9148231563973999,46.930693069306926
2024-06-26,0,0,2829,2829,2800,2829,204205628,-279913380,8,0,15161832,5.77412E+11,8425317500.357925,4,3,2827.6019380376724,0,8,472146773330.13336,1.2229507053885194,0,5.051137448065749,2.086206896551724,0.005305978,-0.004626335,88111154181,0.7302989097804098,45.52845528455285
2024-06-29,0,0,2830,2879,2738,2771,210480915,31527575,0,0,177609557,5.91012E+11,3285869128.6841836,4,24,2807.911780457625,3,27,4.78886E+11,1.2341393146019914,0.41843971631205673,25.31277301200938,0.42907801418439717,0.020371694,-0.031717098,92306845400,0.091256891,40.72727272727273
2024-06-30,0,0,2790,2790,2645,2660,274712265,-75922417,2,0,509710740,7.41209E+11,4340426884.950299,2,60,2698.1302133707063,2,24,488497933411.1667,1.517323639435189,0.896551724,26.44053801610349,0.3413793103448276,0.019791291831594098,-0.016849817,1.03591E+11,0.837220149,36.902800658978585
2024-07-01,0,0,2692,2740,2679,2710,66394529,43166906,2,0,28015038,1.799E+11,931282264.0771142,13,7,2709.5611637368493,0,30,478577402190.8333,0.37590583349621814,0.29508196721311475,13.362035636628372,0.6475409836065574,0.015779817,-0.012295082,20873611519,0.6001268193330361,37.72357723577235
2024-07-02,1,5,2735,2819,2735,2785,79256313,-3475421,7,0,39069684,2.20314E+11,1417957560.6059222,11,9,2779.7654933052463,0,26,452436395394.5333,0.4869501354149061,0.5952380952380952,18.718845918666112,0.18452380952380953,0.014033825116948543,-0.014233577,29917459346,0.5340119196068542,42.492492492492495
2024-07-03,1,4,2795,2809,2744,2779,101708566,51608264,6,0,96482867,2.82689E+11,2071610050.8634434,14,6,2779.4060533701754,1,21,4.49859E+11,0.6283954621230542,0.24615384615384617,16.517419707496366,0.3384615384615385,0.016129032258064516,-0.015664845,45513586932,0.5727098297416912,42.943854324734446
2024-07-06,1,3,2945,2945,2945,2945,108982572,0,20,0,0,3.20954E+11,3627125794,13,0,2945,0,3,446864046276.56665,0.7182356182250562,1,0,inf,0,0,1.17889E+11,0,55.227552275522754
2024-07-07,1,2,3121,3121,2992,3022,572823089,-4700989000,0,0,248622114,1.76271E+12,47149949406.09866,2,19,3077.2317414460927,1,18,492554705738.26666,3.578707849439707,0.7674418604651163,23.41758574,1.2926356589147288,0.014304291287386216,-0.020361248,99717402545.00002,-0.30983739,61.44859813084112
2024-07-08,1,1,3017,3100,2967,2970,187850943,402186527,0,0,182292480,5.69199E+11,3151431558.9466915,3,28,3030.054389953209,1,23,492469238217.73334,1.1558053383272289,0.3533834586466165,29.02041966181581,1.4285714285714286,0.018241042345276872,-0.009120521,81724244911,0.6060119346059485,59.301014656144304
2024-07-09,1,4,2973,3005,2916,2919,131656156,140887063,59,0,223499835,3.88701E+11,2731142168.176382,1,33,2952.3988506773658,1,23,489435697613.9667,0.7941829448770226,0.6067415730337079,18.530623450607433,2.1741573033707864,0.013087248322147652,-0.013582343,56379522824,0.743172635,59.63718820861678
2024-07-10,1,3,2900,2947,2839,2853,160134930,-26765692,0,0,77393484,4.60997E+11,2161034284,4,32,2878.8060315260386,1,22,4.83318E+11,0.9538174262007083,0.4351851851851852,21.416398152351015,1.7962962962962963,0.022750424,-0.012027491,43404946542,0.6220445478405418,53.575357535753575
2024-07-13,1,2,2889,2889,2770,2814,113182636,281395342,1,0,409250622,3.18162E+11,1838243549.0625486,0,18,2811.046111295729,1,18,488605759965.4667,0.6511622147403395,0.6302521008403361,21.87339239934813,1.6302521008403361,0.020014044943820225,-0.015547703,47608842849,0.6799120327937366,55.65714285714286
2024-07-14,1,1,2833,2869,2794,2830,96803821,229264538,3,0,191520864,2.73676E+11,1757826929.232067,6,16,2827.1233258447514,1,13,4.8E+11,0.5701596238854992,0.04,16.736024969627287,2.77,0.017482517482517484,-0.010353445,33077713005,-0.405584362,56.77200902934537
2024-07-17,1,1,2843,2874,2780,2802,86010301,122887824,88,0,169732857,2.42632E+11,2140048302.4077258,8,12,2820.966286782324,1,18,470026594459.6667,0.5162094279280626,0.43617021276595747,22.900930304131574,2.199468085106383,0.015135515663498769,-0.013195435,55106050754,-0.359396512,50.719424460431654
2024-07-22,1,3,2790,2800,2732,2748,81959964,140294732,138,0,223835196,2.26353E+11,2011797326.8007474,0,15,2761.7538791500688,1,13,473649071926.43335,0.4778923087326495,0.6176470588235294,16.52359829226193,3.0330882352941178,0.012907852276801721,-0.016763848,47717791061,0.8142901588049044,45.22968197879858
2024-07-23,1,2,2775,2799,2750,2767,147102114,92460551,0,0,63106550,4.0716E+11,1937258206.5908425,1,7,2767.8709878159875,0,21,456823125398.13336,0.8912851625717276,0.16326530612244897,9.804653853343142,4.209183673469388,0.005769924,-0.008654886,36949988598,-0.822868621,49.75308641975308
2024-07-24,1,1,2778,2780,2721,2730,68208011,39233450,2,0,84816072,1.87935E+11,1115238790.2782423,6,19,2755.327518,1,27,445157065277.86664,0.4221777532199582,0.8135593220338984,10.04152349604723,3.4703389830508473,0.013048205871692642,-0.014673514,19758176401,0.21019368715649434,54.755434782608695
2024-07-27,0,0,2750,2754,2721,2740,31269035,-30159995,156,0,24605424,85703482474,1031617040.7219269,1,0,2740.8419375270137,1,5,423042346599.8333,0.20258842445167585,0.30303030303030304,4.334312068519484,6.143939393939394,0.005845817,-0.009922822,30581120980,0.1638399340839473,52.15517241
2024-07-29,0,0,2756,2772,2651,2676,203626476,-49714712,1,0,225872145,5.51732E+11,3700813609.506676,0,39,2709.531915167063,1,21,424872695318.63336,1.2985829439597858,0.6611570247933884,24.686950457643974,1.4979338842975207,0.014492753623188406,-0.016195857,1.0691E+11,0.8891477390880308,42.04379562043796
2024-07-30,1,5,2705,2705,2616,2690,100694460,106120922,0,0,52771200,2.67894E+11,1474852875.1668103,8,20,2660.463698549056,2,27,416650407063.4667,0.6429705838117489,0.16853932584269662,18.512205551634523,2.0365168539325844,0.016460905,-0.014885496,28110227490,-0.13850979,43.578643578643586
2024-07-31,1,4,2580,2599,2502,2541,434427800,1288634308,0,0,1270101170,1.09519E+12,9567076269.477905,14,33,2520.984171105072,4,20,4.48544E+11,2.4416446163114163,0.4020618556701031,18.601301228195343,1.9664948453608246,0.027734977,-0.025179856,1.49531E+11,-0.203672894,20.118343195266263
2024-08-03,1,3,2417,2470,2369,2369,256857083,-192863588,5,0,9410039,6.09526E+11,9687168583.857853,0,21,2373.0144227286114,1,7,4.52035E+11,1.3484039195324569,0.4752475247524752,11.562394753297143,1.2945544554455446,0.005457599,-0.034191642,2.56664E+11,0.6307258789732995,7.652399481193257
2024-08-04,1,2,2350,2386,2350,2350,150880881,-7359377,15,0,17140730,3.55114E+11,6251762279.203866,4,17,2353.6054597401244,0,15,450602676010.93335,0.7880868982752858,0,8.487456065156273,3.388888888888889,0.012605042016806723,-0.011479592,1.29634E+11,-0.591138315,7.994579945799444
2024-08-05,1,1,2331,2344,2331,2331,89830606,-23342410,62,0,4552605,2.09403E+11,6973452485.969259,0,15,2331.0859295995397,0,4,455954375085.9667,0.45926275332815636,0,0.21790443368416149,8.384615384615385,0,-0.001287001,1.2673E+11,0.062667915,8.356940509915006
2024-08-06,1,1,2308,2308,2308,2308,74512831,0,95,0,0,1.71976E+11,7420815216.095366,0,14,2308,0,3,447142245254.6667,0.3846105255611724,1,0,inf,0,0,1.49253E+11,0,8.898944193061837
2024-08-10,0,0,2331,2331,2288,2306,104153149,14113356,57,0,32539626,2.41862E+11,2146235081.1560414,6,3,2322.181023590559,1,26,442701616394.5333,0.5463329186027942,0.5813953488372093,13.677947985984494,3.0872093023255816,0.009922347,-0.010462075,62859102875,0.057870861293266754,9.424920128
2024-08-11,0,0,2310,2331,2298,2325,127445852,70068983,5,0,30514698,2.94006E+11,1899258747.0120232,0,13,2306.9052187983334,0,16,439246084754.13336,0.6693411991539291,0.45454545454545453,9.160089813216928,4.28030303,0.008189655,-0.00692341,47581001624,-0.621765198,9.856915739268686
2024-08-12,0,0,2310,2319,2284,2284,67865764,3540051,41,0,9222768,1.55304E+11,1356550098.7505682,1,4,2288.4030983427815,1,7,425524237635.6667,0.3649715124851978,0.7428571428571429,6.398637429001248,4.257142857142857,0.004793028,-0.010940919,26305184394,0.7431291775836104,9.657320872274155
2024-08-13,0,0,2266,2266,2266,2266,44993900,0,78,0,0,1.01956E+11,3601987323.7361016,0,14,2266,0,3,407319836759.6667,0.25030987494026175,1,0,inf,0,0,50136029504,0,10.231023102310232
2024-08-14,0,0,2288,2291,2257,2291,58839405,-147172163,26,0,7543064,1.34701E+11,2122643399.9080513,0,0,2289.291421131808,0,7,400845946779.9667,0.3360406813965869,0.088235294,1.7757896911275017,4.698529411764706,0.008293322,0,15738274219,0.5621658584889466,11.111111111111114
2024-08-17,0,0,2334,2334,2334,2334,29450156,0,27,0,0,68736664104,779544243.6107686,0,0,2334,0,3,3.8389E+11,0.17905297654410585,1,0,inf,0,0,9151140198,0,17.96116504854369
2024-08-18,0,0,2360,2360,2360,2360,37859857,0,52,0,0,89349262520,1840347626.512692,0,0,2360,0,3,367168008658.06665,0.243347079,1,0,inf,0,0,27116661960,0,20.03154574132492
2024-08-19,0,0,2393,2393,2340,2344,131098501,-523371,4,0,132902607,3.11481E+11,3770754692.9625525,0,8,2375.9294060730717,1,13,352843719372.6667,0.8827726455547875,0.9245283018867925,13.301184470424266,2.688679245283019,0.010989011,-0.015724607,22691335312,-0.195320548,21.672354948805463
2024-08-20,0,0,2349,2390,2329,2355,89762810,314956400,10,0,121927920,2.10428E+11,1645789312.7992754,2,9,2344.2623117079333,0,29,353861303879.76666,0.5946611572637456,0.098360656,13.82168115324697,0.8934426229508197,0.019747899159663865,-0.016738197,22940531818,0.15651207485095603,21.26929674099486
2024-08-21,0,0,2357,2380,2298,2379,66048966,117848490,14,0,46855984,1.56051E+11,1056000669.7053144,2,4,2362.6569935402167,1,16,351719206794.1667,0.44368077836398706,0.2682926829268293,7.3007597990347355,0.6646341463414634,0.016115351993214587,-0.004662993,16491003327,0.6391011948894001,32.31441048034935
2024-08-24,1,5,2370,2410,2332,2410,71693868,59954361,20,0,17443074,1.72237E+11,1253070220.9195812,3,0,2402.393475743281,0,9,348037456017.9667,0.4948803002545469,0.5128205128205128,6.830701803395795,0.6987179487179487,0.012911286963765098,-0.0041841,23386385615,0.8345259559670591,56.46687697160883
2024-08-26,1,4,2440,2449,2375,2418,130059624,444290630,6,0,161380167,3.13334E+11,2355487245.2990775,4,27,2409.1537135690937,1,12,3.47783E+11,0.9009446026730692,0.2972972972972973,10.313916521050222,0.7364864864864865,0.015586546349466776,-0.012008282,43674664777,-0.269577957,61.11111111111111
2024-08-27,1,3,2428,2450,2388,2417,74212917,567527420,12,0,366260778,1.79512E+11,2137010401.1483135,5,19,2418.8726493798918,1,19,295010194520.06665,0.6084928537945478,0.1774193548387097,9.503918679501439,0.7419354838709677,0.022903885480572598,-0.012820513,28702299540,0.1422805955859711,64.93055555555556
2024-08-28,1,2,2446,2467,2422,2467,122535398,42268975,11,0,20705643,3.00531E+11,2895434763.0764728,1,1,2452.608672442554,0,8,286054621364.13336,1.050608371166423,0.4666666666666667,16.648853547541123,0.7111111111111111,0.007352941,-0.004093328,98592999253,0.7435550867926211,75.23809523809524
2024-08-31,1,1,2492,2501,2475,2501,57631745,84761542,35,0,46364275,1.43976E+11,2200508905.628538,14,0,2498.1979634834934,0,6,277897088841.86664,0.5180892991395358,0.34615384615384615,1.4222782323595327,1.1442307692307692,0.005197921,0,20842448646,0.5067347280481269,78.09798270893371
2024-09-01,0,0,2527,2531,2471,2498,156830253,-32847688,71,0,52967316,3.91008E+11,2913848826.0633655,1,3,2493.1948396971598,1,17,275564121346.73334,1.4189379066370071,0.48333333333333334,22.085837329074362,0.5458333333333333,0.0092,-0.010834671,72199920491,-0.518515611,76.13293051359517
2024-09-03,0,0,2475,2493,2444,2454,176591956,-90230400,2,0,35011060,4.33465E+11,3275188654.9557953,2,13,2454.614352734164,1,28,279407572712.76666,1.5513722322071988,0.42857142857142855,11.54848911,0.6683673469387755,0.010865191146881288,-0.012591389,74031489948,0.5594926697239089,75.44910179640718
2024-09-07,0,0,2454,2519,2437,2456,109640437,3910866,2,0,49040693,2.71922E+11,1395355888.230167,9,9,2480.128287832344,0,26,279349106343.23334,0.9734140654808175,0.024390243902439025,15.689535284065984,0.4969512195121951,0.018687873,-0.009716599,30213609383,0.7377844275599313,79.87421383647799
2024-09-08,1,5,2441,2498,2408,2467,81484489,97938053,5,0,123017380,1.99498E+11,1476953557.9501538,2,17,2448.2891776495035,2,25,2.77911E+11,0.7178463113078375,0.28888888888888886,19.342917620262025,0.38333333333333336,0.014504431909750202,-0.013704319,24519042209,0.7565169492021914,78.94736842105263
2024-09-09,1,4,2497,2521,2451,2521,153848368,138574732,11,0,93805497,3.87432E+11,5896924511.470263,4,1,2518.2743931609334,1,5,283280592682.56665,1.3676630717803597,0.34285714285714286,11.915772033266729,0.95,0.023403411344704483,-0.000396825,1.33301E+11,0.7686172277954948,79.68253968253968
2024-09-10,1,3,2540,2565,2500,2534,84921327,-54238286,8,0,19909155,2.15274E+11,1279480509.3193429,10,9,2534.984684989673,1,24,276884412342.13336,0.777487839,0.092307692,11.46754958794849,1.2692307692307692,0.011741682974559686,-0.020791683,22795952510,0.1946149333769854,78.80794701986756
2024-09-11,1,2,2535,2586,2530,2557,89281402,16237404,6,0,16980444,2.28644E+11,1336090120.3713555,11,5,2560.9364899982193,0,15,2.78241E+11,0.821746975,0.39285714285714285,12.515717163715479,1.1830357142857142,0.014402491241728299,-0.01023622,28599979541,0.00366356,84.46601941747574
2024-09-14,1,1,2570,2584,2496,2503,107403930,-69851696,4,0,47265084,2.71452E+11,1544616690.2833667,4,34,2527.3920436058534,1,24,284432977217.8333,0.9543613430101964,0.7613636363636364,19.850710186769785,0.7528409090909091,0.018962848297213623,-0.017723513,32480913201,0.8785300221459987,71.02272727272728
2024-09-15,0,0,2503,2503,2452,2453,63227663,-7267774,93,0,19579140,1.56064E+11,2134467665.8869262,2,23,2468.2893891238714,1,15,271244035024.06668,0.5753644302930123,0.9803921568627451,14.30090648102751,1.5735294117647058,0.006410256,-0.009349593,37664118600,0.731442233,59.788359788359784
2024-09-16,0,0,2436,2530,2421,2474,103503185,470622193,7,0,196616920,2.57038E+11,1742875821.1092741,0,9,2483.3802681434395,2,18,270882162085.53333,0.9488914491085543,0.3486238532110092,18.82968538558766,0.7385321100917431,0.024458701,-0.013253012,50629930917,0.099355502,58.69565217391305
2024-09-17,0,0,2489,2557,2483,2557,152281622,267817412,16,0,117541568,3.88694E+11,6266120104.478474,2,1,2552.465090974668,0,7,2.47332E+11,1.5715429249129644,0.918918919,16.34050484005576,1.152027027027027,0.018808777429467086,-0.004320503,1.25611E+11,0.6925566269274632,65.68848758465012
2024-09-18,0,0,2561,2628,2530,2560,111435593,349921959,4,0,314971902,2.87732E+11,3387073939.9908648,2,4,2582.0457362487405,2,25,236605967155.43332,1.216080055931052,0.010204082,13.335313990503984,0.8903061224489796,0.037290715,-0.02578125,65144983042,0.14723527376825168,66.06741573033707
2024-09-22,0,0,2530,2587,2520,2530,83965593,145687611,1,0,73953840,2.14042E+11,1197585234.439564,2,24,2549.1655036486195,0,15,2.31904E+11,0.9229792877281509,0,16.266102840498647,1.3022388059701493,0.013245033112582781,-0.011811024,29244328266,0.2642857044963344,57.41176470588235
2024-09-23,0,0,2550,2625,2521,2625,162696809,180646941,4,0,73379616,4.24664E+11,3392127451.7673955,16,0,2610.155396833874,2,15,2.39079E+11,1.7762499364951727,0.7211538461538461,32.598388499839814,1,0.019157088122605363,-0.008890607,97691391506,0.901331661,62.75720164609053
2024-09-24,1,5,2625,2688,2620,2653,137885503,5680857,1,0,13778550,3.68392E+11,2253872534.9291606,14,9,2671.7247688613065,0,33,245626157819.63333,1.4998081511437207,0.4117647058823529,14.243276565393643,1.9191176470588236,0.010459469555472544,-0.007909605,78967046418,0.4718604126044721,65.16634050880626
2024-09-25,1,4,2672,2678,2601,2614,153187832,139350658,0,0,134911833,4.03332E+11,2411443351.6136103,0,13,2632.9262609774387,1,18,2.51008E+11,1.6068471413742578,0.7532467532467533,17.293704808964577,2.1136363636363638,0.015771686068343973,-0.012504737,42513392108,0.1310673133446813,65.81027667984189
2024-09-28,1,3,2607,2607,2607,2607,1560711,0,145,0,0,4068773577,108345493.79539357,0,1,2607,0,0,241343926888.43332,0.016858819,1,0,inf,0,0,559905390,0,64.77495107632095
2024-09-29,1,2,2606,2650,2606,2620,424900684,367498355,44,0,345309240,1.10796E+12,34793946272.02883,0,16,2607.5812734817814,0,13,2.73099E+11,4.056998259086248,0.3181818181818182,5.019760451,4.323863636363637,0.016603774,-0.011836579,5.98702E+11,-0.218948677,64.91228070175438
2024-09-30,1,1,2600,2630,2582,2582,78462140,-45183327,66,0,20680000,2.02825E+11,3372473118.451455,0,4,2585.0056220617994,0,4,276461518145.0333,0.7336466730700537,0.375,7.346459802763892,3.7916666666666665,0.003076923,-0.014296754,83293177463,0.6514362752284435,56.13682092555332
2024-10-01,0,0,2560,2560,2560,2560,1967204,0,151,0,0,5036042240,122060309.07328722,0,14,2560,0,3,2.72139E+11,0.018505379343258896,1,0,inf,0,0,1893529600,0,52.56916996047431
2024-10-02,0,0,2559,2559,2559,2559,6193027,0,139,0,0,15847956093,730211381.9086123,0,14,2559,0,3,2.70376E+11,0.058614418,1,0,inf,0,0,12800962470,0,50.20661157024794
2024-10-05,0,0,2556,2556,2556,2556,1740645,0,152,0,0,4449088620,155994708.76113263,0,14,2556,0,3,267546405319.63333,0.016629222,1,0,inf,0,0,450648360,0,56.12009237875288
2024-10-06,0,0,2555,2555,2555,2555,555823,0,171,0,0,1420127765,27281806.20189715,0,14,2555,0,3,257211050124.53333,0.005521255,1,0,inf,0,0,290986395,0,63.28125000000001
2024-10-07,0,0,2555,2555,2555,2555,11696382,0,111,0,0,29884256010,781638653.3450083,0,0,2555,0,0,251192939575.66666,0.11896933114633976,1,0,inf,0,0,14615021575,0,61.15702479338843
2024-10-08,0,0,2549,2570,2549,2549,193453422,47925071,52,0,54285558,4.93239E+11,9205099406.422073,0,15,2549.6513397007784,0,7,262432530413.53333,1.8794879422713682,0,0.6221586129862007,10.238095238095237,0.002348337,-0.001960784,2.76904E+11,0.058457031,48.6013986
2024-10-09,0,0,2525,2550,2525,2527,220257069,348065581,7,0,355469880,5.56417E+11,7166561582.701105,6,12,2526.2148708925206,0,25,275238523826.63336,2.021579956872151,0.08,5.174327147203777,9,0.008637613,-0.009105305,92720142109,0.12440936661729902,44.590163934426236
2024-10-12,0,0,2521,2582,2502,2552,101599256,-4513657,0,0,19885824,2.58739E+11,1282727863.483414,3,7,2546.6657723064427,0,21,2.73419E+11,0.94631177,0.3875,16.36420538996988,2.721875,0.012114107,-0.013064133,37401834676,0.17516503539745204,53.666666666666664
2024-10-13,0,0,2553,2570,2475,2486,137529743,-71764300,0,0,29648061,3.44829E+11,1937059255.3165977,0,3,2507.3062692627877,1,20,278929300935.76666,1.236260176600841,0.7052631578947368,20.78178128448415,2.3421052631578947,0.009508716,-0.011848341,41156414259,0.5010483528298785,24.354243542435427
2024-10-14,1,5,2475,2500,2432,2432,45064862,-19956607,74,0,9363320,1.09781E+11,1458747267.0364277,0,7,2436.0716286227616,1,6,272570962667.43332,0.4027620209124962,0.6323529411764706,8.555055373,3.301470588235294,0,-0.015497553,49619759625,0.6767062930000594,12.794612794612789
2024-10-15,1,4,2367,2367,2367,2367,39896673,0,57,0,0,94435424991,1330590368.5714738,0,14,2367,0,3,270919626567.43332,0.3485735831969875,1,0,inf,0,0,31679487738,0,11.764705882352942
2024-10-16,1,3,2308,2377,2308,2308,153372036,193106314,4,0,349250822,3.55501E+11,4087068807,13,19,2317.897700484331,0,14,269736036969.93332,1.3179577099022428,0,14.144778367634046,3.217391304347826,0.011406844106463879,-0.015879828,50150486381,0.5574214451308326,10.133333333333326
2024-10-19,1,2,2249,2288,2249,2249,104891404,506218056,20,0,643486809,2.36256E+11,4612854086.526635,0,9,2252.3837406638204,0,3,2.63162E+11,0.8977563029982633,0,4.640409646360061,6.070512821,0.005298013,-0.01289462,71905397095,0.6567631326667906,5.9382422802850385
2024-10-20,1,1,2185,2185,2185,2185,25714602,0,38,0,0,56186405370,952257438.8320785,0,14,2185,0,3,2.55971E+11,0.21950284838399828,1,0,inf,0,0,11313173990,0,5.592841163310965
2024-10-21,0,0,2153,2185,2153,2168,204781358,101486764,56,0,75766900,4.42077E+11,9269875766,6,16,2158.7741169193732,0,18,264057160367.23334,1.6741704510613868,0.46875,9.555273839370416,7.1796875,0.013290559120073327,-0.007424594,170193235886.99997,-0.136619017,5.656108597285069
2024-10-22,0,0,2120,2159,2095,2095,71584284,13172530,85,0,123617715,1.50455E+11,1985166650.6478717,1,18,2101.7881236473636,1,6,2.56158E+11,0.5873525276908814,0.390625,11.758534564753424,3.58984375,0.018990273274664196,-0.02907531,50525201111,0.7390160091273166,4.8638132295719885
2024-10-23,0,0,2043,2088,2039,2052,299577557,-119483740,7,0,219609819,6.13364E+11,7992793534.508434,6,17,2047.431089949772,0,15,269427584802.76666,2.276546421562628,0.1836734693877551,9.284350110985978,4.688775510204081,0.012999518536350506,-0.016625917,1.17103E+11,0.10840715149869552,4.512635379061379
2024-10-26,0,0,2108,2108,2108,2108,35648601,0,33,0,0,75147250908,1515932875.0298355,7,0,2108,0,3,264311026491.03333,0.2843137189758875,1,0,inf,0,0,22514300064,0,13.300492610837438
2024-10-27,0,0,2146,2146,2146,2146,58959007,0,48,0,0,1.26526E+11,2753639676.6821847,0,0,2146,0,3,2.5948E+11,0.4876134884647407,1,0,inf,0,0,78800270184,0,18.392581143740344
2024-10-28,0,0,2210,2210,2170,2210,333475586,-243199178,15,0,27703753,7.36156E+11,11987349068.924856,6,4,2207.5255822955505,1,3,2.78817E+11,2.6402875628831546,0,5.654237639233735,5.1375,0.011312217194570135,-0.017027151,1.16127E+11,0.2445563329689922,25.95744680851064
2024-10-29,0,0,2220,2220,2142,2142,169869353,-206637123,5,0,159381268,3.67104E+11,2720246046.140703,2,24,2161.0940864594922,3,11,282485419667.43335,1.2995490339685023,1,20.80623537293965,2.6346153846153846,0.015123739688359304,-0.022201665,55290555586,0.5920952621399521,24.367509986684425
2024-10-30,0,0,2161,2225,2097,2210,208097881,231522399,3,0,106061067,4.5533E+11,4923246910.971188,17,3,2188.0550620743707,2,19,284706622926.6667,1.5992940987757827,0.3828125,35.629547592610884,1.37109375,0.02960222,-0.016462841,99890405472,0.4489458612615549,28.46347607052897
2024-11-02,0,0,2235,2253,2222,2235,325640341,-398415981,3,0,159373098,7.33181E+11,8027069524.777492,2,3,2251.5062198912265,0,10,2.99555E+11,2.4475685757011534,0,4.463367005035893,5.330645161290323,0.012427873945849977,-0.01258427,1.80905E+11,0.13503397975507966,33.33333333333333
2024-11-03,0,0,2185,2200,2185,2185,27696098,-13958852,68,0,0,60520598460,2268945674.7069964,0,14,2185.166966841322,0,3,2.94438E+11,0.20554646690786565,0,0,11.016666666666667,0,0,3013943115,0,33.51134846
2024-11-04,0,0,2152,2246,2152,2232,213377123,97289385,1,0,109170249,4.6555E+11,5936342824.990167,9,9,2181.8175011620156,3,27,295800417859.26666,1.5738650563046037,0.85106383,23.740983346759812,1.7579787234042554,0.022962629,-0.022099448,55804846456,-0.55216726,40.76607387140902
2024-11-05,0,0,2246,2247,2234,2247,227445584,-27533708,5,0,28104466,5.10903E+11,6539502147.0715885,10,5,2246.266358743637,0,15,300550792864.3333,1.6998902545388341,0.076923077,2.734174831148991,11.51923076923077,0.004450378,-0.004470273,1.54454E+11,-0.018320918,45.56040756914119
2024-11-06,0,0,2222,2313,2179,2270,348136147,256010301,0,0,404091083,7.82734E+11,7250803229.044791,27,16,2248.3572499238353,2,36,313197531675.43335,2.4991717715040864,0.3582089552238806,52.07372833740037,0.9701492537313433,0.030144168,-0.025240936,113188275033.00002,-0.031854812,51.61290322580645
2024-11-09,0,0,2315,2315,2275,2315,46483361,-65051910,36,0,14686570,1.07569E+11,2665243528.783579,8,0,2314.1426306286244,0,3,316647543466.36664,0.339712496,0,0.3450327796713199,1.85,0.002159827,0,13819480470,0.5101279821264132,60.284810126582286
2024-11-10,0,0,2374,2374,2374,2374,40509460,0,49,0,0,96169458040,1391816784.7301347,0,0,2374,0,3,282921089844.76666,0.3399161868518403,1,0,inf,0,0,19502801710,0,65.28189910979228
2024-11-11,1,5,2427,2427,2427,2427,408558024,0,10,0,0,9.9157E+11,13826683673.897308,0,0,2427,0,3,309212598219.06665,3.206759135814725,1,0,inf,0,0,4.55713E+11,0,75.382263
2024-11-12,1,4,2437,2499,2423,2499,373021248,459516896,8,0,567535800,9.30867E+11,15252084576.54542,0,1,2495.4796085154912,0,7,340073627408.63336,2.7372511212357784,0.8157894736842105,7.678319870619068,0.22039473684210525,0.028811524609843937,-0.00766129,3.41987E+11,0.5004476078747423,82.72327964860908
2024-11-13,1,3,2520,2569,2512,2569,118783674,531207633,19,0,340021290,3.04631E+11,5225546665.650948,0,0,2564.5855901544182,0,5,349699725495.06665,0.8711213549130954,0.8596491228070176,3.6842852252947678,0.14473684210526316,0.015181004,0,53245995719,0.3562569897547188,83.07030129
2024-11-16,1,2,2641,2641,2641,2641,59421026,0,32,0,0,1.56931E+11,2579318587.432353,0,0,2641,0,3,354782453529.93335,0.44233001971942104,1,0,inf,0,0,33560026838,0,83.85772913816689
2024-11-17,1,1,2720,2720,2687,2720,1148934725,-323028061,4,0,108907940,3.12418E+12,41927935058.80644,0,4,2719.1999359511046,1,15,458874556958.8333,6.808360113355071,0,4.830602775178687,0.8787878787878788,0.011405445180279618,-0.012281355,1.16657E+12,-0.107155194,84.18230563
2024-11-19,1,4,2905,2992,2833,2839,1996081659,-5119446256,78,0,1128674836,5.78054E+12,158253461239.10233,2,12,2895.9450084757277,3,9,650563172321.5333,8.885444124147307,0.41509433962264153,28.529821151194472,0.12421383647798742,0.029077540106951873,-0.023605884,2.65585E+12,0.16457408284462186,93.72647427854454
2024-11-20,1,3,2864,2982,2839,2960,1225347358,1040861123,0,0,649308660,3.57819E+12,26819928880.480297,10,12,2920.146045750074,1,24,753394987840.2667,4.749425334500156,0.6713286713286714,37.73911839442449,0.090909091,0.028504359490274984,-0.013610071,8.64432E+11,-0.311281385,94.11764705882354
2024-11-23,1,2,2969,3007,2923,2960,658860124,-104791146,0,0,249872634,1.96129E+12,14133584270.987528,13,22,2976.7925933244064,4,25,800224096308.0333,2.450925867152385,0.10714285714285714,23.572135424407833,0.16071428571428573,0.015630196208846026,-0.012121212,4.18929E+11,0.084719068,93.93939393939394
2024-11-24,1,1,2988,3066,2988,3066,544431727,838847025,2,0,400613499,1.66603E+12,17426438891.419647,6,3,3060.1297134580846,0,5,8.47134E+11,1.966668810811489,1,10.545768707853757,0.12179487179487179,0.024151436031331592,-0.001306336,4.0552E+11,0.6829381531020862,
2024-11-25,1,2,3150,3151,3131,3151,161032216,73774409,8,0,98556450,5.07324E+11,11374350864.765997,0,0,3150.4528954069665,0,3,852550349018.4333,0.5950668036616227,0.05,0.21790443368416149,1.325,0.000952079,0,57586667680,0.6708647916312224,
2024-11-26,1,1,3244,3244,3126,3158,1167622886,-5594650809,0,0,1667600376,3.75684E+12,43222285350.05272,10,8,3217.508361119088,2,23,974118854570.8667,3.8566509422446376,0.7288135593220338,34.166192140034205,0.2245762711864407,0.019420469,-0.02205419,1.2295E+12,0.084291464,
2024-11-27,1,1,3245,3314,3220,3314,898160309,804123050,0,0,376512000,2.96248E+12,22650778797.57512,23,3,3298.388989071883,0,13,1.06972E+12,2.7693984776277722,0.7340425531914894,27.648479007590048,0.28191489361702127,0.024147298520977967,-0.020634432,5.45043E+11,0.381126411,
2024-11-30,0,0,3396,3396,3200,3255,1124003931,-2896507717,0,0,1502211424,3.73092E+12,41059637896.958275,19,19,3319.311214,2,31,1.18223E+12,3.1558200440127986,0.7193877551020408,56.35876052892974,0.13520408163265307,0.018004272200183094,-0.031078611,3.42774E+11,0.6603885387168839,94.42344045
2024-12-01,0,0,3239,3418,3225,3313,779477066,2117199376,0,0,585778440,2.60048E+12,22261623110.860687,16,32,3336.1905337276467,3,29,1.26104E+12,2.0621708822718268,0.38341968911917096,38.67410648,0.15284974093264247,0.045640726,-0.023673959,7.6266E+11,-0.037467013,94.41816461684012
2024-12-02,0,0,3436,3436,3428,3436,659778943,-650404496,1,0,201330264,2.26694E+12,38165130322.945015,15,0,3435.9147706916133,0,4,1334733885851.1667,1.698424112608303,0,0.6474972410347558,5.875,0.001746217,0,2.9567E+11,0.6129572497875793,94.76486246672582
2024-12-03,0,0,3539,3539,3428,3505,1165874002,-250823913,0,0,224780886,4.10639E+12,28058746917.16933,26,7,3522.1556596310484,1,18,1.45688E+12,2.8186235856198754,0.3063063063063063,23.57749930455707,0.7004504504504504,0.020524515393386546,-0.018044237,5.78214E+11,-0.396542533,94.75088968
2024-12-04,0,0,3480,3626,3455,3554,789181727,349809571,0,0,332679594,2.80407E+12,11039650859.670753,8,18,3553.138162040845,1,26,1.54533E+12,1.8145437609235313,0.4327485380116959,36.79500397,0.4546783625730994,0.021067415730337078,-0.020995111,3.07317E+11,0.599823228,94.65095194922938
2024-12-07,0,0,3500,3544,3447,3447,700302234,-778265301,3,0,288637888,2.41884E+12,38911662959.25705,0,11,3453.9922127379646,1,4,1605514012220.0667,1.5065819696299552,0.5463917525773195,15.175099371024722,1.0309278350515463,0.000869565,-0.026979983,9.62359E+11,0.6907670565895567,85.41300527240773
2024-12-08,0,0,3351,3440,3351,3405,1126981594,588257784,0,0,963660132,3.79137E+12,41642201261.38867,4,20,3364.1819734253795,0,24,1729388142620.3667,2.192319392899456,0.6067415730337079,21.168236478010304,1.3286516853932584,0.022462077012835473,-0.013333333,1.38093E+12,-0.201714018,81.10808356039963
2024-12-09,0,0,3462,3464,3416,3464,521469890,-11053394,0,0,92843168,1.80599E+12,9958283229.688007,4,0,3463.2765927156406,0,4,1785370423781.0667,1.0115516868584928,0.041666666666666664,3.357678243934913,2.4635416666666665,0.009815242,-0.000288767,2.30295E+11,0.6591094726024392,80.01921229586935
2024-12-10,0,0,3538,3538,3360,3360,771703244,-184991822,0,0,544949340,2.62418E+12,14570865999,2,44,3400.5092910662947,1,20,1848304695914.4666,1.4197789233390763,1,46.77000755552799,0.6643258426966292,0.025229358,-0.028806584,3.88574E+11,0.095722565,69.53125
2024-12-14,1,5,3553,3558,3506,3558,336540993,-16913531,0,0,177022635,1.19709E+12,16523991626.86451,11,0,3557.0368810969785,0,4,1.87597E+12,0.6381169060210828,0.096153846,1.2969020345491133,2.3701923076923075,0.005059022,0,1.24616E+11,0.6474153972769241,74.46808510638297
2024-12-15,1,4,3660,3663,3476,3499,826673391,-1952317879,0,0,365011080,2.94596E+12,18943268766.26928,14,16,3563.6289750881797,1,18,1958991785815.6667,1.5038129666661106,0.8609625668449198,50.02248207247248,0.6457219251336899,0.021073335206518686,-0.026471417,2.45107E+11,-0.758104552,68.42553191489361
2024-12-16,1,3,3513,3554,3458,3458,665319916,-359309633,0,0,129190292,2.31761E+12,16233875252.361824,8,13,3483.459071722723,3,16,2011806233941.6333,1.152006916912277,0.5729166666666666,28.738311442100358,1.1015625,0.015375854214123007,-0.014281634,3.22764E+11,-0.129733333,63.57206012378426
2024-12-17,1,2,3400,3458,3379,3379,460441557,-77780055,11,0,81453476,1.5597E+12,14983337631.014486,4,25,3387.3977509462725,0,16,2.06178E+12,0.7564820564276271,0.26582278481012656,15.88625839339211,1.3322784810126582,0.022845575477154424,-0.015685114,2.18014E+11,0.23874428572445344,59.185369908561924
2024-12-18,1,1,3310,3455,3286,3450,593214392,754772704,0,0,659106283,1.99326E+12,12148714464.689621,35,18,3360.105852940938,3,24,2.1127E+12,0.9434660327618398,0.8284023668639053,42.36932223730875,0.5355029585798816,0.027433628,-0.032836728,2.25348E+11,0.336370255,56.082289803220036
2024-12-21,1,5,3460,3460,3460,3460,482455531,0,65,0,0,1.6693E+12,39132287255,4,0,3460,0,0,2.15132E+12,0.7759419664655719,1,0,inf,0,0,7.19454E+11,0,59.58840037418148
2024-12-23,1,4,3430,3584,3396,3584,988222406,1531502222,0,0,508583556,3.52692E+12,39785177391.046684,9,6,3568.9493451831327,1,14,2.24279E+12,1.5725583782600143,0.8191489361702128,37.894495644912546,0.24202127659574468,0.030064624894633324,-0.015186246,1.02477E+12,0.7969554320680697,61.93832599118943
2024-12-24,1,3,3676,3676,3637,3676,1318989950,-5406036827,1,0,355043300,4.84637E+12,69005227146,4,7,3674.305587960697,0,14,2400748513078.433,2.018692135951629,0,5.726668913260445,0.717948718,0.008174387,-0.00989011,1.51155E+12,-0.0999446,60.869565217391305
2024-12-25,1,2,3750,3784,3602,3784,2207455463,1216385746,0,0,692570857,8.31851E+12,53823424479.88852,23,4,3768.3723663941482,2,21,2.67483E+12,3.1099264337371313,0.18681318681318682,42.62800165858616,0.026098901,0.038054968,-0.026170799,1.48048E+12,-0.478315435,62.204724409448815
2024-12-28,1,1,3785,3881,3710,3745,1517041578,1283586992,0,0,525040240,5.79895E+12,43199076978.13483,6,15,3822.5416469033653,5,28,2.83507E+12,2.0454341015424613,0.23391812865497075,39.79808029617583,0.2046783625730994,0.031258073,-0.016570226,1.51316E+12,0.4779189043593467,58.42894969108561
2024-12-29,1,3,3790,3884,3709,3709,1050745874,-2145126008,91,0,1841843880,3.93917E+12,58531894788.448784,1,24,3748.9285311864096,3,8,2935349621900.2334,1.3419768318824423,0.46285714285714286,31.51669226126634,0.2,0.043579165,-0.045564842,1.18793E+12,0.45055911607712595,62.335216572504706
2024-12-30,1,2,3680,3779,3637,3637,975281256,540270024,0,0,307711278,3.5931E+12,23276082082.41711,6,36,3684.1669188472542,3,23,3044965223274.933,1.1800131287090814,0.3028169014084507,48.51912382843541,0.4154929577464789,0.022727272727272728,-0.027220236,3.17157E+11,-0.148978433,60.62271062271062
2024-12-31,1,1,3640,3720,3574,3610,965018029,-726559004,1,0,259199700,3.46505E+12,45885516076,3,34,3590.658180353022,1,20,3.15524E+12,1.0981904489255006,0.2054794520547945,41.18470031,0.5736301369863014,0.023173391,-0.032176833,8.86539E+11,-0.508709938,56.88679245283018
2025-01-01,1,3,3650,3682,3508,3629,435867172,328518226,0,0,433160708,1.57735E+12,5378112622.540372,36,17,3618.8878143523048,2,23,3103674893846.467,0.5082215281485694,0.1206896551724138,30.370681740947866,0.5517241379310345,0.020345596432552956,-0.023044097,1.68004E+11,0.37019219294582933,63.794871794871796
2025-01-04,1,2,3670,3727,3655,3683,607165313,134431942,0,0,170803948,2.25049E+12,15486230893.445978,15,12,3706.550369059044,0,34,2986006430449.433,0.7536784891120519,0.18055555555555555,22.97431624899183,1.3333333333333333,0.017976925140863964,-0.01038819,4.03623E+11,0.021696902483495845,57.52105896510229
2025-01-05,1,1,3703,3818,3602,3700,726091104,1355706351,0,0,830263008,2.72163E+12,28304741948.612236,9,23,3748.3292099044916,2,29,2957454272184.1333,0.9202605496804616,0.013888888888888888,39.824435000998825,0.5474537037037037,0.028662420382165606,-0.026424443,8.84442E+11,0.4250760011923243,62.73764258555133
2025-01-06,1,2,3799,3799,3671,3761,307356200,-337524094,66,0,185642232,1.14724E+12,7463678725.459533,14,6,3732.617125,1,22,2930319374799.067,0.3915078422762935,0.296875,30.852549540828488,1.17578125,0.017590618336886993,-0.016277808,2.04789E+11,-0.715334211,68.72682323856613
2025-01-07,1,1,3760,3844,3733,3820,492797339,80085990,0,0,169498948,1.86767E+12,10214198645.90885,18,8,3789.9426057696305,0,24,2937040772343.8667,0.6359032018460975,0.5405405405405406,26.550508574830005,1.4594594594594594,0.015449070437287249,-0.009333333,3.04576E+11,-0.074747464,77.94676806
2025-01-11,0,0,3840,3841,3677,3677,448068131,-2004230907,133,0,149093997,1.68147E+12,17075067890.190405,0,21,3752.706200426024,1,10,2976178893752.7334,0.564975465,0.9939024390243902,51.84583769510019,1.298780487804878,0.004763165,-0.019147789,5.17415E+11,0.5346193892923002,63.18234610917538
2025-01-12,0,0,3689,3694,3640,3640,485372769,-3042509,0,0,92878700,1.76844E+12,30719635959.863785,0,25,3643.468282317255,1,16,2909899023439.8335,0.6077325277292617,0.9074074074074074,8.371610882190735,3.9722222222222223,0.009785268,-0.013461538,7.04277E+11,0.4148237907373033,60.135135135135144
2025-01-13,0,0,3617,3704,3580,3617,377100608,494885193,0,0,168437225,1.37448E+12,5536074826.829152,4,15,3644.8713490088035,0,22,2856965727712.033,0.48109894650144736,0,30.062297661946133,1.8991935483870968,0.016986301369863014,-0.022284123,1.38644E+11,-0.123526254,52.09656925031766
2025-01-15,0,0,3660,3702,3575,3577,323348412,1155624795,0,0,485511404,1.17021E+12,6402317434.245593,3,38,3619.0401482627353,1,17,2771608795438.2334,0.4222135846989084,0.6535433070866141,29.428443515838435,1.9822834645669292,0.016164383561643837,-0.017847183,1.43187E+11,0.6012396630476416,43.26530612244898
2025-01-18,0,0,3560,3630,3511,3511,239813119,250009677,9,0,892523632,8.46973E+11,9515557211,0,16,3531.805876262341,3,4,2713158441239.6333,0.312172474,0.4117647058823529,20.26446753,2.4054621848739495,0.006666667,-0.020022561,2.21552E+11,0.8524945084500261,30.303030303030297
2025-01-19,1,5,3433,3566,3427,3530,492233951,1374867799,0,0,402567240,1.70748E+12,10184222108.17711,19,22,3468.8408529280828,2,29,2694509675332.3667,0.6336890359157397,0.697841727,29.620911618376695,2.158273381294964,0.020857143,-0.018028497,1.78972E+11,0.17457657392070092,34.026745913818715
2025-01-20,1,4,3564,3573,3365,3365,560126832,-572674897,0,0,161787114,1.93386E+12,12988134809.272112,1,33,3452.534757322606,1,15,2622091930046.6333,0.737524621,0.9567307692307693,73.83718286835548,1.53125,0.012034704729918836,-0.016934046,3.15402E+11,0.9383410212041172,28.553615960099748
2025-01-21,1,3,3389,3530,3350,3500,597326795,2280748736,0,0,821714335,2.04696E+12,9239277078.669285,8,4,3426.873051365459,2,18,2596854976235.1333,0.7882469815898787,0.6166666666666667,42.97325756561751,1.7694444444444444,0.024878467257649414,-0.017910448,2.36741E+11,0.3957887542932213,42.08092485549133
2025-01-22,1,2,3500,3520,3455,3461,279869018,-187090176,0,0,41158496,9.73778E+11,4045046048.579383,7,4,3479.4077129502057,1,16,2548686308136.6665,0.3820707227626319,0.6,12.791440946767732,5.1,0.006863025,-0.007488479,1.5111E+11,-0.618846184,41.50513112884835
2025-01-25,1,1,3451,3480,3375,3403,665210104,-697686876,0,0,507249242,2.27757E+12,15306656123.394878,18,5,3423.8348209109586,1,27,2498226253282.6665,0.9116746388779944,0.45714285714285713,24.693574794585707,3.4571428571428573,0.018313953488372094,-0.023056459,5.58334E+11,-0.266557876,37.66375545851528
2025-01-26,0,0,3500,3526,3452,3518,880523036,26776647,0,0,726786288,3.0937E+12,38443612740.31447,19,20,3513.4783554748474,1,28,2541149725437.3335,1.2174405142343876,0.24324324324324326,21.984729781970376,5.22972973,0.013613159387407828,-0.008583691,1.01596E+12,0.7348619669493899,41.55578300921187
2025-01-27,1,5,3499,3575,3416,3442,305002729,13525035,0,0,434364910,1.06388E+12,5613690457.719572,5,8,3488.098964635821,3,23,2489139580506.2666,0.4274086160405747,0.3584905660377358,34.68740758774556,2.589622641509434,0.026057719,-0.020449309,1.25262E+11,-0.36976502,37.54826254826255
2025-01-29,1,4,3500,3520,3414,3430,271419318,230905443,0,0,407209228,9.35558E+11,4312464558.525215,8,24,3446.9096680067555,1,21,2.48042E+12,0.377176914,0.660377358,19.746026996263694,3.8466981132075473,0.021191294387170677,-0.016821346,92831018393,0.5942471100199846,33.232016210739616
2025-02-01,1,3,3440,3477,3344,3407,427390698,2000666311,1,0,1630848508,1.43918E+12,22624151275.61316,5,36,3367.356126917858,1,16,2.4302E+12,0.5922060461308014,0.24812030075187969,25.697634098655996,3.0657894736842106,0.014361078546307152,-0.023738872,3.24031E+11,0.1572269593496485,28.28601472134595
2025-02-02,1,2,3414,3441,3360,3378,229316919,1170708842,0,0,903791329,7.76668E+11,5718235133,2,24,3386.8773865656203,1,15,2378830986303.6665,0.32649158001965567,0.4444444444444444,14.000475205944142,5.308641975308642,0.01059135,-0.01179593,1.03218E+11,-0.629188028,32.13859020310633
2025-02-03,1,1,3412,3465,3370,3455,427063567,928451959,0,0,317793996,1.45834E+12,6447746753.236622,7,0,3414.8092595709527,2,25,2375452383916.7666,0.6139212189184841,0.45263157894736844,25.15582061879051,4.865789474,0.014534883720930232,-0.012448133,1.56455E+11,-0.492654203,39.45267959
2025-02-09,0,0,3517,3517,3486,3517,793926952,-647653427,53,0,419780925,2.79093E+12,38936086680.50645,11,2,3515.345113273091,0,6,2.40204E+12,1.1618981583588799,0,4.185766658018554,15.28225806451613,0.006545248,-0.007447723,1.15438E+12,-0.031733072,44.54148472
2025-02-11,0,0,3559,3620,3410,3410,978852828,1897018048,0,0,1643106927,3.40713E+12,27207118191.695328,5,56,3480.740237151361,3,10,2459969062843.7666,1.3850305990150527,0.7095238095238096,61.409564105943524,2.4297619047619046,0.021745350500715306,-0.020791797,3.59595E+11,0.8705058222009031,41.505595116988815
2025-02-15,0,0,3378,3378,3377,3377,439918209,0,10,0,0,1.48566E+12,43403430637.50854,0,15,3377.1238489834823,0,3,2391927148391.3335,0.6211135135178195,1,0.069006556,511.75,0,-0.000296121,6.77851E+11,0.6628013284933236,42.94736842105263
2025-02-16,0,0,3278,3340,3276,3315,658924108,538317414,2,0,272788124,2.1602E+12,50100766569.570984,4,22,3278.3687659854145,0,20,2302387950760.433,0.9382416260945641,0.578125,9.793055788279963,8.32421875,0.018862275449101795,-0.009063444,7.96854E+11,-0.07143131,39.17421954
2025-02-17,0,0,3350,3376,3270,3340,577442995,407620584,0,0,197578320,1.94141E+12,21730493325.93591,14,17,3362.0824253258106,1,27,2.08982E+12,0.9289857253710944,0.094339623,27.813200820746562,5.179245283018868,0.019845971563981043,-0.019015998,5.82621E+11,0.13601563394355354,48.53458382
2025-02-18,0,0,3330,3409,3310,3365,203036825,48053154,0,0,54796948,6.81804E+11,2846238077.821638,5,11,3358.0308292645927,0,17,1919246153565.0667,0.3552456867294096,0.35353535353535354,18.25979014677185,6.171717171717172,0.020863943579194827,-0.011583012,87425704309,-0.099195807,40.915208613728126
2025-02-19,0,0,3389,3420,3309,3369,327091505,1238208718,0,0,359305440,1.10115E+12,8629238302.393997,3,19,3366.4759858529496,1,16,1824645303921.5334,0.603484795,0.18018018018018017,18.101056163161356,5.504504504504505,0.017804154302670624,-0.014501511,2.60779E+11,-0.403713624,43.502824858757066
2025-02-22,1,5,3312,3370,3266,3272,585617835,291601072,0,0,637409507,1.93127E+12,12918478662.387339,7,55,3297.8313738805446,3,28,1.76925E+12,1.0915742899337333,0.38461538461538464,18.32147548334966,6.322115384615385,0.018733274,-0.011635028,3.26744E+11,0.031876762,41.231593038821956
2025-02-23,1,4,3396,3396,3396,3396,38772077,0,11,0,0,1.3167E+11,2505569755.9114003,13,0,3396,0,3,1658138304685.3667,0.079408318,1,0,inf,0,0,15902911056,0,41.93121693121693
2025-02-24,1,3,3497,3497,3497,3497,26065326,0,12,0,0,91150445022,3496456899.2328315,0,0,3497,0,3,1608598172938.5334,0.056664521,1,0,inf,0,0,7810070411,0,53.52112676056338
2025-02-25,1,2,3574,3574,3574,3574,76421707,0,7,0,0,2.73131E+11,4268101426.7306085,0,0,3574,0,3,1.54269E+12,0.17704907948673754,1,0,inf,0,0,49920649150,0,58.51063829787234
2025-02-26,1,1,3681,3681,3670,3681,1165888606,0,0,0,0,4.29162E+12,81122417231,0,0,3680.9855918722305,0,3,1595019274007.7666,2.6906378062946863,0,0,58.18181818181818,0,0,4.62425E+11,0,64.73118279569893
2025-03-01,0,0,3740,3791,3702,3791,916103977,-1217806742,1,0,411782688,3.46294E+12,32916826195.583595,7,3,3780.071567172118,0,5,1672209126688.5334,2.070876507466885,0.5730337078651685,12.912012736577841,7.191011235955056,0.018728567660247955,-0.001056245,8.6932E+11,0.5054422508801746,70.42532146389713
2025-03-02,0,0,3840,3893,3798,3893,493022057,440477962,0,0,386229340,1.9163E+12,24410693358.069813,15,0,3886.8347121313477,2,6,1673829847152.1333,1.1448566580733395,0.5578947368421052,8.911882237868845,6.7368421052631575,0.023889032,0,4.7415E+11,0.4015304464074745,71.13899613899613
2025-03-03,0,0,3771,3849,3771,3819,1216838307,2003077402,0,0,1082288192,4.59912E+12,69718876181.49475,0,18,3779.561899647691,0,10,1771084768810.5334,2.596778982102467,0.6153846153846154,22.90203014439025,8.21474359,0.015404699738903394,-0.01530343,1.82584E+12,-0.439169848,64.40839694656489
2025-03-04,0,0,3893,3893,3775,3780,955208601,-794375822,0,0,279347460,3.70101E+12,32269910543.450523,15,10,3874.558748562818,1,19,1835503820569.0334,2.0163465748383085,0.9576271186440678,30.68644146,5.0190677966101696,0.008224107,-0.022327292,8.391E+11,0.6729722232237961,68.87755102040816
2025-03-05,0,0,3845,3991,3807,3991,870823601,1864417177,0,0,473460264,3.44802E+12,36709968836.64429,13,7,3959.494013423047,1,14,1904621741672.8333,1.8103441536263238,0.7934782608695652,57.68501868530929,3.1345108695652173,0.033182503770739065,-0.017069328,9.15129E+11,-0.27675822,76.51122625215889
2025-03-08,0,0,4077,4077,3911,3920,1752257636,-16481729748,0,0,1393877373,7.04854E+12,92818960285.15402,7,26,4022.5451075095216,3,27,2.10057E+12,3.355541194489848,0.9457831325301205,36.299206277762565,3.4518072289156625,0.018886679920477135,-0.024514811,2.50038E+12,0.8236352352366701,75.92116538131962