event_id,raceId,driverId,constructorId,circuitId,year,round,race_name,constructor_name,circuit_name,pit_lap,stop_number,stop_duration_ms,race_total_laps,grid_position,current_position,driver_champ_points,constructor_champ_points,lap_time_delta_ms,laps_since_last_pit,laps_remaining,approx_gap_ahead_s,approx_gap_behind_s,safety_car_likely,recent_pace_delta_ms,position_change_from_grid,same_lap_pitters,pit_window_density,stint_extension_laps,race_progress,stint_fraction,pressure_index,strategy
1000_154_1,1000,154,210,11,2018,12,Hungarian Grand Prix,Haas F1 Team,Hungaroring,29,1,21733,70,10,8,20.0,59.0,3099,29.0,41,11.801,2.542,0,160.0,2,0,0,14.0,0.4142857142857143,0.4142857142857143,0.3604452662440659,Standard
1000_1_1,1000,1,131,11,2018,12,Hungarian Grand Prix,Mercedes,Hungaroring,25,1,21480,70,1,1,188.0,310.0,2778,25.0,45,,4.579,0,1098.0,0,0,2,10.0,0.35714285714285715,0.35714285714285715,,Standard
1000_20_1,1000,20,6,11,2018,12,Hungarian Grand Prix,Ferrari,Hungaroring,39,1,23111,70,4,1,171.0,302.0,2577,39.0,31,,7.816,0,1298.6666666666715,3,0,1,24.0,0.5571428571428572,0.5571428571428572,,Standard
1000_825_1,1000,825,210,11,2018,12,Hungarian Grand Prix,Haas F1 Team,Hungaroring,31,1,25126,70,9,7,39.0,59.0,2998,31.0,39,12.258,10.361,0,473.6666666666715,2,0,1,16.0,0.44285714285714284,0.44285714285714284,0.16344657852913325,Standard
1000_845_1,1000,845,3,11,2018,12,Hungarian Grand Prix,Williams,Hungaroring,31,1,21509,70,20,15,0.0,4.0,2880,31.0,39,11.93,5.083,0,941.6666666666715,5,1,2,16.0,0.44285714285714284,0.44285714285714284,0.2417320899508335,Overcut
1001_154_1,1001,154,210,13,2018,13,Belgian Grand Prix,Haas F1 Team,Circuit de Spa-Francorchamps,1,1,20280,44,5,6,21.0,66.0,0,1.0,43,1.296,1.326,0,,-1,5,5,-8.0,0.022727272727272728,0.022727272727272728,0.8654626836159038,Undercut
1001_839_1,1001,839,10,13,2018,13,Belgian Grand Prix,Force India,Circuit de Spa-Francorchamps,1,1,19582,44,3,4,29.0,59.0,0,1.0,43,0.718,1.683,0,,-1,3,3,-8.0,0.022727272727272728,0.022727272727272728,0.954789284665186,Undercut
1002_832_1,1002,832,4,14,2018,14,Italian Grand Prix,Renault,Autodromo Nazionale di Monza,39,1,25774,53,7,7,30.0,82.0,4924,39.0,14,11.304,0.352,0,309.0,0,1,3,18.5,0.7358490566037735,0.7358490566037735,0.8209193527288957,Overcut
1003_154_1,1003,154,210,15,2018,15,Singapore Grand Prix,Haas F1 Team,Marina Bay Street Circuit,16,1,29517,61,8,14,27.0,76.0,10523,16.0,45,0.972,0.79,0,2037.0,-6,1,5,7.0,0.26229508196721313,0.26229508196721313,1.0657586093578253,Undercut
1003_20_1,1003,20,6,15,2018,15,Singapore Grand Prix,Ferrari,Marina Bay Street Circuit,14,1,28722,61,3,4,226.0,390.0,7645,14.0,47,1.472,0.142,0,1031.0,-1,0,0,5.0,0.22950819672131148,0.22950819672131148,1.2801874868934873,Standard
1003_807_1,1003,807,4,15,2018,15,Singapore Grand Prix,Renault,Marina Bay Street Circuit,15,1,31183,61,10,15,52.0,86.0,8467,15.0,46,1.636,0.661,0,517.0,-5,1,3,6.0,0.2459016393442623,0.2459016393442623,0.9814096303760556,Standard
1003_825_1,1003,825,210,15,2018,15,Singapore Grand Prix,Haas F1 Team,Marina Bay Street Circuit,26,1,29408,61,16,15,49.0,76.0,8814,26.0,35,0.668,0.144,0,102.66666666667152,1,1,1,17.0,0.4262295081967213,0.4262295081967213,1.4736462578189196,Standard
1004_807_1,1004,807,4,71,2018,16,Russian Grand Prix,Renault,Sochi Autodrom,35,1,30625,53,12,7,53.0,91.0,4845,35.0,18,37.389,0.048,0,65.66666666667152,5,0,0,14.0,0.660377358490566,0.660377358490566,0.9802476019390891,Standard
1006_840_1,1006,840,3,69,2018,18,United States Grand Prix,Williams,Circuit of the Americas,1,1,41048,56,15,18,6.0,7.0,0,1.0,55,0.899,12.171,0,,-3,1,1,-14.0,0.017857142857142856,0.017857142857142856,0.6025173229727541,Standard
1007_1_2,1007,1,131,32,2018,19,Mexican Grand Prix,Mercedes,Autódromo Hermanos Rodríguez,47,2,22399,71,3,4,346.0,563.0,6135,36.0,24,5.527,4.708,0,1097.6666666666715,-1,1,1,5.0,0.6619718309859155,0.5070422535211268,0.32840245612290875,Standard
1007_830_2,1007,830,9,32,2018,19,Mexican Grand Prix,Red Bull,Autódromo Hermanos Rodríguez,48,2,22088,71,2,1,191.0,337.0,4002,35.0,23,,22.331,0,696.3333333333285,1,0,2,4.0,0.676056338028169,0.49295774647887325,,Standard
1007_832_1,1007,832,4,32,2018,19,Mexican Grand Prix,Renault,Autódromo Hermanos Rodríguez,11,1,22660,71,8,8,45.0,106.0,5090,11.0,60,0.074,5.329,0,1451.6666666666715,0,2,3,-6.0,0.15492957746478872,0.15492957746478872,1.0891015405130178,Undercut
1007_843_1,1007,843,5,32,2018,19,Mexican Grand Prix,Toro Rosso,Autódromo Hermanos Rodríguez,1,1,22055,71,14,20,4.0,32.0,0,1.0,70,1.756,,0,,-6,1,1,-16.0,0.014084507042253521,0.014084507042253521,,Standard
1007_844_1,1007,844,15,32,2018,19,Mexican Grand Prix,Sauber,Autódromo Hermanos Rodríguez,13,1,22588,71,9,7,21.0,28.0,4994,13.0,58,7.133,6.534,0,2213.0,2,1,8,-4.0,0.18309859154929578,0.18309859154929578,0.2556874755177651,Standard
1008_838_1,1008,838,1,18,2018,20,Brazilian Grand Prix,McLaren,Autódromo José Carlos Pace,28,1,22618,71,20,16,12.0,62.0,3697,28.0,43,2.548,6.228,0,272.0,4,0,1,19.0,0.39436619718309857,0.39436619718309857,0.42019978674938807,Overcut
1008_839_2,1008,839,10,18,2018,20,Brazilian Grand Prix,Force India,Autódromo José Carlos Pace,57,2,31198,71,18,14,49.0,47.0,4702,17.0,14,5.887,13.099,0,124.0,4,0,0,1.0,0.8028169014084507,0.23943661971830985,0.2161281196288195,Standard
1009_815_1,1009,815,10,24,2018,21,Abu Dhabi Grand Prix,Force India,Yas Marina Circuit,26,1,22112,55,14,7,58.0,48.0,2603,26.0,29,0.758,12.801,0,324.0,7,0,0,15.0,0.4727272727272727,0.4727272727272727,0.6412867313781404,Standard
1009_832_1,1009,832,4,24,2018,21,Abu Dhabi Grand Prix,Renault,Yas Marina Circuit,37,1,21964,55,11,6,45.0,114.0,2558,37.0,18,32.052,21.705,0,435.3333333333285,5,0,2,26.0,0.6727272727272727,0.6727272727272727,0.0742985174969231,Standard
1009_842_1,1009,842,5,24,2018,21,Abu Dhabi Grand Prix,Toro Rosso,Yas Marina Circuit,29,1,22493,55,17,7,29.0,33.0,1523,29.0,26,18.044,1.232,0,1011.3333333333285,10,0,1,18.0,0.5272727272727272,0.5272727272727272,0.5005386507307356,Overcut
1009_844_1,1009,844,15,24,2018,21,Abu Dhabi Grand Prix,Sauber,Yas Marina Circuit,7,1,21828,55,8,4,33.0,42.0,25607,7.0,48,4.864,2.758,1,18911.33333333333,4,1,1,-4.0,0.12727272727272726,0.12727272727272726,0.4366310488511276,Standard
1010_154_1,1010,154,210,1,2019,1,Australian Grand Prix,Haas F1 Team,Albert Park Grand Prix Circuit,15,1,29981,58,6,14,0.0,0.0,26449,15.0,43,0.979,4.907,0,422.6666666666715,-8,1,6,-2.0,0.25862068965517243,0.25862068965517243,0.6745963820384907,Standard
1010_842_1,1010,842,9,1,2019,1,Australian Grand Prix,Red Bull,Albert Park Grand Prix Circuit,37,1,21269,58,17,10,0.0,0.0,18763,37.0,21,0.816,5.309,0,996.3333333333285,7,0,0,20.0,0.6379310344827587,0.6379310344827587,0.7091645177890755,Standard
1010_9_3,1010,9,3,1,2019,1,Australian Grand Prix,Williams,Albert Park Grand Prix Circuit,44,3,21889,58,20,17,0.0,0.0,19092,16.0,14,77.018,,0,968.3333333333285,3,0,1,2.0,0.7586206896551724,0.27586206896551724,,Standard
1011_154_1,1011,154,210,3,2019,2,Bahrain Grand Prix,Haas F1 Team,Bahrain International Circuit,1,1,32082,57,11,20,0.0,8.0,0,1.0,56,7.044,,0,,-9,1,1,-12.0,0.017543859649122806,0.017543859649122806,,Standard
1011_1_2,1011,1,131,3,2019,2,Bahrain Grand Prix,Mercedes,Bahrain International Circuit,34,2,24324,57,3,3,18.0,44.0,5513,21.0,23,8.011,7.929,0,2922.6666666666715,0,0,4,3.0,0.5964912280701754,0.3684210526315789,0.22297009867818876,Standard
1011_822_1,1011,822,131,3,2019,2,Bahrain Grand Prix,Mercedes,Bahrain International Circuit,12,1,24865,57,4,4,26.0,44.0,3024,12.0,45,6.918,7.521,0,550.6666666666715,0,0,4,-1.0,0.21052631578947367,0.21052631578947367,0.24365163652707236,Standard
1011_832_1,1011,832,1,3,2019,2,Bahrain Grand Prix,McLaren,Bahrain International Circuit,4,1,45543,57,7,18,0.0,0.0,36468,4.0,53,23.711,21.913,0,1171.6666666666715,-11,0,0,-9.0,0.07017543859649122,0.07017543859649122,0.08411115443066342,Standard
1011_841_1,1011,841,51,3,2019,2,Bahrain Grand Prix,Alfa Romeo,Bahrain International Circuit,16,1,27725,57,16,10,0.0,4.0,4706,16.0,41,2.715,0.294,0,1423.3333333333285,6,0,1,3.0,0.2807017543859649,0.2807017543859649,1.0419765310855984,Undercut
1011_844_2,1011,844,6,3,2019,2,Bahrain Grand Prix,Ferrari,Bahrain International Circuit,36,2,24358,57,1,1,10.0,22.0,6533,23.0,21,,22.047,0,2967.6666666666715,0,0,3,5.0,0.631578947368421,0.40350877192982454,,Standard
1012_830_2,1012,830,9,17,2019,3,Chinese Grand Prix,Red Bull,Shanghai International Circuit,34,2,22365,56,5,5,27.0,31.0,5381,17.0,22,1.658,19.223,0,1053.6666666666715,0,0,1,0.5,0.6071428571428571,0.30357142857142855,0.4256713714320094,Standard
1012_841_1,1012,841,51,17,2019,3,Chinese Grand Prix,Alfa Romeo,Shanghai International Circuit,7,1,25184,56,19,17,0.0,10.0,4709,7.0,49,2.366,0.522,0,354.3333333333285,2,1,1,-4.5,0.125,0.125,0.954118755772926,Undercut
1012_842_3,1012,842,9,17,2019,3,Chinese Grand Prix,Red Bull,Shanghai International Circuit,53,3,22408,56,6,6,4.0,31.0,5807,14.0,3,38.739,31.263,0,1270.3333333333285,0,0,0,5.0,0.9464285714285714,0.25,0.056159454106956545,Standard
1013_154_1,1013,154,210,73,2019,4,Azerbaijan Grand Prix,Haas F1 Team,Baku City Circuit,34,1,20906,51,14,16,0.0,8.0,5084,34.0,17,2.732,36.253,0,477.6666666666715,-2,2,2,22.0,0.6666666666666666,0.6666666666666666,0.29479631599333994,Overcut
1014_1_2,1014,1,131,4,2019,5,Spanish Grand Prix,Mercedes,Circuit de Barcelona-Catalunya,46,2,22511,66,2,1,86.0,173.0,12851,19.0,20,,47.767,1,647.3333333333285,1,0,9,-1.0,0.696969696969697,0.2878787878787879,,Standard
1014_20_2,1014,20,6,4,2019,5,Spanish Grand Prix,Ferrari,Circuit de Barcelona-Catalunya,40,2,21643,66,3,4,52.0,99.0,4623,21.0,26,14.197,0.578,0,288.3333333333285,-1,0,0,1.0,0.6060606060606061,0.3181818181818182,0.6995160224822574,Standard
1014_825_1,1014,825,210,4,2019,5,Spanish Grand Prix,Haas F1 Team,Circuit de Barcelona-Catalunya,23,1,22025,66,8,7,8.0,8.0,4158,23.0,43,3.088,1.038,0,126.66666666667152,1,0,3,8.0,0.3484848484848485,0.3484848484848485,0.7352955297488616,Standard
1014_830_1,1014,830,9,4,2019,5,Spanish Grand Prix,Red Bull,Circuit de Barcelona-Catalunya,20,1,22417,66,4,4,51.0,64.0,4429,20.0,46,0.551,10.928,0,627.6666666666715,0,0,1,5.0,0.30303030303030304,0.30303030303030304,0.7285816770383745,Standard
1014_8_2,1014,8,51,4,2019,5,Spanish Grand Prix,Alfa Romeo,Circuit de Barcelona-Catalunya,45,2,22549,66,14,15,13.0,13.0,32242,17.0,21,24.306,77.315,1,842.3333333333285,-1,6,9,-3.0,0.6818181818181818,0.25757575757575757,0.052285266163773235,Standard
1015_1_1,1015,1,131,6,2019,6,Monaco Grand Prix,Mercedes,Circuit de Monaco,11,1,24266,78,1,1,112.0,217.0,33671,11.0,67,,8.049,1,399.3333333333285,0,0,3,-13.0,0.14102564102564102,0.14102564102564102,,Standard
1015_807_1,1015,807,4,6,2019,6,Monaco Grand Prix,Renault,Circuit de Monaco,9,1,25532,78,11,19,6.0,12.0,28502,9.0,69,13.939,12.466,0,901.0,-8,0,0,-15.0,0.11538461538461539,0.11538461538461539,0.14119998683293344,Standard
1015_815_1,1015,815,211,6,2019,6,Monaco Grand Prix,Racing Point,Circuit de Monaco,11,1,28463,78,16,17,13.0,17.0,44073,11.0,67,14.658,7.25,1,5430.0,-1,6,9,-13.0,0.14102564102564102,0.14102564102564102,0.1850772380852851,Standard
1016_815_1,1016,815,211,7,2019,7,Canadian Grand Prix,Racing Point,Circuit Gilles Villeneuve,11,1,24076,70,15,15,13.0,17.0,16854,11.0,59,3.79,4.946,0,803.3333333333285,0,0,1,-7.5,0.15714285714285714,0.15714285714285714,0.3769485564934796,Standard
1016_822_2,1016,822,131,7,2019,7,Canadian Grand Prix,Mercedes,Circuit Gilles Villeneuve,67,2,23456,70,6,4,120.0,257.0,16392,37.0,3,43.388,6.489,0,344.3333333333285,2,0,0,11.0,0.9571428571428572,0.5285714285714286,0.15605778746138052,Standard
1016_8_2,1016,8,51,7,2019,7,Canadian Grand Prix,Alfa Romeo,Circuit Gilles Villeneuve,58,2,24666,70,16,15,13.0,13.0,18583,52.0,12,2.188,29.327,0,815.0,1,0,0,26.0,0.8285714285714286,0.7428571428571429,0.34665020370392663,Standard
1017_815_1,1017,815,211,34,2019,8,French Grand Prix,Racing Point,Circuit Paul Ricard,18,1,37286,53,14,16,13.0,19.0,26954,18.0,35,5.815,4.022,0,508.3333333333285,-2,1,4,-10.0,0.33962264150943394,0.33962264150943394,0.345858998104598,Standard
1018_817_1,1018,817,4,70,2019,9,Austrian Grand Prix,Renault,Red Bull Ring,46,1,22305,71,12,11,16.0,32.0,4074,46.0,25,0.151,1.028,0,1027.6666666666715,1,0,0,26.0,0.647887323943662,0.647887323943662,1.3619063776117843,Standard
1018_826_1,1018,826,5,70,2019,9,Austrian Grand Prix,Toro Rosso,Red Bull Ring,32,1,25091,71,16,17,10.0,17.0,3519,32.0,39,6.778,22.65,0,530.0,-1,0,2,12.0,0.4507042253521127,0.4507042253521127,0.1708510533042457,Standard
1018_846_1,1018,846,1,70,2019,9,Austrian Grand Prix,McLaren,Red Bull Ring,25,1,21547,71,5,6,14.0,40.0,4914,25.0,46,2.417,4.164,0,344.3333333333285,-1,0,2,5.0,0.352112676056338,0.352112676056338,0.4863027098072312,Standard
1019_1_1,1019,1,131,9,2019,10,British Grand Prix,Mercedes,Silverstone Circuit,20,1,28905,52,2,1,197.0,363.0,7325,20.0,32,,22.181,1,430.3333333333285,1,0,1,1.0,0.38461538461538464,0.38461538461538464,,Standard
1019_817_2,1019,817,4,9,2019,10,British Grand Prix,Renault,Silverstone Circuit,20,2,28381,52,7,8,16.0,32.0,26009,8.0,32,11.318,8.439,1,245.0,-1,4,5,-4.0,0.38461538461538464,0.15384615384615385,0.1871254362769729,Standard
1019_822_2,1019,822,131,9,2019,10,British Grand Prix,Mercedes,Silverstone Circuit,45,2,28177,52,1,2,166.0,363.0,0,29.0,7,3.026,22.155,0,149.66666666667152,-1,0,0,17.0,0.8653846153846154,0.5576923076923077,0.2915727108710248,Standard
1019_844_1,1019,844,6,9,2019,10,British Grand Prix,Ferrari,Silverstone Circuit,13,1,28558,52,3,3,105.0,228.0,0,13.0,39,7.147,0.577,0,741.3333333333285,0,0,3,-6.0,0.25,0.25,0.7568599775572804,Standard
1020_1_3,1020,1,131,10,2019,11,German Grand Prix,Mercedes,Hockenheimring,29,3,69022,64,1,1,223.0,407.0,65956,1.0,35,,2.124,1,12166.0,0,0,12,-14.0,0.453125,0.015625,,Emergency
1020_20_3,1020,20,6,10,2019,11,German Grand Prix,Ferrari,Hockenheimring,28,3,22058,64,20,7,123.0,243.0,31789,5.0,36,0.591,1.733,1,10852.666666666672,13,3,11,-10.0,0.4375,0.078125,0.9944337925345252,Undercut
1020_822_4,1020,822,131,10,2019,11,German Grand Prix,Mercedes,Hockenheimring,46,4,21009,64,3,3,184.0,407.0,2545,16.0,18,1.938,0.878,0,34891.0,0,1,4,5.0,0.71875,0.25,0.8728489601570548,Undercut
1020_825_4,1020,825,210,10,2019,11,German Grand Prix,Haas F1 Team,Hockenheimring,42,4,20380,64,12,11,14.0,16.0,30998,13.0,22,9.1,6.743,1,10283.666666666672,1,0,5,2.0,0.65625,0.203125,0.22815880968182056,Standard
1020_830_2,1020,830,9,10,2019,11,German Grand Prix,Red Bull,Hockenheimring,25,2,19640,64,2,3,136.0,191.0,6613,22.0,39,4.229,0.836,0,2998.3333333333285,-1,0,3,2.0,0.390625,0.34375,0.7359034644647685,Standard
1020_844_2,1020,844,6,10,2019,11,German Grand Prix,Ferrari,Hockenheimring,15,2,22102,64,10,4,120.0,243.0,16230,12.0,49,8.863,12.556,1,916.3333333333285,6,0,0,-8.0,0.234375,0.1875,0.17515710288491432,Standard
1020_8_3,1020,8,51,10,2019,11,German Grand Prix,Alfa Romeo,Hockenheimring,28,3,21142,64,5,6,25.0,26.0,37574,2.0,36,18.562,0.591,1,18913.66666666667,-1,2,10,-13.0,0.4375,0.03125,0.679655029688198,Emergency
1021_817_1,1021,817,4,11,2019,12,Hungarian Grand Prix,Renault,Hungaroring,46,1,22498,70,20,12,22.0,39.0,3223,46.0,24,1.018,0.06,0,342.6666666666715,8,1,1,30.0,0.6571428571428571,0.6571428571428571,1.4389363651663332,Overcut
1021_830_2,1021,830,9,11,2019,12,Hungarian Grand Prix,Red Bull,Hungaroring,67,2,21164,70,1,2,162.0,217.0,6164,42.0,3,5.34,56.086,0,1701.6666666666715,-1,0,0,20.0,0.9571428571428572,0.6,0.17524613646729914,Standard
1021_9_1,1021,9,3,11,2019,12,Hungarian Grand Prix,Williams,Hungaroring,18,1,21754,70,19,17,1.0,1.0,2596,18.0,52,17.188,6.504,0,269.3333333333285,2,1,3,2.0,0.2571428571428571,0.2571428571428571,0.18824356648377077,Standard
1022_846_1,1022,846,1,13,2019,13,Belgian Grand Prix,McLaren,Circuit de Spa-Francorchamps,19,1,23182,44,11,5,24.0,82.0,4613,19.0,25,12.033,12.23,0,748.6666666666715,6,0,0,10.0,0.4318181818181818,0.4318181818181818,0.15231409494324513,Standard
1022_8_2,1022,8,51,13,2019,13,Belgian Grand Prix,Alfa Romeo,Circuit de Spa-Francorchamps,2,2,25005,44,6,18,31.0,32.0,13990,1.0,42,5.696,,1,0.0,-12,0,3,-13.0,0.045454545454545456,0.022727272727272728,,Emergency
1023_20_2,1023,20,6,14,2019,14,Italian Grand Prix,Ferrari,Autodromo Nazionale di Monza,12,2,31851,53,4,19,169.0,326.0,4592,6.0,41,15.73,6.966,0,119.66666666667152,-15,0,0,-14.0,0.22641509433962265,0.11320754716981132,0.18530638056930238,Standard
1023_825_2,1023,825,210,14,2019,14,Italian Grand Prix,Haas F1 Team,Autodromo Nazionale di Monza,34,2,24978,53,11,12,18.0,26.0,9523,14.0,19,7.806,1.502,0,1728.0,-1,0,0,-6.0,0.6415094339622641,0.2641509433962264,0.5132391928837126,Standard
1023_842_1,1023,842,5,14,2019,14,Italian Grand Prix,Toro Rosso,Autodromo Nazionale di Monza,28,1,24363,53,17,8,65.0,51.0,16509,28.0,25,4.316,7.514,1,177.66666666667152,9,2,7,7.0,0.5283018867924528,0.5283018867924528,0.3055649677519592,Standard
1024_825_1,1024,825,210,15,2019,15,Singapore Grand Prix,Haas F1 Team,Marina Bay Street Circuit,18,1,29403,61,13,12,18.0,26.0,8059,18.0,43,4.685,8.793,0,219.0,1,0,0,7.5,0.29508196721311475,0.29508196721311475,0.27801524988547005,Standard
1024_832_2,1024,832,1,15,2019,15,Singapore Grand Prix,McLaren,Marina Bay Street Circuit,35,2,30623,61,7,19,58.0,83.0,37682,35.0,26,107.747,,0,1740.3333333333285,-12,1,3,21.0,0.5737704918032787,0.5737704918032787,,Standard
1025_20_1,1025,20,6,71,2019,16,Russian Grand Prix,Ferrari,Sochi Autodrom,26,1,29860,53,3,2,194.0,394.0,5664,26.0,27,0.458,12.428,0,643.6666666666715,1,0,0,8.0,0.49056603773584906,0.49056603773584906,0.7603423103373456,Standard
1025_844_2,1025,844,6,71,2019,16,Russian Grand Prix,Ferrari,Sochi Autodrom,30,2,29401,53,1,3,200.0,394.0,59889,8.0,23,1.132,35.405,1,17715.33333333333,-2,0,6,-15.0,0.5660377358490566,0.1509433962264151,0.49651190626197417,Standard
1026_9_1,1026,9,3,22,2019,17,Japanese Grand Prix,Williams,Suzuka Circuit,22,1,26734,52,0,19,1.0,1.0,3723,22.0,30,27.58,,0,1152.3333333333285,-19,0,1,10.0,0.4230769230769231,0.4230769230769231,,Standard
1027_154_1,1027,154,210,32,2019,18,Mexican Grand Prix,Haas F1 Team,Autódromo Hermanos Rodríguez,37,1,24128,71,18,17,8.0,28.0,4286,37.0,34,12.372,4.326,0,805.6666666666715,1,2,4,22.5,0.5211267605633803,0.5211267605633803,0.26254129640639967,Overcut
1027_847_1,1027,847,3,32,2019,18,Mexican Grand Prix,Williams,Autódromo Hermanos Rodríguez,22,1,22887,71,19,17,0.0,1.0,2994,22.0,49,1.179,12.402,0,628.3333333333285,2,0,3,7.5,0.30985915492957744,0.30985915492957744,0.533541841891496,Standard
1028_807_1,1028,807,4,69,2019,19,United States Grand Prix,Renault,Circuit of the Americas,27,1,24245,56,11,10,35.0,73.0,3601,27.0,29,2.455,1.991,0,1961.3333333333285,1,0,0,12.0,0.48214285714285715,0.48214285714285715,0.6237719429392857,Standard
1028_825_1,1028,825,210,69,2019,19,United States Grand Prix,Haas F1 Team,Circuit of the Americas,18,1,24929,56,12,14,20.0,28.0,494,18.0,38,7.107,0.662,0,1086.3333333333285,-2,2,3,3.0,0.32142857142857145,0.32142857142857145,0.7250349084009793,Standard
1028_840_2,1028,840,211,69,2019,19,United States Grand Prix,Racing Point,Circuit of the Americas,29,2,25195,56,14,11,21.0,64.0,637,20.0,27,8.683,0.283,0,274.0,3,0,1,3.0,0.5178571428571429,0.35714285714285715,0.8826970055997249,Standard
1028_848_1,1028,848,9,69,2019,19,United States Grand Prix,Red Bull,Circuit of the Americas,1,1,34100,56,6,11,74.0,341.0,0,1.0,55,0.582,0.076,0,,-5,0,0,-14.0,0.017857142857142856,0.017857142857142856,1.561479281320055,Undercut
1028_8_1,1028,8,51,69,2019,19,United States Grand Prix,Alfa Romeo,Circuit of the Americas,18,1,24544,56,17,9,31.0,35.0,1271,18.0,38,2.51,0.631,0,634.0,8,1,2,3.0,0.32142857142857145,0.32142857142857145,0.8980210696948894,Standard
1029_154_1,1029,154,210,18,2019,20,Brazilian Grand Prix,Haas F1 Team,Autódromo José Carlos Pace,26,1,23776,71,7,9,8.0,28.0,5419,26.0,45,1.462,1.761,0,984.6666666666715,-2,1,3,15.0,0.36619718309859156,0.36619718309859156,0.7683614555881784,Standard
1029_840_1,1029,840,211,18,2019,20,Brazilian Grand Prix,Racing Point,Autódromo José Carlos Pace,28,1,23346,71,17,11,21.0,65.0,4281,28.0,43,0.005,4.466,0,598.3333333333285,6,0,5,17.0,0.39436619718309857,0.39436619718309857,1.177974015760932,Overcut
1029_8_1,1029,8,51,18,2019,20,Brazilian Grand Prix,Alfa Romeo,Autódromo José Carlos Pace,21,1,23463,71,8,9,31.0,35.0,4825,21.0,50,0.298,1.766,0,662.3333333333285,-1,1,4,10.0,0.29577464788732394,0.29577464788732394,1.1319489241471667,Standard
1030_1_1,1030,1,131,24,2019,21,Abu Dhabi Grand Prix,Mercedes,Yas Marina Circuit,26,1,22178,55,1,1,387.0,701.0,2593,26.0,29,,27.457,0,1083.6666666666715,0,0,2,13.0,0.4727272727272727,0.4727272727272727,,Standard
1030_817_1,1030,817,4,24,2019,21,Abu Dhabi Grand Prix,Renault,Yas Marina Circuit,11,1,21904,55,7,8,54.0,91.0,1812,11.0,44,0.88,0.552,0,138.0,-1,0,0,-2.0,0.2,0.2,1.1762447905242377,Undercut
1030_825_1,1030,825,210,24,2019,21,Abu Dhabi Grand Prix,Haas F1 Team,Yas Marina Circuit,20,1,21531,55,14,9,20.0,28.0,2050,20.0,35,0.868,0.074,0,173.0,5,0,2,7.0,0.36363636363636365,0.36363636363636365,1.4664306022434095,Standard
1031_826_2,1031,826,213,70,2020,1,Austrian Grand Prix,AlphaTauri,Red Bull Ring,51,2,21622,71,13,9,0.0,0.0,18614,25.0,20,1.354,2.751,1,365.3333333333285,4,3,3,7.0,0.7183098591549296,0.352112676056338,0.6914044105372523,Standard
1031_832_1,1031,832,1,70,2020,1,Austrian Grand Prix,McLaren,Red Bull Ring,26,1,23827,71,8,7,0.0,0.0,20169,26.0,45,2.275,14.159,1,186.66666666667152,1,6,9,3.0,0.36619718309859156,0.36619718309859156,0.37131092354880507,Standard
1031_841_2,1031,841,51,70,2020,1,Austrian Grand Prix,Alfa Romeo,Red Bull Ring,55,2,22800,71,18,10,0.0,0.0,32223,30.0,16,0.129,1.292,1,26900.33333333333,8,0,0,12.0,0.7746478873239436,0.4225352112676056,1.3220397670798572,Undercut
1031_841_3,1031,841,51,70,2020,1,Austrian Grand Prix,Alfa Romeo,Red Bull Ring,56,3,19678,71,18,13,0.0,0.0,53491,1.0,15,1.345,,1,28875.0,5,12,13,0.0,0.7887323943661971,0.014084507042253521,,Emergency
1031_846_2,1031,846,1,70,2020,1,Austrian Grand Prix,McLaren,Red Bull Ring,51,2,21921,71,3,5,0.0,0.0,15063,25.0,20,5.456,4.932,1,39.33333333332848,-2,1,1,7.0,0.7183098591549296,0.352112676056338,0.3234718799847257,Standard
1031_849_1,1031,849,3,70,2020,1,Austrian Grand Prix,Williams,Red Bull Ring,26,1,22058,71,20,14,0.0,0.0,46004,26.0,45,0.27,0.335,1,5859.3333333333285,6,11,14,3.0,0.36619718309859156,0.36619718309859156,1.5364652452151346,Undercut
1032_817_1,1032,817,4,70,2020,2,Styrian Grand Prix,Renault,Red Bull Ring,37,1,21603,71,8,5,0.0,4.0,3442,37.0,34,0.144,6.808,0,146.66666666667152,3,0,2,12.0,0.5211267605633803,0.5211267605633803,1.0021996446176775,Overcut
1032_832_1,1032,832,1,70,2020,2,Styrian Grand Prix,McLaren,Red Bull Ring,32,1,25983,71,3,7,10.0,26.0,3766,32.0,39,0.329,0.536,0,252.33333333332848,-4,0,1,7.0,0.4507042253521127,0.4507042253521127,1.403487114371708,Standard
1033_817_1,1033,817,4,11,2020,3,Hungarian Grand Prix,Renault,Hungaroring,4,1,21920,70,11,2,4.0,8.0,1101,4.0,66,12.766,0.725,1,3455.6666666666715,9,1,12,-14.5,0.05714285714285714,0.05714285714285714,0.6523528879175116,Standard
1033_822_1,1033,822,131,11,2020,3,Hungarian Grand Prix,Mercedes,Hungaroring,2,1,21906,70,2,8,43.0,80.0,0,2.0,68,0.603,1.029,0,0.0,-6,1,2,-16.5,0.02857142857142857,0.02857142857142857,1.1166839406275875,Undercut
1033_832_1,1033,832,1,11,2020,3,Hungarian Grand Prix,McLaren,Hungaroring,3,1,27131,70,9,7,13.0,39.0,3041,3.0,67,1.59,2.595,0,4186.5,2,4,7,-15.5,0.04285714285714286,0.04285714285714286,0.6642645029293152,Standard
1033_841_3,1033,841,51,11,2020,3,Hungarian Grand Prix,Alfa Romeo,Hungaroring,40,3,21831,70,19,18,2.0,2.0,3947,20.0,30,10.685,220.943,0,1483.6666666666715,1,1,2,10.0,0.5714285714285714,0.2857142857142857,0.09008546452995594,Standard
1033_848_1,1033,848,9,11,2020,3,Hungarian Grand Prix,Red Bull,Hungaroring,3,1,23046,70,13,9,12.0,27.0,2692,3.0,67,0.331,2.041,0,5684.5,4,5,8,-15.5,0.04285714285714286,0.04285714285714286,1.0801539985339357,Undercut
1033_849_4,1033,849,3,11,2020,3,Hungarian Grand Prix,Williams,Hungaroring,39,4,21802,70,15,19,0.0,0.0,25373,8.0,31,196.505,,0,902.6666666666715,-4,0,1,7.0,0.5571428571428572,0.11428571428571428,,Standard
1033_849_5,1033,849,3,11,2020,3,Hungarian Grand Prix,Williams,Hungaroring,52,5,25767,70,15,19,0.0,0.0,5752,13.0,18,243.823,,0,2734.0,-4,1,2,11.0,0.7428571428571429,0.18571428571428572,,Standard
1034_817_1,1034,817,4,9,2020,4,British Grand Prix,Renault,Silverstone Circuit,12,1,29559,52,8,5,8.0,12.0,5862,12.0,40,6.444,0.316,0,222.33333333332848,3,0,0,-6.0,0.23076923076923078,0.23076923076923078,0.8942147977441287,Standard
1034_848_1,1034,848,9,9,2020,4,British Grand Prix,Red Bull,Silverstone Circuit,6,1,28834,52,12,13,22.0,55.0,0,6.0,46,0.217,0.478,0,41377.66666666666,-1,0,0,-12.0,0.11538461538461539,0.11538461538461539,1.4982826734032866,Undercut
1035_1_1,1035,1,131,9,2020,5,70th Anniversary Grand Prix,Mercedes,Silverstone Circuit,14,1,28406,52,2,1,88.0,146.0,448,14.0,38,,0.982,0,1368.3333333333285,1,0,2,-3.0,0.2692307692307692,0.2692307692307692,,Standard
1035_822_2,1035,822,131,9,2020,5,70th Anniversary Grand Prix,Mercedes,Silverstone Circuit,32,2,28188,52,1,2,58.0,146.0,0,19.0,20,2.517,6.749,0,215.33333333332848,-1,1,4,7.0,0.6153846153846154,0.36538461538461536,0.41338214809230156,Standard
1035_841_1,1035,841,51,9,2020,5,70th Anniversary Grand Prix,Alfa Romeo,Silverstone Circuit,7,1,27892,52,19,14,2.0,2.0,0,7.0,45,0.343,1.008,0,235.33333333332848,5,1,2,-10.0,0.1346153846153846,0.1346153846153846,1.242609606251094,Undercut
1035_848_1,1035,848,9,9,2020,5,70th Anniversary Grand Prix,Red Bull,Silverstone Circuit,6,1,28417,52,9,9,26.0,78.0,0,6.0,46,0.351,1.304,0,90.33333333332848,0,0,0,-11.0,0.11538461538461539,0.11538461538461539,1.1742202278147873,Undercut
1036_154_2,1036,154,210,4,2020,6,Spanish Grand Prix,Haas F1 Team,Circuit de Barcelona-Catalunya,62,2,24010,66,17,19,0.0,1.0,10611,30.0,4,1.945,,0,1709.0,-2,0,0,9.0,0.9393939393939394,0.45454545454545453,,Standard
1036_815_1,1036,815,211,4,2020,6,Spanish Grand Prix,Racing Point,Circuit de Barcelona-Catalunya,29,1,22641,66,4,4,22.0,41.0,4640,29.0,37,24.448,5.254,0,1354.6666666666715,0,0,3,12.0,0.4393939393939394,0.4393939393939394,0.19919348441895018,Overcut
1036_832_2,1036,832,1,4,2020,6,Spanish Grand Prix,McLaren,Circuit de Barcelona-Catalunya,41,2,22166,66,7,7,15.0,53.0,4257,19.0,25,0.361,1.019,0,1028.0,0,1,2,-2.0,0.6212121212121212,0.2878787878787879,1.230048557804458,Undercut
1036_841_2,1036,841,51,4,2020,6,Spanish Grand Prix,Alfa Romeo,Circuit de Barcelona-Catalunya,45,2,21794,66,20,17,2.0,2.0,6431,24.0,21,0.588,6.125,0,1538.6666666666715,3,1,3,3.0,0.6818181818181818,0.36363636363636365,0.7700737991073401,Undercut
1037_815_1,1037,815,211,13,2020,7,Belgian Grand Prix,Racing Point,Circuit de Spa-Francorchamps,18,1,23175,44,8,12,32.0,63.0,4638,18.0,26,0.439,0.136,0,774.3333333333285,-4,0,0,9.0,0.4090909090909091,0.4090909090909091,1.5752087228024156,Standard
1037_817_1,1037,817,4,13,2020,7,Belgian Grand Prix,Renault,Circuit de Spa-Francorchamps,11,1,23586,44,4,4,20.0,36.0,44912,11.0,33,9.305,5.187,1,87.33333333332848,0,3,8,2.0,0.25,0.25,0.25866949427620023,Standard
1037_840_1,1037,840,211,13,2020,7,Belgian Grand Prix,Racing Point,Circuit de Spa-Francorchamps,11,1,23689,44,9,8,40.0,63.0,44845,11.0,33,2.487,0.116,1,157.66666666667152,1,6,11,2.0,0.25,0.25,1.182836814260443,Standard
1037_849_2,1037,849,3,13,2020,7,Belgian Grand Prix,Williams,Circuit de Spa-Francorchamps,30,2,23477,44,19,17,0.0,0.0,4023,20.0,14,2.409,,0,461.3333333333285,2,0,0,6.0,0.6818181818181818,0.45454545454545453,,Standard
1038_848_1,1038,848,9,14,2020,8,Italian Grand Prix,Red Bull,Autodromo Nazionale di Monza,22,1,29661,53,9,15,48.0,158.0,46447,22.0,31,0.436,0.327,1,18514.33333333333,-6,8,10,0.5,0.41509433962264153,0.41509433962264153,1.4499583327210939,Undercut
1038_849_1,1038,849,3,14,2020,8,Italian Grand Prix,Williams,Autodromo Nazionale di Monza,16,1,26335,53,20,18,0.0,0.0,4439,16.0,37,7.27,20.901,0,201.66666666667152,2,0,0,-5.5,0.3018867924528302,0.3018867924528302,0.16657899980493734,Standard
1039_1_1,1039,1,131,76,2020,9,Tuscan Grand Prix,Mercedes,Autodromo Internazionale del Mugello,7,1,17536,59,1,2,164.0,281.0,12995,7.0,52,2.369,1.249,0,26267.333333333343,-1,1,1,-8.0,0.11864406779661017,0.11864406779661017,0.7414660465170299,Standard
1039_1_4,1039,1,131,76,2020,9,Tuscan Grand Prix,Mercedes,Autodromo Internazionale del Mugello,44,4,22800,59,1,1,164.0,281.0,44922,12.0,15,,12.282,1,241.66666666667152,0,0,10,-0.5,0.7457627118644068,0.2033898305084746,,Standard
1039_20_2,1039,20,6,76,2020,9,Tuscan Grand Prix,Ferrari,Autodromo Internazionale del Mugello,7,2,17516,59,14,13,16.0,61.0,18688,6.0,52,0.915,8.733,0,19627.333333333343,1,12,12,-13.0,0.11864406779661017,0.1016949152542373,0.6249364561199161,Standard
1039_815_5,1039,815,211,76,2020,9,Tuscan Grand Prix,Racing Point,Autodromo Internazionale del Mugello,45,5,1299712,59,7,5,34.0,82.0,1317958,2.0,14,1.582,5.282,1,20244.33333333333,2,4,15,-8.0,0.7627118644067796,0.03389830508474576,0.5464816421871991,Emergency
1039_826_1,1039,826,213,76,2020,9,Tuscan Grand Prix,AlphaTauri,Autodromo Internazionale del Mugello,7,1,17522,59,12,9,4.0,47.0,9719,7.0,52,1.835,1.888,0,11444.0,3,8,8,-8.0,0.11864406779661017,0.11864406779661017,0.6989940738786538,Standard
1039_826_4,1039,826,213,76,2020,9,Tuscan Grand Prix,AlphaTauri,Autodromo Internazionale del Mugello,43,4,22745,59,12,7,4.0,47.0,36568,14.0,16,13.021,8.044,1,843.3333333333285,5,5,7,1.5,0.7288135593220338,0.23728813559322035,0.18189213305208043,Standard
1039_840_1,1039,840,211,76,2020,9,Tuscan Grand Prix,Racing Point,Autodromo Internazionale del Mugello,7,1,17625,59,6,5,57.0,82.0,13142,7.0,52,1.226,1.328,0,21557.333333333343,1,4,4,-8.0,0.11864406779661017,0.11864406779661017,0.878789562897713,Undercut
1039_844_2,1039,844,6,76,2020,9,Tuscan Grand Prix,Ferrari,Autodromo Internazionale del Mugello,8,2,1436871,59,5,3,45.0,61.0,1464768,1.0,51,2.467,3.633,1,21474.333333333343,2,2,16,-18.0,0.13559322033898305,0.01694915254237288,0.5042766708351463,Emergency
1039_847_3,1039,847,3,76,2020,9,Tuscan Grand Prix,Williams,Autodromo Internazionale del Mugello,29,3,23638,59,18,10,0.0,0.0,18865,21.0,30,9.172,8.509,0,1031.0,8,2,7,7.0,0.4915254237288136,0.3559322033898305,0.20347261304738226,Standard
1039_8_3,1039,8,51,76,2020,9,Tuscan Grand Prix,Alfa Romeo,Autodromo Internazionale del Mugello,8,3,1450186,59,13,11,0.0,2.0,1469541,1.0,51,4.861,2.064,1,9851.666666666672,2,10,24,-13.0,0.13559322033898305,0.01694915254237288,0.49699010541424643,Emergency
1040_817_1,1040,817,4,71,2020,10,Russian Grand Prix,Renault,Sochi Autodrom,15,1,30112,53,5,8,53.0,83.0,8261,15.0,38,1.511,2.937,0,560.6666666666715,-3,0,1,-5.0,0.2830188679245283,0.2830188679245283,0.6522482180766831,Standard
1040_839_1,1040,839,4,71,2020,10,Russian Grand Prix,Renault,Sochi Autodrom,18,1,30068,53,7,4,30.0,83.0,5548,18.0,35,4.135,4.388,0,172.66666666667152,3,0,4,-2.0,0.33962264150943394,0.33962264150943394,0.38033959124427397,Standard
1040_842_2,1040,842,213,71,2020,10,Russian Grand Prix,AlphaTauri,Sochi Autodrom,42,2,29409,53,9,9,43.0,53.0,10958,24.0,11,4.747,15.29,0,168.66666666667152,0,0,0,4.0,0.7924528301886793,0.4528301886792453,0.23539118228925163,Standard
1040_847_1,1040,847,3,71,2020,10,Russian Grand Prix,Williams,Sochi Autodrom,1,1,30165,53,13,16,0.0,0.0,0,1.0,52,0.603,4.332,0,,-3,0,0,-19.0,0.018867924528301886,0.018867924528301886,0.8113772048751426,Undercut
1040_847_3,1040,847,3,71,2020,10,Russian Grand Prix,Williams,Sochi Autodrom,50,3,29675,53,13,18,0.0,0.0,6107,36.0,3,11.822,,0,2904.6666666666715,-5,0,0,22.0,0.9433962264150944,0.6792452830188679,,Standard
1041_20_1,1041,20,6,20,2020,11,Eifel Grand Prix,Ferrari,Nürburgring,11,1,22616,60,11,16,17.0,74.0,10947,11.0,49,0.771,0.5,0,473.3333333333285,-5,0,2,-4.0,0.18333333333333332,0.18333333333333332,1.2313194052324485,Undercut
1041_807_2,1041,807,211,20,2020,11,Eifel Grand Prix,Racing Point,Nürburgring,44,2,22686,60,20,8,6.0,104.0,21555,15.0,16,4.394,8.515,1,555.3333333333285,12,3,3,-4.0,0.7333333333333333,0.25,0.2904883903038564,Standard
1041_841_2,1041,841,51,20,2020,11,Eifel Grand Prix,Alfa Romeo,Nürburgring,36,2,22772,60,14,9,2.0,4.0,3574,21.0,24,1.331,0.628,0,1437.6666666666715,5,0,2,2.0,0.6,0.35,1.0432510432510433,Undercut
1042_840_1,1042,840,211,75,2020,12,Portuguese Grand Prix,Racing Point,Autódromo Internacional do Algarve,18,1,36314,66,12,16,57.0,120.0,16141,18.0,48,1.246,1.743,0,830.6666666666715,-4,1,1,3.0,0.2727272727272727,0.2727272727272727,0.8098003206737849,Standard
1042_849_1,1042,849,3,75,2020,12,Portuguese Grand Prix,Williams,Autódromo Internacional do Algarve,24,1,26739,66,20,17,0.0,0.0,3770,24.0,42,2.151,3.534,0,154.0,3,0,1,9.0,0.36363636363636365,0.36363636363636365,0.5379153690085432,Standard
1043_20_1,1043,20,6,21,2020,13,Emilia Romagna Grand Prix,Ferrari,Autodromo Enzo e Dino Ferrari,39,1,40497,63,14,4,18.0,93.0,4723,39.0,24,28.404,2.202,0,126.66666666667152,10,0,0,24.0,0.6190476190476191,0.6190476190476191,0.34631378786435596,Standard
1043_825_1,1043,825,210,21,2020,13,Emilia Romagna Grand Prix,Haas F1 Team,Autodromo Enzo e Dino Ferrari,27,1,30708,63,17,14,1.0,3.0,8745,27.0,36,2.083,1.017,0,372.6666666666715,3,1,1,12.0,0.42857142857142855,0.42857142857142855,0.8201452107298794,Standard
1043_830_1,1043,830,9,21,2020,13,Emilia Romagna Grand Prix,Red Bull,Autodromo Enzo e Dino Ferrari,18,1,29427,63,3,3,162.0,226.0,4343,18.0,45,2.47,25.831,0,172.33333333332848,0,0,1,3.0,0.2857142857142857,0.2857142857142857,0.3254547596832216,Standard
1044_840_1,1044,840,211,5,2020,14,Turkish Grand Prix,Racing Point,Istanbul Park,9,1,23730,58,1,1,57.0,134.0,1,9.0,49,,4.573,0,492.3333333333285,0,0,9,-6.0,0.15517241379310345,0.15517241379310345,,Standard
1044_846_1,1044,846,1,5,2020,14,Turkish Grand Prix,McLaren,Istanbul Park,9,1,22684,58,14,10,69.0,134.0,0,9.0,49,2.539,4.193,0,1042.6666666666715,4,1,10,-6.0,0.15517241379310345,0.15517241379310345,0.47513261352810066,Standard
1044_848_1,1044,848,9,5,2020,14,Turkish Grand Prix,Red Bull,Istanbul Park,12,1,22602,58,4,1,64.0,226.0,0,12.0,46,,0.236,0,402.3333333333285,3,0,6,-3.0,0.20689655172413793,0.20689655172413793,,Standard
1045_815_1,1045,815,211,3,2020,15,Bahrain Grand Prix,Racing Point,Bahrain International Circuit,1,1,1163442,57,5,3,100.0,154.0,0,1.0,56,2.875,3.72,0,,2,2,2,-11.0,0.017543859649122806,0.017543859649122806,0.46992892290869326,Emergency
1045_830_1,1045,830,9,3,2020,15,Bahrain Grand Prix,Red Bull,Bahrain International Circuit,1,1,1164529,57,3,2,170.0,240.0,0,1.0,56,2.135,2.875,0,,1,1,1,-11.0,0.017543859649122806,0.017543859649122806,0.5770437824767196,Emergency
1045_832_3,1045,832,1,3,2020,15,Bahrain Grand Prix,McLaren,Bahrain International Circuit,39,3,25502,57,15,5,75.0,149.0,5514,18.0,18,5.371,7.736,0,1328.0,10,0,3,5.0,0.6842105263157895,0.3157894736842105,0.27143009504491217,Standard
1045_844_3,1045,844,6,3,2020,15,Bahrain Grand Prix,Ferrari,Bahrain International Circuit,40,3,24855,57,12,8,97.0,130.0,5179,17.0,17,4.156,0.139,0,1379.6666666666715,4,0,5,4.0,0.7017543859649122,0.2982456140350877,1.0719119230661822,Standard
1046_846_2,1046,846,1,3,2020,16,Sakhir Grand Prix,McLaren,Bahrain International Circuit,54,2,24245,87,19,9,86.0,171.0,8153,34.0,33,8.662,4.167,1,779.0,10,0,2,15.0,0.6206896551724138,0.39080459770114945,0.2970341414395297,Overcut
1046_847_3,1046,847,131,3,2020,16,Sakhir Grand Prix,Mercedes,Bahrain International Circuit,63,3,24724,87,2,1,0.0,533.0,55423,1.0,24,,4.094,1,7870.333333333336,1,0,4,-14.5,0.7241379310344828,0.011494252873563218,,Emergency
1046_849_1,1046,849,3,3,2020,16,Sakhir Grand Prix,Williams,Bahrain International Circuit,27,1,24297,87,16,12,0.0,0.0,2890,27.0,60,8.094,2.302,0,238.0,4,1,3,15.0,0.3103448275862069,0.3103448275862069,0.41280937225135095,Standard
1046_851_1,1046,851,3,3,2020,16,Sakhir Grand Prix,Williams,Bahrain International Circuit,31,1,24863,87,17,13,0.0,0.0,3671,31.0,56,4.273,10.605,0,487.66666666666424,4,1,2,19.0,0.3563218390804598,0.3563218390804598,0.2758151175870704,Overcut
1046_8_3,1046,8,51,3,2020,16,Sakhir Grand Prix,Alfa Romeo,Bahrain International Circuit,62,3,24686,87,18,15,4.0,8.0,20792,8.0,25,9.978,21.159,1,10270.0,3,3,3,-7.5,0.7126436781609196,0.09195402298850575,0.136219663726322,Standard
1047_830_1,1047,830,9,24,2020,17,Abu Dhabi Grand Prix,Red Bull,Yas Marina Circuit,10,1,21289,55,1,1,189.0,282.0,24028,10.0,45,,4.917,1,332.3333333333285,0,0,0,-4.0,0.18181818181818182,0.18181818181818182,,Standard
1047_844_1,1047,844,6,24,2020,17,Abu Dhabi Grand Prix,Ferrari,Yas Marina Circuit,22,1,22178,55,12,13,98.0,131.0,3148,22.0,33,0.968,1.228,0,1266.3333333333285,-1,0,0,8.0,0.4,0.4,0.9569631154121236,Undercut
1051_815_2,1051,815,9,78,2021,20,Qatar Grand Prix,Red Bull,Losail International Circuit,41,2,25420,57,11,6,178.0,510.5,20587,22.0,16,0.928,0.481,0,300.6666666666715,5,1,1,3.0,0.7192982456140351,0.38596491228070173,1.1938916454901785,Standard
1051_817_1,1051,817,1,78,2021,20,Qatar Grand Prix,McLaren,Losail International Circuit,26,1,25562,57,14,13,105.0,256.0,20490,26.0,31,2.844,1.24,0,1476.3333333333285,1,0,2,11.0,0.45614035087719296,0.45614035087719296,0.7065742530102572,Standard
1051_840_1,1051,840,117,78,2021,20,Qatar Grand Prix,Aston Martin,Losail International Circuit,23,1,26157,57,12,13,26.0,68.0,21328,23.0,34,4.964,7.62,0,382.0,-1,1,2,8.0,0.40350877192982454,0.40350877192982454,0.2836819836264299,Standard
1051_844_1,1051,844,6,78,2021,20,Qatar Grand Prix,Ferrari,Losail International Circuit,27,1,25799,57,13,12,148.0,287.5,24088,27.0,30,0.876,3.385,0,427.3333333333285,1,1,4,12.0,0.47368421052631576,0.47368421052631576,0.7610992115493553,Standard
1051_852_2,1051,852,213,78,2021,20,Qatar Grand Prix,AlphaTauri,Losail International Circuit,34,2,26674,57,8,13,20.0,112.0,21158,25.0,23,5.803,0.199,0,78.33333333332848,-5,0,2,6.0,0.5964912280701754,0.43859649122807015,0.9810223302112335,Standard
1051_854_1,1051,854,210,78,2021,20,Qatar Grand Prix,Haas F1 Team,Losail International Circuit,22,1,25881,57,19,20,0.0,0.0,21131,22.0,35,3.464,,0,415.6666666666715,-1,0,0,7.0,0.38596491228070173,0.38596491228070173,,Standard
1052_847_1,1052,847,3,3,2021,1,Bahrain Grand Prix,Williams,Bahrain International Circuit,13,1,24621,56,15,12,0.0,0.0,2504,13.0,43,0.199,0.207,0,208.33333333332848,3,4,9,1.0,0.23214285714285715,0.23214285714285715,1.6625287712143437,Standard
1052_852_2,1052,852,213,3,2021,1,Bahrain Grand Prix,AlphaTauri,Bahrain International Circuit,33,2,24328,56,13,8,0.0,0.0,3409,18.0,23,1.023,4.5,0,695.0,5,1,5,-1.0,0.5892857142857143,0.32142857142857145,0.6761335550262887,Standard
1052_8_2,1052,8,51,3,2021,1,Bahrain Grand Prix,Alfa Romeo,Bahrain International Circuit,29,2,24046,56,14,9,0.0,0.0,2699,16.0,27,8.339,0.73,0,290.0,5,0,2,-3.0,0.5178571428571429,0.2857142857142857,0.6851125276746716,Standard
1053_1_4,1053,1,131,21,2021,2,Emilia Romagna Grand Prix,Mercedes,Autodromo Enzo e Dino Ferrari,33,4,65870,63,1,9,25.0,41.0,1507142,1.0,30,5.509,5.161,1,56048.0,-8,8,23,-12.0,0.5238095238095238,0.015873015873015872,0.31594474373302905,Emergency
1053_20_4,1053,20,117,21,2021,2,Emilia Romagna Grand Prix,Aston Martin,Autodromo Enzo e Dino Ferrari,32,4,1452323,63,0,15,0.0,1.0,37748,10.0,31,3.1,,1,17628.33333333333,-15,8,12,-3.0,0.5079365079365079,0.15873015873015872,,Emergency
1053_842_4,1053,842,213,21,2021,2,Emilia Romagna Grand Prix,AlphaTauri,Autodromo Enzo e Dino Ferrari,33,4,56083,63,5,14,0.0,2.0,1470507,1.0,30,2.608,6.978,1,29067.33333333333,-9,13,28,-12.0,0.5238095238095238,0.015873015873015872,0.4025065604469942,Emergency
1053_844_1,1053,844,6,21,2021,2,Emilia Romagna Grand Prix,Ferrari,Autodromo Enzo e Dino Ferrari,28,1,31002,63,4,2,8.0,12.0,5677,28.0,35,16.398,7.141,1,1177.0,2,1,10,14.0,0.4444444444444444,0.4444444444444444,0.18031290357094107,Standard
1053_853_2,1053,853,210,21,2021,2,Emilia Romagna Grand Prix,Haas F1 Team,Autodromo Enzo e Dino Ferrari,23,2,31500,63,19,19,0.0,0.0,7153,11.0,40,7.17,,0,1727.6666666666715,0,0,2,-8.0,0.36507936507936506,0.1746031746031746,,Standard
1054_4_3,1054,4,214,75,2021,3,Portuguese Grand Prix,Alpine F1 Team,Autódromo Internacional do Algarve,40,3,26442,66,13,6,1.0,3.0,5502,37.0,26,7.334,8.91,0,220.66666666667152,7,0,1,23.0,0.6060606060606061,0.5606060606060606,0.2208985743299971,Standard
1054_815_2,1054,815,9,75,2021,3,Portuguese Grand Prix,Red Bull,Autódromo Internacional do Algarve,3,2,22100,66,4,5,10.0,53.0,52491,1.0,63,1.281,0.886,1,9933.0,-1,4,23,-18.0,0.045454545454545456,0.015151515151515152,0.9686269022116866,Emergency
1054_822_4,1054,822,131,75,2021,3,Portuguese Grand Prix,Mercedes,Autódromo Internacional do Algarve,63,4,26573,66,1,3,16.0,60.0,3807,27.0,3,9.49,25.467,0,113.66666666667152,-2,0,0,14.0,0.9545454545454546,0.4090909090909091,0.13311178411175412,Standard
1054_830_1,1054,830,9,75,2021,3,Portuguese Grand Prix,Red Bull,Autódromo Internacional do Algarve,2,1,22718,66,3,3,43.0,53.0,21571,2.0,64,0.966,2.349,1,0.0,0,2,2,-24.0,0.030303030303030304,0.030303030303030304,0.8072435949815117,Emergency
1054_832_1,1054,832,6,75,2021,3,Portuguese Grand Prix,Ferrari,Autódromo Internacional do Algarve,2,1,22029,66,5,4,14.0,34.0,20528,2.0,64,2.349,1.01,1,0.0,1,3,3,-24.0,0.030303030303030304,0.030303030303030304,0.796109033809751,Emergency
1054_846_2,1054,846,1,75,2021,3,Portuguese Grand Prix,McLaren,Autódromo Internacional do Algarve,3,2,22551,66,7,6,27.0,41.0,51050,1.0,63,0.886,1.791,1,10444.0,1,5,24,-18.0,0.045454545454545456,0.015151515151515152,0.8885172116251563,Emergency
1054_847_1,1054,847,3,75,2021,3,Portuguese Grand Prix,Williams,Autódromo Internacional do Algarve,2,1,23532,66,11,11,0.0,0.0,22050,2.0,64,0.801,1.94,1,0.0,0,10,10,-24.0,0.030303030303030304,0.030303030303030304,0.8953831393745726,Emergency
1054_847_2,1054,847,3,75,2021,3,Portuguese Grand Prix,Williams,Autódromo Internacional do Algarve,3,2,22755,66,11,11,0.0,0.0,48098,1.0,63,0.548,1.349,1,11025.0,0,10,29,-18.0,0.045454545454545456,0.015151515151515152,1.0717079014325739,Emergency
1054_852_2,1054,852,213,75,2021,3,Portuguese Grand Prix,AlphaTauri,Autódromo Internacional do Algarve,3,2,22542,66,14,15,2.0,8.0,43928,1.0,63,1.97,1.409,1,13876.5,-1,14,33,-18.0,0.045454545454545456,0.015151515151515152,0.7518103408514367,Emergency
1055_815_1,1055,815,9,4,2021,4,Spanish Grand Prix,Red Bull,Circuit de Barcelona-Catalunya,27,1,22382,66,8,5,22.0,83.0,3376,27.0,39,1.323,14.015,0,1078.3333333333285,3,0,1,9.0,0.4090909090909091,0.4090909090909091,0.4970778969918014,Standard
1055_822_2,1055,822,131,4,2021,4,Spanish Grand Prix,Mercedes,Circuit de Barcelona-Catalunya,53,2,21638,66,3,3,32.0,101.0,6295,30.0,13,7.917,13.168,0,2190.6666666666715,0,0,1,9.0,0.803030303030303,0.45454545454545453,0.18272693268183077,Standard
1055_830_2,1055,830,9,4,2021,4,Spanish Grand Prix,Red Bull,Circuit de Barcelona-Catalunya,60,2,21592,66,2,2,61.0,83.0,7037,36.0,6,5.683,24.153,0,1092.6666666666715,0,0,1,15.0,0.9090909090909091,0.5454545454545454,0.18939008723740738,Overcut
1055_832_2,1055,832,6,4,2021,4,Spanish Grand Prix,Ferrari,Circuit de Barcelona-Catalunya,46,2,21856,66,6,7,14.0,42.0,4557,24.0,20,1.345,12.544,0,726.6666666666715,-1,1,1,3.0,0.696969696969697,0.36363636363636365,0.5002726641872908,Standard
1055_849_2,1055,849,3,4,2021,4,Spanish Grand Prix,Williams,Circuit de Barcelona-Catalunya,27,2,21424,66,19,12,0.0,0.0,4578,18.0,39,0.402,0.066,0,160.33333333332848,7,1,2,-3.0,0.4090909090909091,0.2727272727272727,1.651353065708864,Undercut
1056_840_1,1056,840,117,6,2021,5,Monaco Grand Prix,Aston Martin,Circuit de Monaco,58,1,23474,78,13,8,5.0,5.0,17023,58.0,20,18.606,6.082,0,504.6666666666715,5,0,0,35.0,0.7435897435897436,0.7435897435897436,0.19220784443655808,Standard
1057_20_2,1057,20,117,73,2021,6,Azerbaijan Grand Prix,Aston Martin,Baku City Circuit,47,2,14945,51,11,3,10.0,19.0,28769,29.0,4,2.713,3.22,1,453.0,8,2,3,13.5,0.9215686274509803,0.5686274509803921,0.5062908214126618,Overcut
1057_4_3,1057,4,214,73,2021,6,Azerbaijan Grand Prix,Alpine F1 Team,Baku City Circuit,47,3,15432,51,8,10,5.0,17.0,32767,13.0,4,2.367,1.348,1,1135.0,-2,9,10,8.0,0.9215686274509803,0.2549019607843137,0.7228946751945049,Standard
1057_817_3,1057,817,1,73,2021,6,Azerbaijan Grand Prix,McLaren,Baku City Circuit,48,3,2015163,51,13,9,24.0,80.0,74306,1.0,3,2.155,3.748,1,11636.666666666672,4,8,25,-4.0,0.9411764705882353,0.0196078431372549,0.5275722065642453,Emergency
1057_841_1,1057,841,51,73,2021,6,Azerbaijan Grand Prix,Alfa Romeo,Baku City Circuit,2,1,20402,51,20,18,1.0,1.0,0,2.0,49,0.324,0.785,0,0.0,2,0,1,-10.0,0.0392156862745098,0.0392156862745098,1.3155110986992984,Undercut
1057_841_3,1057,841,51,73,2021,6,Azerbaijan Grand Prix,Alfa Romeo,Baku City Circuit,47,3,14881,51,20,12,1.0,1.0,34629,13.0,4,2.067,0.74,1,903.0,8,11,12,8.0,0.9215686274509803,0.2549019607843137,0.900764159817711,Standard
1057_846_1,1057,846,1,73,2021,6,Azerbaijan Grand Prix,McLaren,Baku City Circuit,7,1,20533,51,9,12,56.0,80.0,4541,7.0,44,2.215,0.992,0,931.0,-3,1,1,-5.0,0.13725490196078433,0.13725490196078433,0.8130500227972544,Undercut
1057_8_1,1057,8,51,73,2021,6,Azerbaijan Grand Prix,Alfa Romeo,Baku City Circuit,13,1,20048,51,14,10,0.0,1.0,5651,13.0,38,0.26,1.691,0,800.6666666666715,4,1,6,1.0,0.2549019607843137,0.2549019607843137,1.1652598609120348,Standard
1058_822_1,1058,822,131,70,2021,8,Styrian Grand Prix,Mercedes,Red Bull Ring,27,1,21752,71,5,3,59.0,178.0,2811,27.0,44,20.819,9.531,0,497.3333333333285,2,0,5,1.0,0.38028169014084506,0.38028169014084506,0.14078935845179125,Standard
1058_832_1,1058,832,6,70,2021,8,Styrian Grand Prix,Ferrari,Red Bull Ring,41,1,21226,71,12,5,42.0,94.0,4408,41.0,30,24.786,3.12,0,430.0,7,0,0,15.0,0.5774647887323944,0.5774647887323944,0.28149918033342397,Standard
1058_852_1,1058,852,213,70,2021,8,Styrian Grand Prix,AlphaTauri,Red Bull Ring,26,1,21234,71,11,11,8.0,45.0,3531,26.0,45,0.53,0.129,0,292.0,0,1,3,0.0,0.36619718309859156,0.36619718309859156,1.5393343638016175,Standard
1059_817_1,1059,817,1,34,2021,7,French Grand Prix,McLaren,Circuit Paul Ricard,16,1,29951,53,10,16,26.0,92.0,19602,16.0,37,2.215,0.671,0,514.3333333333285,-6,0,3,-9.0,0.3018867924528302,0.3018867924528302,0.9094860361504877,Undercut
1059_822_1,1059,822,131,34,2021,7,French Grand Prix,Mercedes,Circuit Paul Ricard,17,1,30572,53,3,4,47.0,148.0,20525,17.0,36,15.245,8.729,0,899.0,-1,0,3,-8.0,0.32075471698113206,0.32075471698113206,0.16434288896690336,Standard
1059_852_1,1059,852,213,34,2021,7,French Grand Prix,AlphaTauri,Circuit Paul Ricard,15,1,30226,53,0,19,8.0,39.0,20785,15.0,38,6.35,18.95,0,855.6666666666715,-19,0,1,-10.0,0.2830188679245283,0.2830188679245283,0.1861797350519155,Standard
1059_853_1,1059,853,210,34,2021,7,French Grand Prix,Haas F1 Team,Circuit Paul Ricard,31,1,30983,53,18,20,0.0,0.0,20428,31.0,22,3.185,,0,404.3333333333285,-2,0,0,6.0,0.5849056603773585,0.5849056603773585,,Standard
1060_1_1,1060,1,131,70,2021,9,Austrian Grand Prix,Mercedes,Red Bull Ring,31,1,21005,71,4,2,138.0,212.0,4334,31.0,40,16.154,22.684,0,604.0,2,0,5,5.0,0.43661971830985913,0.43661971830985913,0.10051803883069091,Standard
1060_1_2,1060,1,131,70,2021,9,Austrian Grand Prix,Mercedes,Red Bull Ring,53,2,21421,71,4,4,138.0,212.0,4824,22.0,18,4.258,27.725,0,427.6666666666715,0,0,1,-3.0,0.7464788732394366,0.30985915492957744,0.22499926342088528,Standard
1060_830_1,1060,830,9,70,2021,9,Austrian Grand Prix,Red Bull,Red Bull Ring,32,1,21090,71,1,1,156.0,252.0,4252,32.0,39,,29.339,0,665.6666666666715,0,0,4,6.0,0.4507042253521127,0.4507042253521127,,Standard
1061_817_1,1061,817,1,9,2021,10,British Grand Prix,McLaren,Silverstone Circuit,2,1,2051281,52,6,5,40.0,141.0,31645,2.0,50,3.11,3.568,1,0.0,1,4,4,-14.0,0.038461538461538464,0.038461538461538464,0.4622231880723195,Emergency
1061_842_1,1061,842,213,9,2021,10,British Grand Prix,AlphaTauri,Silverstone Circuit,2,1,2067244,52,11,12,39.0,48.0,29263,2.0,50,2.898,2.31,1,0.0,-1,11,11,-14.0,0.038461538461538464,0.038461538461538464,0.5586566199414371,Emergency
1062_830_1,1062,830,9,11,2021,11,Hungarian Grand Prix,Red Bull,Hungaroring,1,1,22569,70,3,9,185.0,289.0,0,1.0,69,0.952,0.157,0,,-6,0,0,-15.0,0.014285714285714285,0.014285714285714285,1.376599317057965,Undercut
1062_839_3,1062,839,214,11,2021,11,Hungarian Grand Prix,Alpine F1 Team,Hungaroring,37,3,21642,70,8,1,14.0,40.0,2319,34.0,33,,12.317,0,212.0,7,0,1,21.0,0.5285714285714286,0.4857142857142857,,Standard
1064_20_2,1064,20,117,39,2021,13,Dutch Grand Prix,Aston Martin,Circuit Park Zandvoort,44,2,18681,72,15,17,35.0,53.0,3139,34.0,28,1.828,15.476,0,608.3333333333285,-2,0,1,15.0,0.6111111111111112,0.4722222222222222,0.4143011325375592,Overcut
1064_830_2,1064,830,9,39,2021,13,Dutch Grand Prix,Red Bull,Circuit Park Zandvoort,40,2,18578,72,1,1,199.5,303.5,3069,19.0,32,,21.11,0,133.0,0,0,1,0.0,0.5555555555555556,0.2638888888888889,,Standard
1064_841_1,1064,841,51,39,2021,13,Dutch Grand Prix,Alfa Romeo,Circuit Park Zandvoort,27,1,19049,72,7,10,1.0,3.0,3583,27.0,45,6.585,1.087,0,289.0,-3,0,0,12.0,0.375,0.375,0.6109958404651452,Standard
1064_844_1,1064,844,6,39,2021,13,Dutch Grand Prix,Ferrari,Circuit Park Zandvoort,34,1,19490,72,5,4,82.0,165.5,4920,34.0,38,13.091,7.356,0,1345.3333333333285,1,0,3,19.0,0.4722222222222222,0.4722222222222222,0.190641769481751,Standard
1065_839_1,1065,839,214,14,2021,14,Italian Grand Prix,Alpine F1 Team,Autodromo Nazionale di Monza,26,1,30333,53,12,7,44.0,90.0,28157,26.0,27,17.776,3.344,1,574.6666666666715,5,4,10,4.0,0.49056603773584906,0.49056603773584906,0.28346205845635,Standard
1065_840_1,1065,840,117,14,2021,14,Italian Grand Prix,Aston Martin,Autodromo Nazionale di Monza,25,1,24846,53,9,9,18.0,53.0,4867,25.0,28,3.36,4.669,0,1267.6666666666715,0,1,6,3.0,0.4716981132075472,0.4716981132075472,0.4057557519488738,Standard
1066_839_1,1066,839,214,71,2021,15,Russian Grand Prix,Alpine F1 Team,Sochi Autodrom,15,1,29901,53,9,8,45.0,95.0,4505,15.0,38,1.719,0.914,0,59.0,1,0,5,-5.0,0.2830188679245283,0.2830188679245283,0.8902483126018654,Undercut
1066_844_1,1066,844,6,71,2021,15,Russian Grand Prix,Ferrari,Sochi Autodrom,35,1,31849,53,19,5,104.0,201.5,6403,35.0,18,6.583,9.549,0,931.3333333333285,14,0,1,15.0,0.660377358490566,0.660377358490566,0.2266696437580022,Standard
1067_20_2,1067,20,117,5,2021,16,Turkish Grand Prix,Aston Martin,Istanbul Park,37,2,23514,58,10,18,35.0,59.0,65437,1.0,21,5.704,16.053,0,1946.0,-8,3,9,-22.5,0.6379310344827587,0.017241379310344827,0.2078053861840532,Standard
1069_817_1,1069,817,1,69,2021,17,United States Grand Prix,McLaren,Circuit of the Americas,11,1,24176,56,6,5,95.0,240.0,880,11.0,45,2.533,3.266,0,360.6666666666715,1,0,5,-5.0,0.19642857142857142,0.19642857142857142,0.5174571971535143,Standard
1069_852_2,1069,852,213,69,2021,17,United States Grand Prix,AlphaTauri,Circuit of the Americas,32,2,23529,56,10,9,18.0,92.0,2107,23.0,24,6.881,10.912,0,1306.0,1,1,6,4.5,0.5714285714285714,0.4107142857142857,0.2108364098640208,Standard
1069_853_1,1069,853,210,69,2021,17,United States Grand Prix,Haas F1 Team,Circuit of the Americas,1,1,30673,56,17,20,0.0,0.0,0,1.0,55,0.013,,0,,-3,0,0,-15.0,0.017857142857142856,0.017857142857142856,,Standard
1070_832_1,1070,832,6,32,2021,18,Mexico City Grand Prix,Ferrari,Autódromo Hermanos Rodríguez,42,1,22031,71,6,4,122.5,250.5,4141,42.0,29,12.176,6.526,0,809.3333333333285,2,0,2,26.0,0.5915492957746479,0.5915492957746479,0.2087682756446343,Standard
1071_20_2,1071,20,117,18,2021,19,São Paulo Grand Prix,Aston Martin,Autódromo José Carlos Pace,8,2,17896,71,9,7,42.0,68.0,57454,1.0,63,2.846,1.73,1,18913.0,2,6,29,-18.0,0.11267605633802817,0.014084507042253521,0.626310766716383,Emergency
1071_822_3,1071,822,131,18,2021,19,São Paulo Grand Prix,Mercedes,Autódromo José Carlos Pace,30,3,23263,71,1,1,185.0,478.5,12714,22.0,41,,5.909,1,760.6666666666715,0,0,5,12.0,0.4225352112676056,0.30985915492957744,,Standard
1071_830_3,1071,830,9,18,2021,19,São Paulo Grand Prix,Red Bull,Autódromo José Carlos Pace,27,3,22722,71,2,1,312.5,477.5,4382,19.0,44,,4.009,0,624.0,1,0,3,9.0,0.38028169014084506,0.2676056338028169,,Standard
1071_842_4,1071,842,213,18,2021,19,São Paulo Grand Prix,AlphaTauri,Autódromo José Carlos Pace,51,4,23039,71,7,7,86.0,106.0,4143,26.0,20,10.583,10.219,0,493.0,0,0,0,1.0,0.7183098591549296,0.36619718309859156,0.17546792363323843,Standard
1071_846_1,1071,846,1,18,2021,19,São Paulo Grand Prix,McLaren,Autódromo José Carlos Pace,1,1,27313,71,5,20,150.0,255.0,0,1.0,70,28.204,,0,,-15,0,0,-12.0,0.014084507042253521,0.014084507042253521,,Standard
1071_846_2,1071,846,1,18,2021,19,São Paulo Grand Prix,McLaren,Autódromo José Carlos Pace,6,2,17719,71,5,20,150.0,255.0,26959,5.0,65,10.85,,1,3852.0,-15,2,3,-14.0,0.08450704225352113,0.07042253521126761,,Standard
1071_853_1,1071,853,210,18,2021,19,São Paulo Grand Prix,Haas F1 Team,Autódromo José Carlos Pace,7,1,17995,71,19,14,0.0,0.0,39779,7.0,64,1.66,0.833,1,5537.6666666666715,5,13,16,-6.0,0.09859154929577464,0.09859154929577464,0.9214935866671589,Undercut
1071_853_2,1071,853,210,18,2021,19,São Paulo Grand Prix,Haas F1 Team,Autódromo José Carlos Pace,8,2,18467,71,19,14,0.0,0.0,56875,1.0,63,3.383,0.911,1,18726.0,5,13,36,-18.0,0.11267605633802817,0.014084507042253521,0.7514404698329602,Emergency
1072_822_2,1072,822,131,77,2021,21,Saudi Arabian Grand Prix,Mercedes,Jeddah Corniche Circuit,13,2,995942,50,2,3,203.0,546.5,83472,3.0,37,2.552,1.667,1,62930.66666666666,-1,2,2,-16.0,0.26,0.06,0.6564846623901742,Emergency
1072_844_1,1072,844,6,77,2021,21,Saudi Arabian Grand Prix,Ferrari,Jeddah Corniche Circuit,10,1,20531,50,4,4,152.0,297.5,31333,10.0,40,4.515,3.237,1,68.33333333332848,0,2,4,-5.0,0.2,0.2,0.4173397118293255,Standard
1072_846_1,1072,846,1,77,2021,21,Saudi Arabian Grand Prix,McLaren,Jeddah Corniche Circuit,10,1,20973,50,7,7,153.0,258.0,31547,10.0,40,0.882,0.023,1,237.66666666667152,0,4,6,-5.0,0.2,0.2,1.508866734604625,Undercut
1072_853_1,1072,853,210,77,2021,21,Saudi Arabian Grand Prix,Haas F1 Team,Jeddah Corniche Circuit,13,1,1019226,50,20,16,0.0,0.0,93342,13.0,37,5.403,5.975,1,47337.0,4,15,15,-2.0,0.26,0.26,0.29954596775592984,Emergency
1072_8_2,1072,8,51,77,2021,21,Saudi Arabian Grand Prix,Alfa Romeo,Jeddah Corniche Circuit,15,2,1099282,50,12,11,10.0,11.0,113345,2.0,35,4.115,2.219,1,421204.6666666667,1,10,29,-17.0,0.3,0.04,0.5061589043791491,Emergency
1073_822_1,1073,822,131,24,2021,22,Abu Dhabi Grand Prix,Mercedes,Yas Marina Circuit,30,1,21669,58,6,4,218.0,587.5,2073,30.0,28,0.837,11.068,0,216.33333333332848,2,0,1,18.0,0.5172413793103449,0.5172413793103449,0.6272295857857912,Overcut
1073_830_2,1073,830,9,24,2021,22,Abu Dhabi Grand Prix,Red Bull,Yas Marina Circuit,36,2,21871,58,1,2,369.5,559.5,16017,23.0,22,7.836,34.25,1,127.33333333332848,-1,0,1,2.0,0.6206896551724138,0.39655172413793105,0.14154217594688395,Standard
1074_1_2,1074,1,131,3,2022,1,Bahrain Grand Prix,Mercedes,Bahrain International Circuit,27,2,25796,57,5,5,0.0,0.0,3430,16.0,30,17.055,2.772,0,1025.0,0,0,1,-3.0,0.47368421052631576,0.2807017543859649,0.32049766634470556,Standard
1074_842_2,1074,842,213,3,2022,1,Bahrain Grand Prix,AlphaTauri,Bahrain International Circuit,32,2,25875,57,10,8,0.0,0.0,3600,18.0,25,7.807,11.118,0,1412.0,2,0,3,-1.0,0.5614035087719298,0.3157894736842105,0.19606791121550243,Standard
1074_849_2,1074,849,3,3,2022,1,Bahrain Grand Prix,Williams,Bahrain International Circuit,32,2,24778,57,20,20,0.0,0.0,5338,18.0,25,0.241,,0,2949.6666666666715,0,1,4,-1.0,0.5614035087719298,0.3157894736842105,,Standard
1074_852_2,1074,852,213,3,2022,1,Bahrain Grand Prix,AlphaTauri,Bahrain International Circuit,29,2,24350,57,16,11,0.0,0.0,4045,14.0,28,1.582,0.976,0,1289.3333333333285,5,0,1,-5.0,0.5087719298245614,0.24561403508771928,0.8933695437425716,Undercut
1075_4_1,1075,4,214,77,2022,2,Saudi Arabian Grand Prix,Alpine F1 Team,Jeddah Corniche Circuit,16,1,21543,50,7,6,2.0,8.0,22747,16.0,34,19.231,3.329,1,486.6666666666715,1,4,6,3.0,0.32,0.32,0.28042932496493855,Standard
1075_822_1,1075,822,51,77,2022,2,Saudi Arabian Grand Prix,Alfa Romeo,Jeddah Corniche Circuit,16,1,22561,50,8,7,8.0,9.0,24831,16.0,34,3.329,4.471,1,412.6666666666715,1,5,7,3.0,0.32,0.32,0.4137821721444459,Standard
1075_822_2,1075,822,51,77,2022,2,Saudi Arabian Grand Prix,Alfa Romeo,Jeddah Corniche Circuit,35,2,22710,50,8,10,8.0,9.0,3929,19.0,15,0.856,3.187,0,788.3333333333285,-2,0,0,16.5,0.7,0.38,0.7776275911482998,Standard
1075_855_2,1075,855,51,77,2022,2,Saudi Arabian Grand Prix,Alfa Romeo,Jeddah Corniche Circuit,27,2,15103,50,12,16,1.0,9.0,2786,11.0,23,0.429,1.038,0,344.6666666666715,-4,0,0,8.5,0.54,0.22,1.1904671974266405,Standard
1076_825_1,1076,825,210,1,2022,3,Australian Grand Prix,Haas F1 Team,Albert Park Grand Prix Circuit,39,1,19111,58,16,16,12.0,12.0,39058,39.0,19,0.862,0.532,1,219.66666666667152,0,1,1,23.0,0.6724137931034483,0.6724137931034483,1.189798442394685,Overcut
1076_830_1,1076,830,9,1,2022,3,Australian Grand Prix,Red Bull,Albert Park Grand Prix Circuit,18,1,18281,58,2,7,25.0,37.0,15712,18.0,40,1.543,4.881,0,791.3333333333285,-5,0,1,2.0,0.3103448275862069,0.3103448275862069,0.5632754440324264,Standard
1076_839_1,1076,839,214,1,2022,3,Australian Grand Prix,Alpine F1 Team,Albert Park Grand Prix Circuit,17,1,19128,58,8,17,14.0,16.0,16303,17.0,41,0.11,13.433,0,808.0,-9,0,0,1.0,0.29310344827586204,0.29310344827586204,0.9701865656968545,Standard
1076_846_1,1076,846,1,1,2022,3,Australian Grand Prix,McLaren,Albert Park Grand Prix Circuit,20,1,17556,58,4,10,6.0,6.0,14100,20.0,38,3.763,0.686,0,243.33333333332848,-6,1,3,4.0,0.3448275862068966,0.3448275862068966,0.8030715213081062,Standard
1077_825_1,1077,825,210,21,2022,4,Emilia Romagna Grand Prix,Haas F1 Team,Autodromo Enzo e Dino Ferrari,18,1,33765,63,8,7,12.0,12.0,7566,18.0,45,9.126,9.288,0,3164.3333333333285,1,3,7,-7.5,0.2857142857142857,0.2857142857142857,0.1959563005354923,Standard
1077_847_1,1077,847,131,21,2022,4,Emilia Romagna Grand Prix,Mercedes,Autodromo Enzo e Dino Ferrari,18,1,31079,63,11,5,37.0,65.0,6664,18.0,45,13.436,1.519,0,2843.0,6,1,5,-7.5,0.2857142857142857,0.2857142857142857,0.466254196012769,Standard
1077_854_1,1077,854,210,21,2022,4,Emilia Romagna Grand Prix,Haas F1 Team,Autodromo Enzo e Dino Ferrari,18,1,31320,63,10,14,0.0,12.0,5927,18.0,45,0.497,5.237,0,2171.0,-4,9,13,-7.5,0.2857142857142857,0.2857142857142857,0.8283361656775151,Undercut
1078_825_1,1078,825,210,79,2022,5,Miami Grand Prix,Haas F1 Team,Miami International Autodrome,12,1,19760,57,16,13,15.0,15.0,6103,12.0,45,1.086,0.649,0,436.0,3,0,1,-3.0,0.21052631578947367,0.21052631578947367,1.0858145236922692,Undercut
1078_842_1,1078,842,213,79,2022,5,Miami Grand Prix,AlphaTauri,Miami International Autodrome,16,1,19543,57,7,7,6.0,16.0,4946,16.0,41,9.325,1.311,0,183.66666666667152,0,0,2,1.0,0.2807017543859649,0.2807017543859649,0.5295654114494004,Standard
1078_849_1,1078,849,3,79,2022,5,Miami Grand Prix,Williams,Miami International Autodrome,34,1,19185,57,19,19,0.0,1.0,5633,34.0,23,12.251,,0,474.3333333333285,0,0,0,19.0,0.5964912280701754,0.5964912280701754,,Standard
1079_1_2,1079,1,131,4,2022,6,Spanish Grand Prix,Mercedes,Circuit de Barcelona-Catalunya,22,2,22105,66,6,16,36.0,95.0,6991,21.0,44,2.57,3.762,0,2836.0,-10,0,2,0.0,0.3333333333333333,0.3181818181818182,0.4901078449019255,Standard
1079_815_2,1079,815,9,4,2022,6,Spanish Grand Prix,Red Bull,Circuit de Barcelona-Catalunya,37,2,21619,66,5,1,66.0,151.0,5083,20.0,29,,0.753,0,1087.0,4,0,2,-1.0,0.5606060606060606,0.30303030303030304,,Standard
1079_817_2,1079,817,1,4,2022,6,Spanish Grand Prix,McLaren,Circuit de Barcelona-Catalunya,31,2,22399,66,9,11,11.0,46.0,5118,20.0,35,3.521,0.081,0,1516.0,-2,2,5,-1.0,0.4696969696969697,0.30303030303030304,1.1462593824154153,Undercut
1079_830_1,1079,830,9,4,2022,6,Spanish Grand Prix,Red Bull,Circuit de Barcelona-Catalunya,13,1,22173,66,2,4,85.0,151.0,4870,13.0,53,1.116,4.244,0,1660.6666666666715,-2,1,7,-6.0,0.19696969696969696,0.19696969696969696,0.6632839186813915,Standard
1079_839_3,1079,839,214,4,2022,6,Spanish Grand Prix,Alpine F1 Team,Circuit de Barcelona-Catalunya,52,3,22033,66,12,7,24.0,26.0,5201,17.0,14,10.628,7.083,0,1178.0,5,0,3,-1.0,0.7878787878787878,0.25757575757575757,0.20971575392063446,Standard
1079_840_1,1079,840,117,4,2022,6,Spanish Grand Prix,Aston Martin,Circuit de Barcelona-Catalunya,14,1,22833,66,17,9,2.0,6.0,4549,14.0,52,0.047,2.392,0,695.3333333333285,8,1,7,-5.0,0.21212121212121213,0.21212121212121213,1.2499211583860446,Undercut
1079_847_1,1079,847,131,4,2022,6,Spanish Grand Prix,Mercedes,Circuit de Barcelona-Catalunya,13,1,22154,66,4,3,59.0,95.0,4559,13.0,53,0.356,1.116,0,1489.6666666666715,1,0,6,-6.0,0.19696969696969696,0.19696969696969696,1.2100529189041493,Undercut
1079_848_1,1079,848,3,4,2022,6,Spanish Grand Prix,Williams,Circuit de Barcelona-Catalunya,11,1,23419,66,18,14,3.0,3.0,4691,11.0,55,1.999,4.099,0,1326.6666666666715,4,2,6,-8.0,0.16666666666666666,0.16666666666666666,0.5295613671576869,Standard
1080_815_3,1080,815,9,6,2022,7,Monaco Grand Prix,Red Bull,Circuit de Monaco,30,3,1172062,64,3,1,85.0,195.0,1200971,8.0,34,,3.73,1,39257.66666666667,2,0,5,-12.5,0.46875,0.125,,Emergency
1080_817_2,1080,817,1,6,2022,7,Monaco Grand Prix,McLaren,Circuit de Monaco,30,2,1168673,64,14,13,11.0,50.0,1183555,11.0,34,1.865,62.432,1,26148.66666666667,1,12,17,-11.0,0.46875,0.171875,0.36480505322432927,Emergency
1080_832_1,1080,832,6,6,2022,7,Monaco Grand Prix,Ferrari,Circuit de Monaco,21,1,24666,64,2,3,65.0,169.0,15900,21.0,43,9.285,6.466,0,158.33333333332848,-1,0,4,-5.0,0.328125,0.328125,0.23116950463882224,Standard
1080_839_1,1080,839,214,6,2022,7,Monaco Grand Prix,Alpine F1 Team,Circuit de Monaco,21,1,24875,64,10,9,30.0,34.0,15708,21.0,43,16.068,1.835,0,1244.3333333333285,1,4,8,-5.0,0.328125,0.328125,0.41132285878790054,Standard
1080_847_1,1080,847,131,6,2022,7,Monaco Grand Prix,Mercedes,Circuit de Monaco,21,1,25352,64,6,6,74.0,120.0,16503,21.0,43,15.429,3.226,0,729.3333333333285,0,2,6,-5.0,0.328125,0.328125,0.29749836069833346,Standard
1080_847_2,1080,847,131,6,2022,7,Monaco Grand Prix,Mercedes,Circuit de Monaco,30,2,1177545,64,6,5,74.0,120.0,1209729,9.0,34,7.819,6.957,1,38850.33333333333,1,4,9,-13.0,0.46875,0.140625,0.2390670468349531,Emergency
1081_1_1,1081,1,131,73,2022,8,Azerbaijan Grand Prix,Mercedes,Baku City Circuit,9,1,21470,51,7,6,50.0,134.0,19565,9.0,42,4.852,0.554,0,1173.3333333333285,1,3,3,-2.0,0.17647058823529413,0.17647058823529413,0.8143823933297618,Standard
1081_844_1,1081,844,6,73,2022,8,Azerbaijan Grand Prix,Ferrari,Baku City Circuit,9,1,23212,51,1,3,116.0,199.0,10615,9.0,42,0.168,16.348,0,287.0,-2,0,0,-2.0,0.17647058823529413,0.17647058823529413,0.9138079159573091,Undercut
1081_852_2,1081,852,213,73,2022,8,Azerbaijan Grand Prix,AlphaTauri,Baku City Circuit,38,2,41500,51,8,7,11.0,17.0,4480,29.0,13,3.281,2.673,0,1561.3333333333285,1,0,0,10.0,0.7450980392156863,0.5686274509803921,0.5058472932622654,Standard
1082_1_2,1082,1,131,7,2022,9,Canadian Grand Prix,Mercedes,Circuit Gilles Villeneuve,44,2,23841,70,4,4,62.0,161.0,17619,35.0,26,9.968,16.615,0,514.6666666666715,0,0,2,8.5,0.6285714285714286,0.5,0.14794412377720817,Standard
1082_20_2,1082,20,117,7,2022,9,Canadian Grand Prix,Aston Martin,Circuit Gilles Villeneuve,19,2,23681,70,16,14,13.0,15.0,26893,14.0,51,8.912,0.093,1,396.3333333333285,2,5,6,-12.5,0.2714285714285714,0.2,1.0158008960093101,Standard
1082_832_1,1082,832,6,7,2022,9,Canadian Grand Prix,Ferrari,Circuit Gilles Villeneuve,20,1,24215,70,3,3,83.0,199.0,41867,20.0,50,0.377,2.269,1,308.0,0,0,7,2.0,0.2857142857142857,0.2857142857142857,1.0321203586518277,Standard
1082_844_1,1082,844,6,7,2022,9,Canadian Grand Prix,Ferrari,Circuit Gilles Villeneuve,41,1,26199,70,19,9,116.0,199.0,19431,41.0,29,0.539,0.038,0,489.6666666666715,10,0,0,23.0,0.5857142857142857,0.5857142857142857,1.6131637163986823,Standard
1082_855_1,1082,855,51,7,2022,9,Canadian Grand Prix,Alfa Romeo,Circuit Gilles Villeneuve,19,1,24281,70,10,10,1.0,41.0,22469,19.0,51,2.167,1.739,1,640.3333333333285,0,2,3,1.0,0.2714285714285714,0.2714285714285714,0.6808529868245841,Standard
1082_855_2,1082,855,51,7,2022,9,Canadian Grand Prix,Alfa Romeo,Circuit Gilles Villeneuve,49,2,23980,70,10,10,1.0,41.0,44635,30.0,21,7.14,5.58,1,938.3333333333285,0,4,7,3.5,0.7,0.42857142857142855,0.27482580674070034,Standard
1083_1_1,1083,1,131,9,2022,10,British Grand Prix,Mercedes,Silverstone Circuit,1,1,3046888,52,5,3,77.0,188.0,0,1.0,51,2.244,1.548,0,,2,2,2,-12.0,0.019230769230769232,0.019230769230769232,0.7007260838509737,Emergency
1083_830_1,1083,830,9,9,2022,10,British Grand Prix,Red Bull,Silverstone Circuit,1,1,3037323,52,2,1,175.0,304.0,0,1.0,51,,2.01,0,,1,0,0,-12.0,0.019230769230769232,0.019230769230769232,,Emergency
1083_852_2,1083,852,213,9,2022,10,British Grand Prix,AlphaTauri,Silverstone Circuit,18,2,34759,52,13,14,11.0,27.0,0,17.0,34,10.065,3.176,0,690.6666666666715,-1,0,1,1.0,0.34615384615384615,0.3269230769230769,0.32983865801697737,Standard
1083_852_3,1083,852,213,9,2022,10,British Grand Prix,AlphaTauri,Silverstone Circuit,38,3,29448,52,13,14,11.0,27.0,15935,20.0,14,24.944,,0,111.0,-1,1,1,0.0,0.7307692307692307,0.38461538461538464,,Standard
1084_1_1,1084,1,131,70,2022,11,Austrian Grand Prix,Mercedes,Red Bull Ring,28,1,23026,71,8,4,93.0,204.0,3816,28.0,43,1.817,17.506,0,717.3333333333285,4,0,4,2.0,0.39436619718309857,0.39436619718309857,0.4090241041282565,Standard
1084_832_1,1084,832,6,70,2022,11,Austrian Grand Prix,Ferrari,Red Bull Ring,27,1,21212,71,3,1,127.0,265.0,4468,27.0,44,,5.512,0,925.3333333333285,2,0,2,1.0,0.38028169014084506,0.38028169014084506,,Standard
1084_844_3,1084,844,6,70,2022,11,Austrian Grand Prix,Ferrari,Red Bull Ring,58,3,21650,71,2,1,138.0,265.0,15839,9.0,13,,5.459,1,233.0,1,0,1,7.0,0.8169014084507042,0.1267605633802817,,Standard
1084_855_1,1084,855,51,70,2022,11,Austrian Grand Prix,Alfa Romeo,Red Bull Ring,24,1,22704,71,13,15,5.0,51.0,6785,24.0,47,0.397,1.933,0,914.6666666666715,-2,0,0,-2.0,0.3380281690140845,0.3380281690140845,1.0567674484386567,Undercut
1085_846_1,1085,846,1,34,2022,12,French Grand Prix,McLaren,Circuit Paul Ricard,18,1,37539,53,5,7,64.0,81.0,33190,18.0,35,2.931,8.288,1,561.3333333333285,-2,4,5,-6.0,0.33962264150943394,0.33962264150943394,0.3620540017279116,Standard
1085_855_2,1085,855,51,34,2022,12,French Grand Prix,Alfa Romeo,Circuit Paul Ricard,22,2,50790,53,16,18,5.0,51.0,44478,13.0,31,33.576,,0,19066.0,-2,0,0,-6.0,0.41509433962264153,0.24528301886792453,,Standard
1086_815_1,1086,815,9,11,2022,13,Hungarian Grand Prix,Red Bull,Hungaroring,18,1,21118,70,11,3,163.0,396.0,4005,18.0,52,8.369,0.146,0,1275.0,8,0,4,3.0,0.2571428571428571,0.2571428571428571,0.9793353260921197,Standard
1086_817_2,1086,817,1,11,2022,13,Hungarian Grand Prix,McLaren,Hungaroring,46,2,21521,70,9,8,19.0,89.0,3323,31.0,24,0.731,1.056,0,605.3333333333285,1,0,0,9.0,0.6571428571428571,0.44285714285714284,1.064082073968175,Standard
1086_839_1,1086,839,214,11,2022,13,Hungarian Grand Prix,Alpine F1 Team,Hungaroring,23,1,23581,70,5,6,56.0,93.0,3130,23.0,47,2.244,5.52,0,1222.3333333333285,-1,0,4,8.0,0.32857142857142857,0.32857142857142857,0.4616356388008442,Standard
1086_840_2,1086,840,117,11,2022,13,Hungarian Grand Prix,Aston Martin,Hungaroring,46,2,21615,70,14,9,4.0,19.0,3540,32.0,24,1.056,4.027,0,1080.3333333333285,5,1,1,10.0,0.6571428571428571,0.45714285714285713,0.6853071236335462,Overcut
1086_847_1,1086,847,131,11,2022,13,Hungarian Grand Prix,Mercedes,Hungaroring,16,1,22763,70,1,3,143.0,270.0,3941,16.0,54,0.748,7.96,0,1093.0,-2,0,4,1.0,0.22857142857142856,0.22857142857142856,0.6836895227198432,Standard
1087_817_2,1087,817,1,13,2022,14,Belgian Grand Prix,McLaren,Circuit de Spa-Francorchamps,32,2,23146,44,7,10,19.0,95.0,4930,20.0,12,2.52,7.444,0,1099.3333333333285,-3,1,4,6.0,0.7272727272727273,0.45454545454545453,0.4025181947375221,Standard
1087_830_1,1087,830,9,13,2022,14,Belgian Grand Prix,Red Bull,Circuit de Spa-Francorchamps,15,1,22882,44,14,1,258.0,431.0,5866,15.0,29,,8.804,0,1640.6666666666715,13,0,6,5.0,0.3409090909090909,0.3409090909090909,,Standard
1087_846_2,1087,846,1,13,2022,14,Belgian Grand Prix,McLaren,Circuit de Spa-Francorchamps,29,2,23560,44,17,12,76.0,95.0,5491,16.0,15,0.014,7.51,0,2155.3333333333285,5,1,4,2.0,0.6590909090909091,0.36363636363636365,1.1037021070465887,Undercut
1088_815_3,1088,815,9,39,2022,15,Dutch Grand Prix,Red Bull,Circuit Park Zandvoort,56,3,19250,72,5,5,191.0,475.0,21800,16.0,16,4.901,34.233,1,370.0,0,2,7,2.0,0.7777777777777778,0.2222222222222222,0.19784528524666495,Standard
1088_817_1,1088,817,1,39,2022,15,Dutch Grand Prix,McLaren,Circuit Park Zandvoort,11,1,19546,72,17,17,19.0,95.0,4554,11.0,61,2.518,2.713,0,437.0,0,1,2,-17.5,0.1527777777777778,0.1527777777777778,0.5535764129136493,Standard
1088_825_3,1088,825,210,39,2022,15,Dutch Grand Prix,Haas F1 Team,Circuit Park Zandvoort,47,3,23663,72,18,17,22.0,34.0,29076,13.0,25,4.489,5.511,1,3151.6666666666715,1,3,4,-1.0,0.6527777777777778,0.18055555555555555,0.33576878558502077,Standard
1088_830_2,1088,830,9,39,2022,15,Dutch Grand Prix,Red Bull,Circuit Park Zandvoort,48,2,19610,72,1,1,284.0,475.0,23685,30.0,24,,18.158,1,593.3333333333285,0,0,5,11.0,0.6666666666666666,0.4166666666666667,,Standard
1088_848_4,1088,848,3,39,2022,15,Dutch Grand Prix,Williams,Circuit Park Zandvoort,56,4,14114,72,15,12,4.0,4.0,53758,1.0,16,46.893,2.671,1,5893.3333333333285,3,6,11,-12.0,0.7777777777777778,0.013888888888888888,0.2932852172061594,Emergency
1088_852_2,1088,852,213,39,2022,15,Dutch Grand Prix,AlphaTauri,Circuit Park Zandvoort,42,2,19293,72,9,11,11.0,29.0,3070,29.0,30,2.319,8.094,0,228.66666666667152,-2,0,1,10.0,0.5833333333333334,0.4027777777777778,0.411258183666785,Overcut
1088_855_3,1088,855,51,39,2022,15,Dutch Grand Prix,Alfa Romeo,Circuit Park Zandvoort,55,3,20188,72,14,13,5.0,51.0,22861,18.0,17,20.064,2.578,1,682.0,1,1,2,4.0,0.7638888888888888,0.25,0.32696011007046694,Standard
1089_815_1,1089,815,9,14,2022,16,Italian Grand Prix,Red Bull,Autodromo Nazionale di Monza,7,1,23698,53,13,18,201.0,511.0,4922,7.0,46,0.624,0.166,0,91.66666666667152,-5,0,0,-15.0,0.1320754716981132,0.1320754716981132,1.4733964799026609,Undercut
1089_832_1,1089,832,6,14,2022,16,Italian Grand Prix,Ferrari,Autodromo Nazionale di Monza,30,1,23728,53,18,4,175.0,376.0,4779,30.0,23,2.513,6.199,0,540.6666666666715,14,0,0,8.0,0.5660377358490566,0.5660377358490566,0.42356517002096516,Standard
1089_844_3,1089,844,6,14,2022,16,Italian Grand Prix,Ferrari,Autodromo Nazionale di Monza,48,3,23719,53,1,2,201.0,376.0,34056,15.0,5,23.159,57.389,1,646.3333333333285,-1,1,7,1.0,0.9056603773584906,0.2830188679245283,0.05851895529577373,Standard
1091_825_2,1091,825,210,15,2022,17,Singapore Grand Prix,Haas F1 Team,Marina Bay Street Circuit,33,2,32603,59,9,14,22.0,34.0,9025,26.0,26,3.481,41.581,0,66.0,-5,3,3,12.0,0.559322033898305,0.4406779661016949,0.24664912499543185,Standard
1092_815_1,1092,815,9,22,2022,18,Japanese Grand Prix,Red Bull,Suzuka Circuit,2,1,392517,28,4,3,235.0,576.0,55580,2.0,26,2.352,1.515,1,0.0,1,2,3,-11.5,0.07142857142857142,0.07142857142857142,0.6959436697239001,Emergency
1092_825_2,1092,825,210,22,2022,18,Japanese Grand Prix,Haas F1 Team,Suzuka Circuit,7,2,25594,28,18,11,22.0,34.0,0,5.0,21,2.189,0.893,0,33264.66666666666,7,7,11,-12.0,0.25,0.17857142857142858,0.8418399420750511,Undercut
1092_830_2,1092,830,9,22,2022,18,Japanese Grand Prix,Red Bull,Suzuka Circuit,7,2,24308,28,1,1,341.0,576.0,2104,5.0,21,,1.267,0,42524.0,0,0,4,-12.0,0.25,0.17857142857142858,,Standard
1092_840_3,1092,840,117,22,2022,18,Japanese Grand Prix,Aston Martin,Suzuka Circuit,19,3,23870,28,19,12,13.0,37.0,4471,12.0,9,3.848,1.01,0,1633.3333333333285,7,0,1,-2.0,0.6785714285714286,0.42857142857142855,0.7037830648736516,Standard
1092_854_2,1092,854,210,22,2022,18,Japanese Grand Prix,Haas F1 Team,Suzuka Circuit,11,2,24608,28,15,13,12.0,34.0,6968,9.0,17,1.081,1.121,0,619.6666666666715,2,0,1,-8.0,0.39285714285714285,0.32142857142857145,0.952013921787593,Undercut
1092_855_2,1092,855,51,22,2022,18,Japanese Grand Prix,Alfa Romeo,Suzuka Circuit,9,2,24563,28,14,7,6.0,52.0,2170,7.0,19,1.887,0.472,0,1423.3333333333285,7,0,12,-10.0,0.32142857142857145,0.25,1.0257281516844625,Undercut
1093_815_1,1093,815,9,69,2022,19,United States Grand Prix,Red Bull,Circuit of the Americas,14,1,23403,56,9,1,253.0,619.0,340,14.0,42,,5.43,0,1096.0,8,0,3,-1.0,0.25,0.25,,Standard
1093_840_1,1093,840,117,69,2022,19,United States Grand Prix,Aston Martin,Circuit of the Americas,15,1,25417,56,5,3,13.0,45.0,896,15.0,41,2.533,0.911,0,1660.0,2,0,4,0.0,0.26785714285714285,0.26785714285714285,0.806331807908776,Undercut
1094_840_1,1094,840,117,32,2022,20,Mexico City Grand Prix,Aston Martin,Autódromo Hermanos Rodríguez,17,1,23509,71,20,17,13.0,49.0,4086,17.0,54,1.917,1.816,0,432.6666666666715,3,0,0,0.0,0.23943661971830985,0.23943661971830985,0.6979316000249323,Standard
1094_847_1,1094,847,131,32,2022,20,Mexico City Grand Prix,Mercedes,Autódromo Hermanos Rodríguez,34,1,22795,71,2,1,218.0,416.0,3829,34.0,37,,4.292,0,266.0,1,0,1,17.0,0.4788732394366197,0.4788732394366197,,Overcut
1094_849_2,1094,849,3,32,2022,20,Mexico City Grand Prix,Williams,Autódromo Hermanos Rodríguez,52,2,24039,71,18,19,2.0,8.0,3652,29.0,19,21.418,,0,525.0,-1,0,0,-2.0,0.7323943661971831,0.4084507042253521,,Standard
1094_852_1,1094,852,213,32,2022,20,Mexico City Grand Prix,AlphaTauri,Autódromo Hermanos Rodríguez,29,1,22468,71,13,12,12.0,35.0,3451,29.0,42,0.786,2.913,0,250.33333333332848,1,2,3,12.0,0.4084507042253521,0.4084507042253521,0.8154688094269854,Overcut
1095_20_2,1095,20,117,18,2022,21,São Paulo Grand Prix,Aston Martin,Autódromo José Carlos Pace,45,2,24028,71,9,7,36.0,49.0,4419,19.0,26,1.82,6.74,0,606.0,2,1,2,2.5,0.6338028169014085,0.2676056338028169,0.48380889548628286,Standard
1095_4_3,1095,4,214,18,2022,21,São Paulo Grand Prix,Alpine F1 Team,Autódromo José Carlos Pace,52,3,23790,71,17,5,71.0,153.0,8935,17.0,19,35.1,7.694,0,414.0,12,0,0,2.0,0.7323943661971831,0.23943661971830985,0.1427226851772197,Standard
1095_844_2,1095,844,6,18,2022,21,São Paulo Grand Prix,Ferrari,Autódromo José Carlos Pace,21,2,23172,71,5,16,275.0,487.0,5441,14.0,50,3.069,10.53,0,1969.0,-11,0,3,-2.5,0.29577464788732394,0.19718309859154928,0.3324908980110441,Standard
1095_848_1,1095,848,3,18,2022,21,São Paulo Grand Prix,Williams,Autódromo José Carlos Pace,4,1,24361,71,19,18,4.0,8.0,11664,4.0,67,2.253,,1,1983.0,1,0,0,-6.0,0.056338028169014086,0.056338028169014086,,Standard
1096_4_1,1096,4,214,24,2022,22,Abu Dhabi Grand Prix,Alpine F1 Team,Yas Marina Circuit,19,1,21740,58,10,7,81.0,167.0,3402,19.0,39,0.771,5.7,0,1383.6666666666715,3,0,2,5.0,0.3275862068965517,0.3275862068965517,0.7139064699090656,Standard
1096_815_1,1096,815,9,24,2022,22,Abu Dhabi Grand Prix,Red Bull,Yas Marina Circuit,15,1,21360,58,2,3,290.0,719.0,4158,15.0,43,1.385,2.396,0,1358.3333333333285,-1,0,5,1.0,0.25862068965517243,0.25862068965517243,0.7137512871228453,Standard
1098_4_2,1098,4,117,3,2023,1,Bahrain Grand Prix,Aston Martin,Bahrain International Circuit,34,2,24869,57,5,3,0.0,0.0,2811,20.0,23,24.007,6.461,0,341.0,2,1,4,1.0,0.5964912280701754,0.3508771929824561,0.1740190939808533,Standard
1098_807_1,1098,807,210,3,2023,1,Bahrain Grand Prix,Haas F1 Team,Bahrain International Circuit,11,1,26075,57,10,16,0.0,0.0,6306,11.0,46,0.683,0.78,0,1221.3333333333285,-6,2,5,-2.0,0.19298245614035087,0.19298245614035087,1.1559748175742888,Undercut
1098_807_3,1098,807,210,3,2023,1,Bahrain Grand Prix,Haas F1 Team,Bahrain International Circuit,40,3,27080,57,10,16,0.0,0.0,21708,14.0,17,5.91,47.01,0,1180.0,-6,5,5,0.5,0.7017543859649122,0.24561403508771928,0.16554679424902735,Standard
1098_839_1,1098,839,214,3,2023,1,Bahrain Grand Prix,Alpine F1 Team,Bahrain International Circuit,12,1,24966,57,9,9,0.0,0.0,4244,12.0,45,9.278,5.147,0,1376.6666666666715,0,1,7,-1.0,0.21052631578947367,0.21052631578947367,0.2599761762105701,Standard
1098_840_2,1098,840,117,3,2023,1,Bahrain Grand Prix,Aston Martin,Bahrain International Circuit,30,2,24639,57,8,8,0.0,0.0,3960,15.0,27,5.022,23.497,0,1311.0,0,1,3,-4.0,0.5263157894736842,0.2631578947368421,0.2068791131704738,Standard
1098_844_2,1098,844,6,3,2023,1,Bahrain Grand Prix,Ferrari,Bahrain International Circuit,33,2,24644,57,3,3,0.0,0.0,3692,20.0,24,11.677,12.663,0,1063.6666666666715,0,0,4,1.0,0.5789473684210527,0.3508771929824561,0.15207338463410225,Standard
1098_846_1,1098,846,1,3,2023,1,Bahrain Grand Prix,McLaren,Bahrain International Circuit,10,1,32766,57,11,13,0.0,0.0,3744,10.0,47,1.397,2.189,0,1011.6666666666715,-2,0,1,-3.0,0.17543859649122806,0.17543859649122806,0.7307660759706296,Standard
1098_848_2,1098,848,3,3,2023,1,Bahrain Grand Prix,Williams,Bahrain International Circuit,26,2,24920,57,15,10,0.0,0.0,4138,15.0,31,9.428,1.142,0,1369.3333333333285,5,0,1,-4.0,0.45614035087719296,0.2631578947368421,0.5627490735457973,Standard
1098_856_1,1098,856,213,3,2023,1,Bahrain Grand Prix,AlphaTauri,Bahrain International Circuit,11,1,25018,57,19,17,0.0,0.0,5087,11.0,46,0.78,11.853,0,1116.6666666666715,2,3,6,-2.0,0.19298245614035087,0.19298245614035087,0.6396006003932104,Standard
1099_832_1,1099,832,6,77,2023,2,Saudi Arabian Grand Prix,Ferrari,Jeddah Corniche Circuit,15,1,20760,50,4,4,12.0,12.0,2522,15.0,35,6.673,1.536,0,399.3333333333285,0,0,2,2.0,0.3,0.3,0.5246488876354096,Standard
1099_844_1,1099,844,6,77,2023,2,Saudi Arabian Grand Prix,Ferrari,Jeddah Corniche Circuit,16,1,20026,50,12,5,0.0,12.0,3072,16.0,34,2.203,3.422,0,359.6666666666715,7,0,2,3.0,0.32,0.32,0.5383493228377455,Standard
1100_852_1,1100,852,213,1,2023,3,Australian Grand Prix,AlphaTauri,Albert Park Grand Prix Circuit,8,1,931820,58,12,8,0.0,0.0,1004034,8.0,50,3.87,3.929,1,6079.6666666666715,4,7,10,-10.0,0.13793103448275862,0.13793103448275862,0.40821971794137946,Emergency
1100_855_2,1100,855,51,1,2023,3,Australian Grand Prix,Alfa Romeo,Albert Park Grand Prix Circuit,8,2,937849,58,17,15,0.0,4.0,1021212,7.0,50,3.674,2.227,1,5476.6666666666715,2,14,17,-8.0,0.13793103448275862,0.1206896551724138,0.5238348503394352,Emergency
1101_847_1,1101,847,131,73,2023,4,Azerbaijan Grand Prix,Mercedes,Baku City Circuit,11,1,20459,51,11,5,18.0,56.0,42958,11.0,40,6.584,0.051,1,173.66666666667152,6,5,9,0.0,0.21568627450980393,0.21568627450980393,1.0833313260025614,Standard
1101_852_1,1101,852,213,73,2023,4,Azerbaijan Grand Prix,AlphaTauri,Baku City Circuit,8,1,20497,51,8,10,1.0,1.0,4621,8.0,43,6.902,0.73,0,134.33333333332848,-2,0,2,-3.0,0.1568627450980392,0.1568627450980392,0.7045849225263817,Standard
1102_840_1,1102,840,117,79,2023,5,Miami Grand Prix,Aston Martin,Miami International Autodrome,42,1,22651,57,18,8,27.0,87.0,5016,42.0,15,3.429,0.043,0,22.0,10,0,0,16.0,0.7368421052631579,0.7368421052631579,1.1845573723434861,Standard
1104_807_2,1104,807,210,6,2023,6,Monaco Grand Prix,Haas F1 Team,Circuit de Monaco,54,2,34725,78,18,18,6.0,8.0,62652,53.0,24,10.056,30.527,1,16449.66666666667,0,7,13,37.5,0.6923076923076923,0.6794871794871795,0.12216746934621588,Emergency
1105_839_1,1105,839,214,4,2023,7,Spanish Grand Prix,Alpine F1 Team,Circuit de Barcelona-Catalunya,13,1,22112,66,6,8,21.0,35.0,4680,13.0,53,1.635,1.839,0,1186.0,-2,0,0,-5.0,0.19696969696969696,0.19696969696969696,0.7317433444306832,Standard
1105_847_1,1105,847,131,4,2023,7,Spanish Grand Prix,Mercedes,Circuit de Barcelona-Catalunya,25,1,22275,66,12,2,50.0,119.0,4129,25.0,41,25.296,2.816,0,353.0,10,0,2,7.0,0.3787878787878788,0.3787878787878788,0.3000831048428502,Standard
1105_848_2,1105,848,3,4,2023,7,Spanish Grand Prix,Williams,Circuit de Barcelona-Catalunya,37,2,23449,66,18,19,1.0,1.0,5639,21.0,29,0.433,22.664,0,554.3333333333285,-1,0,3,0.0,0.5606060606060606,0.3181818181818182,0.7400949888341408,Standard
1105_856_1,1105,856,213,4,2023,7,Spanish Grand Prix,AlphaTauri,Circuit de Barcelona-Catalunya,9,1,22522,66,14,16,0.0,2.0,3704,9.0,57,0.653,1.031,0,503.3333333333285,-2,1,2,-9.0,0.13636363636363635,0.13636363636363635,1.0973289690379875,Undercut
1105_858_1,1105,858,3,4,2023,7,Spanish Grand Prix,Williams,Circuit de Barcelona-Catalunya,17,1,22583,66,20,14,0.0,1.0,5193,17.0,49,0.805,1.195,0,1034.6666666666715,6,1,4,-1.0,0.25757575757575757,0.25757575757575757,1.0095974861022594,Undercut
1105_858_2,1105,858,3,4,2023,7,Spanish Grand Prix,Williams,Circuit de Barcelona-Catalunya,36,2,23827,66,20,20,0.0,1.0,4346,19.0,30,1.742,,0,1095.6666666666715,0,1,4,-2.0,0.5454545454545454,0.2878787878787879,,Standard
1106_855_1,1106,855,51,7,2023,8,Canadian Grand Prix,Alfa Romeo,Circuit Gilles Villeneuve,12,1,24161,70,20,13,4.0,8.0,30192,12.0,58,4.914,0.303,1,160.0,7,7,11,-7.0,0.17142857142857143,0.17142857142857143,0.9365500025824228,Standard
1106_857_2,1106,857,1,7,2023,8,Canadian Grand Prix,McLaren,Circuit Gilles Villeneuve,37,2,23436,70,8,13,5.0,17.0,16018,25.0,33,0.535,3.582,0,449.6666666666715,-5,1,5,-3.0,0.5285714285714286,0.35714285714285715,0.8697111057714865,Undercut
1107_822_2,1107,822,51,70,2023,9,Austrian Grand Prix,Alfa Romeo,Red Bull Ring,21,2,31785,71,14,18,5.0,9.0,4020,19.0,50,0.154,5.834,0,921.6666666666715,-4,0,0,-6.0,0.29577464788732394,0.2676056338028169,1.012878314107919,Undercut
1108_848_1,1108,848,3,9,2023,10,British Grand Prix,Williams,Silverstone Circuit,32,1,29634,52,8,6,7.0,7.0,3957,32.0,20,1.067,1.448,1,39.66666666667152,2,0,2,19.0,0.6153846153846154,0.6153846153846154,0.8922896686492691,Overcut
1108_855_3,1108,855,51,9,2023,10,British Grand Prix,Alfa Romeo,Silverstone Circuit,36,3,34374,52,17,15,4.0,9.0,48003,3.0,16,1.348,1.184,1,32270.66666666667,2,0,0,-17.0,0.6923076923076923,0.057692307692307696,0.8837698360696657,Undercut
1109_807_2,1109,807,210,11,2023,11,Hungarian Grand Prix,Haas F1 Team,Hungaroring,38,2,21955,70,10,12,9.0,11.0,2569,22.0,32,4.589,2.798,0,613.3333333333285,-2,0,0,0.0,0.5428571428571428,0.3142857142857143,0.4422193560641714,Standard
1109_815_1,1109,815,9,11,2023,11,Hungarian Grand Prix,Red Bull,Hungaroring,24,1,21862,70,9,3,156.0,411.0,2922,24.0,46,0.527,2.461,0,245.0,6,0,1,9.0,0.34285714285714286,0.34285714285714286,0.9438126815652077,Standard
1109_852_2,1109,852,213,11,2023,11,Hungarian Grand Prix,AlphaTauri,Hungaroring,44,2,21181,70,17,11,2.0,2.0,5150,35.0,26,8.339,0.958,0,1406.3333333333285,6,2,6,13.0,0.6285714285714286,0.5,0.6178030754201,Overcut
1109_858_1,1109,858,3,11,2023,11,Hungarian Grand Prix,Williams,Hungaroring,13,1,24001,70,20,13,0.0,11.0,2577,13.0,57,0.787,7.735,0,159.66666666667152,7,0,0,-2.0,0.18571428571428572,0.18571428571428572,0.6740790591849999,Standard
1110_1_2,1110,1,131,13,2023,12,Belgian Grand Prix,Mercedes,Circuit de Spa-Francorchamps,27,2,23023,44,3,4,133.0,223.0,4569,15.0,17,7.72,10.539,0,660.0,-1,0,3,0.0,0.6136363636363636,0.3409090909090909,0.20134152149352297,Standard
1110_807_1,1110,807,210,13,2023,12,Belgian Grand Prix,Haas F1 Team,Circuit de Spa-Francorchamps,12,1,24571,44,0,12,9.0,11.0,5108,12.0,32,1.972,0.652,0,497.0,-12,1,2,2.0,0.2727272727272727,0.2727272727272727,0.9418006315604235,Standard
1110_807_2,1110,807,210,13,2023,12,Belgian Grand Prix,Haas F1 Team,Circuit de Spa-Francorchamps,24,2,25238,44,0,13,9.0,11.0,4909,12.0,20,0.55,1.578,0,2913.0,-13,2,6,-3.0,0.5454545454545454,0.2727272727272727,1.0330588853574914,Undercut
1110_840_1,1110,840,117,13,2023,12,Belgian Grand Prix,Aston Martin,Circuit de Spa-Francorchamps,20,1,25397,44,10,11,45.0,184.0,9834,20.0,24,1.083,2.227,0,2124.3333333333285,-1,0,0,10.0,0.45454545454545453,0.45454545454545453,0.7899621547132698,Undercut
1110_842_1,1110,842,214,13,2023,12,Belgian Grand Prix,Alpine F1 Team,Circuit de Spa-Francorchamps,23,1,25664,44,12,8,16.0,47.0,7850,23.0,21,1.263,1.754,0,3528.3333333333285,4,0,2,13.0,0.5227272727272727,0.5227272727272727,0.8049995009869548,Undercut
1111_822_4,1111,822,51,39,2023,13,Dutch Grand Prix,Alfa Romeo,Circuit Park Zandvoort,63,4,2405113,72,18,15,5.0,9.0,62234,4.0,9,6.394,13.994,1,14507.0,3,10,14,3.0,0.875,0.05555555555555555,0.20193813707973496,Emergency
1111_839_5,1111,839,214,39,2023,13,Dutch Grand Prix,Alpine F1 Team,Circuit Park Zandvoort,63,5,2432201,72,16,11,35.0,57.0,46985,2.0,9,4.555,20.296,1,18722.33333333333,5,6,10,-7.0,0.875,0.027777777777777776,0.22697517685652863,Emergency
1111_842_1,1111,842,214,39,2023,13,Dutch Grand Prix,Alpine F1 Team,Circuit Park Zandvoort,1,1,28469,72,12,16,22.0,57.0,0,1.0,71,1.092,1.576,0,,-4,2,2,-18.0,0.013888888888888888,0.013888888888888888,0.8662102300393097,Undercut
1111_842_4,1111,842,214,39,2023,13,Dutch Grand Prix,Alpine F1 Team,Circuit Park Zandvoort,60,4,20417,72,12,4,22.0,57.0,5914,14.0,12,15.308,1.258,0,745.0,8,1,3,13.0,0.8333333333333334,0.19444444444444445,0.5041893940233325,Standard
1111_844_2,1111,844,6,39,2023,13,Dutch Grand Prix,Ferrari,Circuit Park Zandvoort,11,2,27202,72,9,4,99.0,191.0,6074,10.0,61,12.64,4.038,0,1441.3333333333285,5,2,13,-15.5,0.1527777777777778,0.1388888888888889,0.27180524785821303,Standard
1111_846_3,1111,846,1,39,2023,13,Dutch Grand Prix,McLaren,Circuit Park Zandvoort,42,3,18878,72,2,10,69.0,103.0,4133,32.0,30,1.393,3.092,0,482.0,-8,0,1,19.0,0.5833333333333334,0.4444444444444444,0.6622647760105129,Overcut
1111_847_4,1111,847,131,39,2023,13,Dutch Grand Prix,Mercedes,Circuit Park Zandvoort,60,4,24019,72,3,9,99.0,247.0,7583,44.0,12,3.57,1.245,0,778.0,-6,4,6,43.0,0.8333333333333334,0.6111111111111112,0.6642526791849624,Overcut
1111_857_1,1111,857,1,39,2023,13,Dutch Grand Prix,McLaren,Circuit Park Zandvoort,15,1,18979,72,8,12,34.0,103.0,6664,15.0,57,0.746,8.934,0,517.3333333333285,-4,0,0,-4.0,0.20833333333333334,0.20833333333333334,0.673402071080356,Standard
1111_857_2,1111,857,1,39,2023,13,Dutch Grand Prix,McLaren,Circuit Park Zandvoort,46,2,19120,72,8,8,34.0,103.0,4805,31.0,26,0.253,4.87,0,354.6666666666715,0,1,4,5.5,0.6388888888888888,0.4305555555555556,0.9684423482449617,Standard
1111_857_5,1111,857,1,39,2023,13,Dutch Grand Prix,McLaren,Circuit Park Zandvoort,64,5,38453,72,8,10,34.0,103.0,2463980,1.0,8,4.205,2.596,1,28391.0,-2,9,22,-8.0,0.8888888888888888,0.013888888888888888,0.47020972176364173,Emergency
1112_842_2,1112,842,214,14,2023,14,Italian Grand Prix,Alpine F1 Team,Autodromo Nazionale di Monza,31,2,24686,51,17,17,37.0,73.0,5169,21.0,20,0.03,6.189,0,485.6666666666715,0,0,0,4.0,0.6078431372549019,0.4117647058823529,1.1099751913319567,Standard
1113_832_1,1113,832,6,15,2023,15,Singapore Grand Prix,Ferrari,Marina Bay Street Circuit,20,1,29499,62,1,1,117.0,228.0,17832,20.0,42,,9.198,1,164.33333333332848,0,0,1,7.0,0.3225806451612903,0.3225806451612903,,Standard
1113_839_1,1113,839,214,15,2023,15,Singapore Grand Prix,Alpine F1 Team,Marina Bay Street Circuit,20,1,29755,62,8,8,36.0,73.0,25802,20.0,42,3.268,6.167,1,411.0,0,6,7,7.0,0.3225806451612903,0.3225806451612903,0.373830174721718,Standard
1113_848_2,1113,848,3,15,2023,15,Singapore Grand Prix,Williams,Marina Bay Street Circuit,43,2,29787,62,14,12,21.0,21.0,20566,23.0,19,5.242,3.091,1,354.0,2,0,0,9.0,0.6935483870967742,0.3709677419354839,0.404644074946364,Standard
1114_815_2,1114,815,9,22,2023,16,Japanese Grand Prix,Red Bull,Suzuka Circuit,12,2,41499,53,5,17,223.0,597.0,21341,10.0,41,0.311,1.188,0,998.0,-12,0,3,-3.0,0.22641509433962265,0.18867924528301888,1.2198148977084633,Undercut
1114_846_1,1114,846,1,22,2023,16,Japanese Grand Prix,McLaren,Suzuka Circuit,17,1,23523,53,3,1,97.0,139.0,3580,17.0,36,,1.669,0,9650.0,2,0,2,5.0,0.32075471698113206,0.32075471698113206,,Standard
1115_807_2,1115,807,210,78,2023,17,Qatar Grand Prix,Haas F1 Team,Losail International Circuit,27,2,28274,57,14,11,9.0,12.0,5827,14.0,30,0.047,2.108,0,676.6666666666715,3,1,7,-5.0,0.47368421052631576,0.24561403508771928,1.2768601593816493,Undercut
1115_859_1,1115,859,213,78,2023,17,Qatar Grand Prix,AlphaTauri,Losail International Circuit,3,1,29330,57,17,17,2.0,5.0,13337,3.0,54,0.813,0.355,1,7130.5,0,3,4,-19.5,0.05263157894736842,0.05263157894736842,1.2895793602172094,Undercut
1116_822_1,1116,822,51,69,2023,18,United States Grand Prix,Alfa Romeo,Circuit of the Americas,10,1,24783,56,13,12,10.0,16.0,689,10.0,46,1.544,1.596,0,466.3333333333285,1,1,2,-4.0,0.17857142857142858,0.17857142857142858,0.7782897733329457,Undercut
1116_822_2,1116,822,51,69,2023,18,United States Grand Prix,Alfa Romeo,Circuit of the Americas,28,2,25020,56,13,13,10.0,16.0,1686,18.0,28,1.862,1.464,0,927.0,0,0,1,-1.0,0.5,0.32142857142857145,0.7552501656275241,Undercut
1116_842_1,1116,842,214,69,2023,18,United States Grand Prix,Alpine F1 Team,Circuit of the Americas,18,1,23900,56,7,5,46.0,90.0,1512,18.0,38,2.36,1.718,0,850.3333333333285,2,0,5,4.0,0.32142857142857145,0.32142857142857145,0.6655366340796804,Standard
1116_852_2,1116,852,213,69,2023,18,United States Grand Prix,AlphaTauri,Circuit of the Americas,34,2,24125,56,11,9,3.0,5.0,734,17.0,22,7.175,0.655,0,524.0,2,1,2,-2.0,0.6071428571428571,0.30357142857142855,0.726553766272162,Standard
1116_855_2,1116,855,51,69,2023,18,United States Grand Prix,Alfa Romeo,Circuit of the Americas,27,2,24717,56,12,16,6.0,16.0,4927,18.0,29,0.181,1.239,0,1415.3333333333285,-4,0,0,-1.0,0.48214285714285715,0.32142857142857145,1.293368009714631,Undercut
1117_4_1,1117,4,117,32,2023,19,Mexico City Grand Prix,Aston Martin,Autódromo Hermanos Rodríguez,29,1,22844,71,13,15,183.0,236.0,3756,29.0,42,1.869,0.007,0,442.0,-2,0,2,9.0,0.4084507042253521,0.4084507042253521,1.341602162347015,Standard
1117_825_1,1117,825,210,32,2023,19,Mexico City Grand Prix,Haas F1 Team,Autódromo Hermanos Rodríguez,23,1,23642,71,16,13,3.0,12.0,4188,23.0,48,1.069,1.64,0,1427.3333333333285,3,1,3,3.0,0.323943661971831,0.323943661971831,0.8621131566999136,Undercut
1117_852_2,1117,852,213,32,2023,19,Mexico City Grand Prix,AlphaTauri,Autódromo Hermanos Rodríguez,34,2,1218057,71,18,8,8.0,10.0,55006,25.0,37,3.348,2.149,1,9462.333333333328,10,7,10,-6.0,0.4788732394366197,0.352112676056338,0.5475519308856099,Emergency
1118_1_2,1118,1,131,18,2023,20,São Paulo Grand Prix,Mercedes,Autódromo José Carlos Pace,2,2,1406375,71,5,3,220.0,371.0,17028,1.0,69,2.359,1.684,0,0.0,2,2,19,-18.0,0.028169014084507043,0.014084507042253521,0.6702858925173334,Emergency
1118_1_4,1118,1,131,18,2023,20,São Paulo Grand Prix,Mercedes,Autódromo José Carlos Pace,46,4,24074,71,5,7,220.0,371.0,4976,28.0,25,8.854,2.126,0,1397.3333333333285,-2,1,3,4.0,0.647887323943662,0.39436619718309857,0.42137926458215735,Standard
1118_815_2,1118,815,9,18,2023,20,São Paulo Grand Prix,Red Bull,Autódromo José Carlos Pace,2,2,1411712,71,9,7,240.0,731.0,10909,1.0,69,2.361,1.913,0,0.0,2,6,23,-18.0,0.028169014084507043,0.014084507042253521,0.6408192026775088,Emergency
1118_822_1,1118,822,51,18,2023,20,São Paulo Grand Prix,Alfa Romeo,Autódromo José Carlos Pace,1,1,20732,71,18,13,10.0,16.0,0,1.0,70,0.572,4.671,0,,5,12,12,-11.0,0.014084507042253521,0.014084507042253521,0.8124680587767863,Undercut
1118_842_1,1118,842,214,18,2023,20,São Paulo Grand Prix,Alpine F1 Team,Autódromo José Carlos Pace,1,1,20523,71,15,12,56.0,101.0,0,1.0,70,1.661,0.572,0,,3,11,11,-11.0,0.014084507042253521,0.014084507042253521,1.011930887487055,Undercut
1118_855_2,1118,855,51,18,2023,20,São Paulo Grand Prix,Alfa Romeo,Autódromo José Carlos Pace,2,2,1419945,71,20,13,6.0,16.0,0,1.0,69,3.325,1.527,0,0.0,7,12,29,-18.0,0.028169014084507043,0.014084507042253521,0.6269400303313806,Emergency
1118_857_2,1118,857,1,18,2023,20,São Paulo Grand Prix,McLaren,Autódromo José Carlos Pace,2,2,38489,71,10,16,87.0,256.0,1547713,1.0,69,,6.599,0,0.0,-6,15,32,-18.0,0.028169014084507043,0.014084507042253521,,Emergency
1118_857_4,1118,857,1,18,2023,20,São Paulo Grand Prix,McLaren,Autódromo José Carlos Pace,52,4,23338,71,10,15,87.0,256.0,7288,28.0,19,11.961,,0,696.6666666666715,-5,1,3,4.0,0.7323943661971831,0.39436619718309857,,Standard
1118_858_4,1118,858,3,18,2023,20,São Paulo Grand Prix,Williams,Autódromo José Carlos Pace,44,4,24137,71,19,12,1.0,28.0,5894,27.0,27,3.604,5.744,0,1092.6666666666715,7,0,0,3.0,0.6197183098591549,0.38028169014084506,0.3654823852176611,Standard
1119_817_1,1119,817,213,80,2023,21,Las Vegas Grand Prix,AlphaTauri,Las Vegas Strip Street Circuit,17,1,22242,50,14,12,6.0,21.0,6247,17.0,33,1.678,0.631,0,507.0,2,2,7,2.0,0.34,0.34,0.9865337795668225,Standard
1119_825_2,1119,825,210,80,2023,21,Las Vegas Grand Prix,Haas F1 Team,Las Vegas Strip Street Circuit,26,2,21868,50,8,14,3.0,12.0,23635,12.0,24,10.018,3.593,1,423.3333333333285,-6,7,8,-7.0,0.52,0.24,0.30848319498718657,Standard
1119_847_2,1119,847,131,80,2023,21,Las Vegas Grand Prix,Mercedes,Las Vegas Strip Street Circuit,26,2,21952,50,3,5,156.0,382.0,17304,11.0,24,2.939,2.26,1,1042.6666666666715,-2,3,4,-8.0,0.52,0.22,0.5606200072579226,Standard
1119_857_1,1119,857,1,80,2023,21,Las Vegas Grand Prix,McLaren,Las Vegas Strip Street Circuit,16,1,23269,50,18,9,87.0,282.0,8698,16.0,34,1.527,0.409,0,605.6666666666715,9,2,5,1.0,0.32,0.32,1.1054493654479105,Standard
1120_1_1,1120,1,131,24,2023,22,Abu Dhabi Grand Prix,Mercedes,Yas Marina Circuit,15,1,22195,58,11,7,232.0,392.0,3017,15.0,43,0.643,0.969,0,978.3333333333285,4,0,5,0.0,0.25862068965517243,0.25862068965517243,1.1165147429713203,Standard
1120_4_1,1120,4,117,24,2023,22,Abu Dhabi Grand Prix,Aston Martin,Yas Marina Circuit,12,1,22462,58,7,8,200.0,273.0,2718,12.0,46,0.758,0.17,0,498.6666666666715,-1,0,0,-3.0,0.20689655172413793,0.20689655172413793,1.423529068580263,Undercut
1120_4_2,1120,4,117,24,2023,22,Abu Dhabi Grand Prix,Aston Martin,Yas Marina Circuit,36,2,21841,58,7,4,200.0,273.0,2241,24.0,22,2.763,1.688,0,252.66666666667152,3,1,4,3.0,0.6206896551724138,0.41379310344827586,0.6377692254153855,Standard
1120_840_1,1120,840,117,24,2023,22,Abu Dhabi Grand Prix,Aston Martin,Yas Marina Circuit,22,1,21866,58,13,4,73.0,273.0,2415,22.0,36,0.225,1.991,0,472.6666666666715,9,1,1,7.0,0.3793103448275862,0.3793103448275862,1.1506628729726593,Standard
1120_844_2,1120,844,6,24,2023,22,Abu Dhabi Grand Prix,Ferrari,Yas Marina Circuit,35,2,21246,58,2,2,188.0,388.0,2233,18.0,23,10.941,5.151,0,441.6666666666715,0,0,3,-3.0,0.603448275862069,0.3103448275862069,0.24632027100240084,Standard
1120_858_1,1120,858,3,24,2023,22,Abu Dhabi Grand Prix,Williams,Yas Marina Circuit,15,1,22124,58,20,16,1.0,28.0,3699,15.0,43,0.662,1.819,0,764.3333333333285,4,2,7,0.0,0.25862068965517243,0.25862068965517243,0.956420439095377,Standard
1121_807_2,1121,807,210,3,2024,1,Bahrain Grand Prix,Haas F1 Team,Bahrain International Circuit,20,2,24768,57,10,19,0.0,0.0,3481,19.0,37,1.231,76.716,0,672.6666666666715,-9,0,0,1.0,0.3508771929824561,0.3333333333333333,0.46109685672060136,Standard
1121_840_2,1121,840,117,3,2024,1,Bahrain Grand Prix,Aston Martin,Bahrain International Circuit,27,2,24545,57,12,13,0.0,0.0,4216,18.0,30,0.43,0.339,0,1594.3333333333285,-1,0,0,0.0,0.47368421052631576,0.3157894736842105,1.4461266888451356,Undercut
1121_842_3,1121,842,214,3,2024,1,Bahrain Grand Prix,Alpine F1 Team,Bahrain International Circuit,43,3,25240,57,20,17,0.0,0.0,3179,12.0,14,6.154,6.222,0,536.0,3,0,2,-2.0,0.7543859649122807,0.21052631578947367,0.27824773912098955,Standard
1121_844_1,1121,844,6,3,2024,1,Bahrain Grand Prix,Ferrari,Bahrain International Circuit,11,1,24069,57,2,6,0.0,0.0,4875,11.0,46,0.147,1.962,0,1092.6666666666715,-4,1,5,-2.0,0.19298245614035087,0.19298245614035087,1.2094493046770278,Undercut
1121_846_2,1121,846,1,3,2024,1,Bahrain Grand Prix,McLaren,Bahrain International Circuit,33,2,24705,57,7,5,0.0,0.0,3210,20.0,24,5.446,1.581,0,664.0,2,0,3,2.0,0.5789473684210527,0.3508771929824561,0.5425816934968215,Standard
1122_830_1,1122,830,9,77,2024,2,Saudi Arabian Grand Prix,Red Bull,Jeddah Corniche Circuit,7,1,20607,50,1,1,26.0,44.0,29243,7.0,43,,4.323,1,119.0,0,0,0,-6.0,0.14,0.14,,Standard
1122_855_1,1122,855,15,77,2024,2,Saudi Arabian Grand Prix,Sauber,Jeddah Corniche Circuit,41,1,46381,50,20,10,0.0,0.0,2643,41.0,9,26.741,1.31,0,119.0,10,0,0,28.0,0.82,0.82,0.4689481600912335,Standard
1122_857_1,1122,857,1,77,2024,2,Saudi Arabian Grand Prix,McLaren,Jeddah Corniche Circuit,7,1,21427,50,5,4,4.0,12.0,32341,7.0,43,4.362,0.85,1,139.33333333332848,1,3,3,-6.0,0.14,0.14,0.7270381160720585,Standard
1123_1_1,1123,1,131,1,2024,3,Australian Grand Prix,Mercedes,Albert Park Grand Prix Circuit,7,1,17596,58,11,14,8.0,26.0,13788,7.0,51,6.441,4.841,0,315.6666666666715,-3,0,3,-9.0,0.1206896551724138,0.1206896551724138,0.30559409994013054,Standard
1123_4_1,1123,4,117,1,2024,3,Australian Grand Prix,Aston Martin,Albert Park Grand Prix Circuit,17,1,18160,58,10,5,12.0,13.0,26001,17.0,41,1.109,9.426,1,669.3333333333285,5,0,2,1.0,0.29310344827586204,0.29310344827586204,0.5700724298965538,Standard
1123_855_1,1123,855,15,1,2024,3,Australian Grand Prix,Sauber,Albert Park Grand Prix Circuit,6,1,19032,58,19,17,0.0,0.0,15029,6.0,52,4.923,5.756,0,95.0,2,1,2,-10.0,0.10344827586206896,0.10344827586206896,0.3168499393289469,Standard
1124_815_1,1124,815,9,22,2024,4,Japanese Grand Prix,Red Bull,Suzuka Circuit,1,1,1577661,53,2,2,46.0,97.0,0,1.0,52,2.032,1.984,0,,0,1,1,-11.0,0.018867924528301886,0.018867924528301886,0.6649359468617145,Emergency
1124_822_2,1124,822,15,22,2024,4,Japanese Grand Prix,Sauber,Suzuka Circuit,6,2,24824,53,13,12,0.0,0.0,3009,5.0,47,0.673,0.797,0,17298.33333333333,1,0,1,-9.0,0.11320754716981132,0.09433962264150944,1.154211658469103,Undercut
1124_825_1,1124,825,210,22,2024,4,Japanese Grand Prix,Haas F1 Team,Suzuka Circuit,1,1,1584630,53,18,16,1.0,4.0,0,1.0,52,5.577,3.284,0,,2,15,15,-11.0,0.018867924528301886,0.018867924528301886,0.38547170933651453,Emergency
1124_844_2,1124,844,6,22,2024,4,Japanese Grand Prix,Ferrari,Suzuka Circuit,26,2,23285,53,8,4,47.0,93.0,5695,25.0,27,0.097,0.822,0,434.6666666666715,4,0,0,11.0,0.49056603773584906,0.4716981132075472,1.4604244486760118,Standard
1124_847_2,1124,847,131,22,2024,4,Japanese Grand Prix,Mercedes,Suzuka Circuit,22,2,23577,53,9,7,18.0,26.0,3158,21.0,31,0.738,0.9,0,1045.3333333333285,2,0,0,7.0,0.41509433962264153,0.39622641509433965,1.1016897825691963,Standard
1124_852_3,1124,852,215,22,2024,4,Japanese Grand Prix,RB F1 Team,Suzuka Circuit,22,3,23486,53,10,14,6.0,6.0,4746,15.0,31,0.067,1.036,0,2270.0,-4,4,4,1.0,0.41509433962264153,0.2830188679245283,1.4283662583340546,Undercut
1125_825_1,1125,825,210,17,2024,5,Chinese Grand Prix,Haas F1 Team,Shanghai International Circuit,17,1,22974,56,17,14,1.0,4.0,7083,17.0,39,1.807,0.421,0,845.3333333333285,3,1,2,5.0,0.30357142857142855,0.30357142857142855,1.0599819943455926,Standard
1125_830_2,1125,830,9,17,2024,5,Chinese Grand Prix,Red Bull,Shanghai International Circuit,23,2,22270,56,1,1,77.0,141.0,38419,10.0,33,,18.791,1,12103.333333333328,0,0,4,-7.0,0.4107142857142857,0.17857142857142858,,Standard
1126_1_1,1126,1,131,79,2024,6,Miami Grand Prix,Mercedes,Miami International Autodrome,26,1,22107,57,8,7,19.0,52.0,6197,26.0,31,2.146,0.038,0,5337.0,1,0,1,4.0,0.45614035087719296,0.45614035087719296,1.281255091029132,Undercut
1126_839_1,1126,839,214,79,2024,6,Miami Grand Prix,Alpine F1 Team,Miami International Autodrome,22,1,22663,57,13,10,0.0,0.0,8812,22.0,35,12.684,2.582,0,679.0,3,0,0,0.0,0.38596491228070173,0.38596491228070173,0.35225169336239154,Standard
1128_855_2,1128,855,15,6,2024,8,Monaco Grand Prix,Sauber,Circuit de Monaco,70,2,24367,78,18,16,0.0,0.0,22962,69.0,8,32.239,,0,4083.3333333333285,2,0,0,53.0,0.8974358974358975,0.8846153846153846,,Standard
1129_807_3,1129,807,210,7,2024,9,Canadian Grand Prix,Haas F1 Team,Circuit Gilles Villeneuve,44,3,24751,70,17,12,6.0,7.0,16410,19.0,26,0.309,1.845,0,241.66666666667152,5,6,11,4.5,0.6285714285714286,0.2714285714285714,1.1154357892701738,Standard
1129_817_2,1129,817,215,7,2024,9,Canadian Grand Prix,RB F1 Team,Circuit Gilles Villeneuve,43,2,23860,70,5,13,5.0,24.0,15809,17.0,27,0.704,2.048,0,205.0,-8,1,3,-10.5,0.6142857142857143,0.24285714285714285,0.9149384495952091,Undercut
1129_825_4,1129,825,210,7,2024,9,Canadian Grand Prix,Haas F1 Team,Circuit Gilles Villeneuve,54,4,26845,70,14,14,1.0,7.0,42714,13.0,16,19.12,165.999,1,6074.0,0,2,3,0.0,0.7714285714285715,0.18571428571428572,0.055689849073154885,Standard
1129_830_1,1129,830,9,7,2024,9,Canadian Grand Prix,Red Bull,Circuit Gilles Villeneuve,25,1,24306,70,2,2,169.0,276.0,27895,25.0,45,30.217,0.279,1,737.3333333333285,0,0,1,7.5,0.35714285714285715,0.35714285714285715,0.8138946564945531,Standard
1129_839_1,1129,839,214,7,2024,9,Canadian Grand Prix,Alpine F1 Team,Circuit Gilles Villeneuve,44,1,24495,70,18,9,1.0,2.0,16524,44.0,26,1.507,2.607,0,293.3333333333285,9,4,9,26.5,0.6285714285714286,0.6285714285714286,0.6761218297665899,Overcut
1129_844_1,1129,844,6,7,2024,9,Canadian Grand Prix,Ferrari,Circuit Gilles Villeneuve,25,1,24031,70,11,12,138.0,252.0,38334,25.0,45,3.191,4.787,1,549.3333333333285,-1,7,8,7.5,0.35714285714285715,0.35714285714285715,0.4114076437462142,Standard
1129_847_2,1129,847,131,7,2024,9,Canadian Grand Prix,Mercedes,Circuit Gilles Villeneuve,45,2,25431,70,1,3,54.0,96.0,17579,20.0,25,4.054,8.446,0,876.3333333333285,-2,1,13,-7.5,0.6428571428571429,0.2857142857142857,0.3037279951162214,Standard
1129_852_1,1129,852,215,7,2024,9,Canadian Grand Prix,RB F1 Team,Circuit Gilles Villeneuve,44,1,25569,70,8,7,19.0,24.0,17696,44.0,26,4.107,3.046,0,224.33333333332848,1,2,7,26.5,0.6285714285714286,0.6285714285714286,0.4429673596018995,Overcut
1130_855_1,1130,855,15,4,2024,10,Spanish Grand Prix,Sauber,Circuit de Barcelona-Catalunya,9,1,22523,66,15,18,0.0,0.0,3531,9.0,57,0.196,0.526,0,311.3333333333285,-3,0,0,-8.0,0.13636363636363635,0.13636363636363635,1.4914283960953285,Undercut
1130_858_1,1130,858,3,4,2024,10,Spanish Grand Prix,Williams,Circuit de Barcelona-Catalunya,14,1,22401,66,19,15,0.0,2.0,3918,14.0,52,0.471,0.794,0,257.0,4,1,4,-3.0,0.21212121212121213,0.21212121212121213,1.2372232541889385,Undercut
1131_822_2,1131,822,15,70,2024,11,Austrian Grand Prix,Sauber,Red Bull Ring,42,2,21991,71,18,14,0.0,0.0,4232,23.0,29,0.692,0.228,0,1017.6666666666715,4,1,1,0.0,0.5915492957746479,0.323943661971831,1.4053487960203603,Standard
1131_840_1,1131,840,117,70,2024,11,Austrian Grand Prix,Aston Martin,Red Bull Ring,20,1,21399,71,17,11,17.0,58.0,4965,20.0,51,0.163,0.878,0,1270.6666666666715,6,1,3,-5.0,0.28169014084507044,0.28169014084507044,1.392326591011275,Undercut
1131_846_1,1131,846,1,70,2024,11,Austrian Grand Prix,McLaren,Red Bull Ring,23,1,21617,71,2,2,150.0,237.0,5224,23.0,48,5.966,7.85,0,1495.0,0,1,6,-2.0,0.323943661971831,0.323943661971831,0.2565487574027845,Standard
1131_855_2,1131,855,15,70,2024,11,Austrian Grand Prix,Sauber,Red Bull Ring,51,2,21594,71,20,19,0.0,0.0,4836,23.0,20,16.007,41.141,0,1479.3333333333285,1,5,6,0.0,0.7183098591549296,0.323943661971831,0.08252917720984648,Standard
1131_858_3,1131,858,3,70,2024,11,Austrian Grand Prix,Williams,Red Bull Ring,49,3,22093,71,19,20,0.0,2.0,4631,29.0,22,30.309,,0,1197.6666666666715,-1,0,1,24.0,0.6901408450704225,0.4084507042253521,,Standard
1132_815_2,1132,815,9,9,2024,12,British Grand Prix,Red Bull,Silverstone Circuit,28,2,32313,52,0,16,118.0,355.0,13113,9.0,24,43.443,7.913,1,16422.66666666667,-16,1,18,-8.0,0.5384615384615384,0.17307692307692307,0.13469640052093346,Standard
1132_844_3,1132,844,6,9,2024,12,British Grand Prix,Ferrari,Silverstone Circuit,37,3,29166,52,11,15,150.0,291.0,6368,10.0,15,35.021,18.636,0,10047.666666666672,-4,3,3,-9.5,0.7115384615384616,0.19230769230769232,0.07868845253681692,Standard
1132_846_1,1132,846,1,9,2024,12,British Grand Prix,McLaren,Silverstone Circuit,27,1,28661,52,3,1,156.0,268.0,13946,27.0,25,,3.244,1,4957.0,2,0,8,14.0,0.5192307692307693,0.5192307692307693,,Standard
1133_817_1,1133,817,215,11,2024,13,Hungarian Grand Prix,RB F1 Team,Hungaroring,7,1,21084,70,9,10,11.0,31.0,583,7.0,63,0.819,0.421,0,261.3333333333285,-1,1,4,-8.5,0.1,0.1,1.2534823790940806,Undercut
1133_858_3,1133,858,3,11,2024,13,Hungarian Grand Prix,Williams,Hungaroring,63,3,21908,70,14,18,0.0,4.0,5899,30.0,7,7.391,7.954,0,1631.3333333333285,-4,0,0,13.0,0.9,0.42857142857142855,0.23085723674016326,Standard
1134_807_1,1134,807,210,13,2024,14,Belgian Grand Prix,Haas F1 Team,Circuit de Spa-Francorchamps,7,1,23562,44,16,19,22.0,27.0,4751,7.0,37,0.994,,0,217.33333333332848,-3,0,0,-3.0,0.1590909090909091,0.1590909090909091,,Standard
1134_847_1,1134,847,131,13,2024,14,Belgian Grand Prix,Mercedes,Circuit de Spa-Francorchamps,10,1,22686,44,6,7,116.0,241.0,4740,10.0,34,2.789,2.401,0,288.6666666666715,-1,0,4,0.0,0.22727272727272727,0.22727272727272727,0.5579530464275135,Standard
1134_852_1,1134,852,215,13,2024,14,Belgian Grand Prix,RB F1 Team,Circuit de Spa-Francorchamps,15,1,23452,44,20,16,22.0,33.0,5550,15.0,29,0.485,0.589,0,493.0,4,1,2,5.0,0.3409090909090909,0.3409090909090909,1.3027272939167212,Standard
1135_842_1,1135,842,214,39,2024,15,Dutch Grand Prix,Alpine F1 Team,Circuit Park Zandvoort,32,1,22646,72,9,7,6.0,11.0,3711,32.0,40,1.295,0.823,0,1532.0,2,0,4,17.0,0.4444444444444444,0.4444444444444444,0.9842761996613114,Undercut
1135_852_2,1135,852,215,39,2024,15,Dutch Grand Prix,RB F1 Team,Circuit Park Zandvoort,32,2,20880,72,11,13,22.0,34.0,4177,18.0,40,2.522,4.625,0,1533.3333333333285,-2,1,5,-1.0,0.4444444444444444,0.25,0.46170736324058304,Standard
1136_847_2,1136,847,131,14,2024,16,Italian Grand Prix,Mercedes,Autodromo Nazionale di Monza,33,2,26297,53,3,8,122.0,276.0,5087,22.0,20,5.33,8.683,0,839.6666666666715,-5,0,3,4.0,0.6226415094339622,0.41509433962264153,0.26125166188393234,Standard
1137_848_1,1137,848,3,73,2024,17,Azerbaijan Grand Prix,Williams,Baku City Circuit,31,1,20287,51,9,8,6.0,6.0,3805,31.0,20,2.619,12.041,0,437.3333333333285,1,0,0,20.0,0.6078431372549019,0.6078431372549019,0.3530006613571214,Standard
1138_825_2,1138,825,210,15,2024,18,Singapore Grand Prix,Haas F1 Team,Marina Bay Street Circuit,49,2,31291,62,14,19,6.0,29.0,72734,21.0,13,39.716,,0,448.3333333333285,-5,0,0,6.5,0.7903225806451613,0.3387096774193548,,Standard
1138_832_1,1138,832,6,15,2024,18,Singapore Grand Prix,Ferrari,Marina Bay Street Circuit,13,1,29385,62,10,14,184.0,425.0,8378,13.0,49,3.046,1.387,0,424.0,-4,0,1,0.0,0.20967741935483872,0.20967741935483872,0.666093589410924,Standard
1138_861_1,1138,861,3,15,2024,18,Singapore Grand Prix,Williams,Marina Bay Street Circuit,29,1,29772,62,12,8,4.0,16.0,9662,29.0,33,1.174,3.782,0,965.0,4,2,5,16.0,0.46774193548387094,0.46774193548387094,0.6690991247844859,Overcut
1139_842_1,1139,842,214,69,2024,19,United States Grand Prix,Alpine F1 Team,Circuit of the Americas,18,1,28228,56,6,6,8.0,13.0,467,18.0,38,9.18,3.143,0,1078.0,0,0,1,3.0,0.32142857142857145,0.32142857142857145,0.339602814319322,Standard
1139_844_1,1139,844,6,69,2024,19,United States Grand Prix,Ferrari,Circuit of the Americas,26,1,23817,56,4,1,245.0,441.0,1260,26.0,30,,13.091,0,769.0,3,0,1,11.0,0.4642857142857143,0.4642857142857143,,Standard
1140_844_1,1140,844,6,32,2024,20,Mexico City Grand Prix,Ferrari,Autódromo Hermanos Rodríguez,31,1,22860,71,4,2,275.0,496.0,4731,31.0,40,12.133,13.876,0,1151.6666666666715,2,0,3,10.0,0.43661971830985913,0.43661971830985913,0.14336643617543698,Standard
1140_844_2,1140,844,6,32,2024,20,Mexico City Grand Prix,Ferrari,Autódromo Hermanos Rodríguez,69,2,22690,71,4,3,275.0,496.0,4643,38.0,2,12.288,25.642,0,954.6666666666715,1,0,1,9.0,0.971830985915493,0.5352112676056338,0.11279058957350119,Standard
1140_859_1,1140,859,215,32,2024,20,Mexico City Grand Prix,RB F1 Team,Autódromo Hermanos Rodríguez,39,1,22586,71,12,10,2.0,36.0,3615,39.0,32,0.336,2.284,0,605.0,2,1,1,18.0,0.5492957746478874,0.5492957746478874,1.0530096931593573,Overcut
1141_807_2,1141,807,210,18,2024,21,São Paulo Grand Prix,Haas F1 Team,Autódromo José Carlos Pace,27,2,58984,69,17,18,31.0,46.0,146451,2.0,42,109.052,,1,10172.333333333328,-1,7,9,-14.0,0.391304347826087,0.028985507246376812,,Emergency
1141_822_1,1141,822,15,18,2024,21,São Paulo Grand Prix,Sauber,Autódromo José Carlos Pace,32,1,1422094,69,11,12,0.0,0.0,67121,32.0,37,5.987,4.035,1,32186.33333333333,-1,11,13,22.0,0.463768115942029,0.463768115942029,0.34173267448456196,Emergency
1141_844_2,1141,844,6,18,2024,21,São Paulo Grand Prix,Ferrari,Autódromo José Carlos Pace,32,2,1420260,69,6,7,291.0,537.0,79588,8.0,37,2.514,3.661,1,27974.33333333333,-1,6,8,-8.0,0.463768115942029,0.11594202898550725,0.499122216500718,Emergency
1141_859_2,1141,859,215,18,2024,21,São Paulo Grand Prix,RB F1 Team,Autódromo José Carlos Pace,32,2,1422722,69,5,10,2.0,36.0,74755,4.0,37,2.394,2.827,1,33401.0,-5,9,11,-12.0,0.463768115942029,0.057971014492753624,0.5559388761334925,Emergency
1141_860_2,1141,860,210,18,2024,21,São Paulo Grand Prix,Haas F1 Team,Autódromo José Carlos Pace,32,2,1424737,69,15,15,7.0,46.0,74484,5.0,37,4.157,,1,30404.0,0,14,16,-11.0,0.463768115942029,0.07246376811594203,,Emergency
1142_852_2,1142,852,215,80,2024,22,Las Vegas Grand Prix,RB F1 Team,Las Vegas Strip Street Circuit,29,2,21208,50,7,8,28.0,44.0,6405,19.0,21,3.997,2.985,0,813.6666666666715,-1,0,4,0.5,0.58,0.38,0.45106110090144425,Standard
1142_859_2,1142,859,215,80,2024,22,Las Vegas Grand Prix,RB F1 Team,Las Vegas Strip Street Circuit,38,2,20642,50,14,15,4.0,44.0,6525,27.0,12,4.875,4.671,0,1361.6666666666715,-1,0,0,8.5,0.76,0.54,0.3465485092126046,Standard
1143_807_4,1143,807,210,78,2024,23,Qatar Grand Prix,Haas F1 Team,Losail International Circuit,37,4,37692,57,18,14,35.0,50.0,33860,1.0,20,2.977,13.509,1,24104.0,4,13,43,-12.0,0.6491228070175439,0.017543859649122806,0.3203685510383444,Emergency
1143_830_1,1143,830,9,78,2024,23,Qatar Grand Prix,Red Bull,Losail International Circuit,35,1,28303,57,2,1,403.0,555.0,7957,35.0,22,,3.914,1,65.0,1,0,3,18.0,0.6140350877192983,0.6140350877192983,,Overcut
1143_840_1,1143,840,117,78,2024,23,Qatar Grand Prix,Aston Martin,Losail International Circuit,1,1,29783,57,15,17,24.0,86.0,0,1.0,56,1.409,28.478,0,,-2,0,0,-16.0,0.017543859649122806,0.017543859649122806,0.44903360819479365,Standard
1143_844_2,1143,844,6,78,2024,23,Qatar Grand Prix,Ferrari,Losail International Circuit,36,2,25675,57,5,3,319.0,584.0,73070,1.0,21,3.296,2.621,1,4736.6666666666715,2,2,18,-16.0,0.631578947368421,0.017543859649122806,0.5089414788655253,Emergency
1143_847_3,1143,847,131,78,2024,23,Qatar Grand Prix,Mercedes,Losail International Circuit,36,3,22763,57,1,7,217.0,425.0,56690,1.0,21,9.138,2.535,1,9909.333333333328,-6,6,22,-17.0,0.631578947368421,0.017543859649122806,0.3815242161704545,Emergency
1143_847_4,1143,847,131,78,2024,23,Qatar Grand Prix,Mercedes,Losail International Circuit,37,4,34037,57,1,7,217.0,425.0,49286,1.0,20,2.618,1.153,1,28806.0,-6,6,36,-12.0,0.6491228070175439,0.017543859649122806,0.7408639827132593,Emergency
1143_848_3,1143,848,3,78,2024,23,Qatar Grand Prix,Williams,Losail International Circuit,37,3,36548,57,16,13,12.0,17.0,32300,1.0,20,1.286,2.977,1,31151.66666666667,3,12,42,-17.0,0.6491228070175439,0.017543859649122806,0.6888911327622895,Emergency
1143_852_3,1143,852,215,78,2024,23,Qatar Grand Prix,RB F1 Team,Losail International Circuit,37,3,35849,57,14,12,30.0,46.0,32666,1.0,20,2.606,1.286,1,30814.66666666667,2,11,41,-17.0,0.6491228070175439,0.017543859649122806,0.7147609044709677,Emergency
1143_857_3,1143,857,1,78,2024,23,Qatar Grand Prix,McLaren,Losail International Circuit,37,3,29326,57,4,4,268.0,608.0,80830,1.0,20,1.196,2.348,1,30324.66666666667,0,3,33,-17.0,0.6491228070175439,0.017543859649122806,0.7540591887498287,Emergency
1143_859_4,1143,859,215,78,2024,23,Qatar Grand Prix,RB F1 Team,Losail International Circuit,40,4,34655,57,17,15,4.0,46.0,34453,3.0,17,2.293,,1,39052.33333333333,2,1,1,-10.0,0.7017543859649122,0.05263157894736842,,Standard
1144_1_1,1144,1,131,24,2024,24,Abu Dhabi Grand Prix,Mercedes,Yas Marina Circuit,34,1,21694,58,16,4,211.0,446.0,2311,34.0,24,0.442,2.558,0,220.66666666667152,12,0,2,19.0,0.5862068965517241,0.5862068965517241,0.9745380494737885,Overcut
1144_4_2,1144,4,117,24,2024,24,Abu Dhabi Grand Prix,Aston Martin,Yas Marina Circuit,37,2,22437,58,8,9,68.0,92.0,2565,24.0,21,5.083,5.484,0,664.0,-1,0,0,3.0,0.6379310344827587,0.41379310344827586,0.318618356007372,Standard
1144_825_1,1144,825,210,24,2024,24,Abu Dhabi Grand Prix,Haas F1 Team,Yas Marina Circuit,12,1,26363,58,14,9,16.0,54.0,3363,12.0,46,3.562,0.998,0,1820.3333333333285,5,0,1,-3.0,0.20689655172413793,0.20689655172413793,0.7197026048407023,Standard
1144_825_4,1144,825,210,24,2024,24,Abu Dhabi Grand Prix,Haas F1 Team,Yas Marina Circuit,55,4,22090,58,14,16,16.0,54.0,4723,25.0,3,31.098,4.692,0,3345.3333333333285,-2,0,0,12.0,0.9482758620689655,0.43103448275862066,0.20683976124243889,Standard
1144_847_1,1144,847,131,24,2024,24,Abu Dhabi Grand Prix,Mercedes,Yas Marina Circuit,26,1,21656,58,6,3,235.0,446.0,2569,26.0,32,1.197,2.869,0,566.0,3,1,3,11.0,0.4482758620689655,0.4482758620689655,0.7136308552052877,Standard
1144_855_1,1144,855,15,24,2024,24,Abu Dhabi Grand Prix,Sauber,Yas Marina Circuit,12,1,23024,58,15,12,4.0,4.0,2949,12.0,46,4.061,1.142,0,669.6666666666715,3,1,2,-3.0,0.20689655172413793,0.20689655172413793,0.6644428172375451,Standard
900_18_1,900,18,1,1,2014,1,Australian Grand Prix,McLaren,Albert Park Grand Prix Circuit,11,1,22411,57,10,9,0.0,0.0,21864,11.0,46,21.762,14.999,0,258.6666666666715,1,0,1,-9.0,0.19298245614035087,0.19298245614035087,0.10643677706791917,Standard
900_18_2,900,18,1,1,2014,1,Australian Grand Prix,McLaren,Albert Park Grand Prix Circuit,32,2,22399,57,10,10,0.0,0.0,19106,21.0,25,10.374,8.683,0,1066.0,0,0,1,1.0,0.5614035087719298,0.3684210526315789,0.1911935959143462,Standard
900_820_2,900,820,206,1,2014,1,Australian Grand Prix,Marussia,Albert Park Grand Prix Circuit,41,2,23493,57,17,15,0.0,0.0,22102,17.0,16,72.175,,0,1850.3333333333285,2,0,0,-3.0,0.7192982456140351,0.2982456140350877,,Standard
901_154_1,901,154,208,2,2014,2,Malaysian Grand Prix,Lotus F1,Sepang International Circuit,12,1,25046,56,15,10,0.0,0.0,4634,12.0,44,7.442,2.429,0,226.66666666667152,5,2,8,-8.0,0.21428571428571427,0.21428571428571427,0.41008555522599477,Standard
901_3_2,901,3,131,2,2014,2,Malaysian Grand Prix,Mercedes,Sepang International Circuit,32,2,25287,56,3,2,25.0,25.0,4760,18.0,24,15.163,15.448,0,643.0,1,0,2,-2.0,0.5714285714285714,0.32142857142857145,0.12266736777638124,Standard
901_4_1,901,4,6,2,2014,2,Malaysian Grand Prix,Ferrari,Sepang International Circuit,11,1,24466,56,4,6,12.0,18.0,4183,11.0,45,1.644,5.643,0,918.6666666666715,-2,0,4,-9.0,0.19642857142857142,0.19642857142857142,0.5287492231309197,Standard
901_817_2,901,817,9,2,2014,2,Malaysian Grand Prix,Red Bull,Sepang International Circuit,28,2,24775,56,5,4,0.0,0.0,3992,16.0,28,9.926,5.418,0,521.0,1,0,4,-4.0,0.5,0.2857142857142857,0.2473365825921935,Standard
901_817_5,901,817,9,2,2014,2,Malaysian Grand Prix,Red Bull,Sepang International Circuit,44,5,34480,56,5,16,0.0,0.0,4934,2.0,12,1.328,,0,55513.33333333334,-11,1,4,-18.0,0.7857142857142857,0.03571428571428571,,Standard
901_818_2,901,818,5,2,2014,2,Malaysian Grand Prix,Toro Rosso,Sepang International Circuit,17,2,26598,56,9,19,4.0,6.0,14343,15.0,39,11.625,,0,1893.3333333333285,-10,0,3,-5.0,0.30357142857142855,0.26785714285714285,,Standard
901_825_2,901,825,1,2,2014,2,Malaysian Grand Prix,McLaren,Sepang International Circuit,24,2,30661,56,8,11,18.0,33.0,5754,15.0,32,1.534,10.711,0,1133.6666666666715,-3,0,2,-5.0,0.42857142857142855,0.26785714285714285,0.480022795775422,Standard
901_826_3,901,826,5,2,2014,2,Malaysian Grand Prix,Toro Rosso,Sepang International Circuit,34,3,25289,56,11,12,2.0,6.0,5546,12.0,22,1.898,14.345,0,2588.6666666666715,-1,1,3,-8.0,0.6071428571428571,0.21428571428571427,0.41023336956015777,Standard
902_18_1,902,18,1,3,2014,3,Bahrain Grand Prix,McLaren,Bahrain International Circuit,17,1,24476,57,6,3,23.0,43.0,4385,17.0,40,30.063,1.269,0,2026.6666666666715,3,0,4,5.0,0.2982456140350877,0.2982456140350877,0.4729154261303253,Standard
902_3_1,902,3,131,3,2014,3,Bahrain Grand Prix,Mercedes,Bahrain International Circuit,21,1,24851,57,1,1,43.0,68.0,3873,21.0,36,,15.259,0,2098.6666666666715,0,0,2,9.0,0.3684210526315789,0.3684210526315789,,Standard
902_807_2,902,807,10,3,2014,3,Bahrain Grand Prix,Force India,Bahrain International Circuit,35,2,24440,57,11,3,18.0,19.0,5510,20.0,22,34.037,1.984,0,2333.6666666666715,8,0,3,3.0,0.6140350877192983,0.3508771929824561,0.3636618998177415,Standard
902_821_2,902,821,15,3,2014,3,Bahrain Grand Prix,Sauber,Bahrain International Circuit,27,2,25633,57,15,15,0.0,0.0,5660,15.0,30,0.545,2.594,0,2636.3333333333285,0,0,3,-2.0,0.47368421052631576,0.2631578947368421,0.9254907045723456,Undercut
902_824_2,902,824,206,3,2014,3,Bahrain Grand Prix,Marussia,Bahrain International Circuit,13,2,29729,57,19,20,0.0,0.0,37807,3.0,44,30.484,8.086,0,8798.666666666672,-1,3,7,-14.0,0.22807017543859648,0.05263157894736842,0.1418215970024906,Standard
902_826_1,902,826,5,3,2014,3,Bahrain Grand Prix,Toro Rosso,Bahrain International Circuit,10,1,26064,57,12,13,3.0,7.0,3690,10.0,47,3.967,0.913,0,813.3333333333285,-1,1,1,-2.0,0.17543859649122806,0.17543859649122806,0.7240679230437879,Standard
902_8_1,902,8,6,3,2014,3,Bahrain Grand Prix,Ferrari,Bahrain International Circuit,13,1,25009,57,5,9,6.0,30.0,4399,13.0,44,1.673,4.371,0,1040.0,-4,1,5,1.0,0.22807017543859648,0.22807017543859648,0.5602965531801462,Standard
903_820_3,903,820,206,17,2014,4,Chinese Grand Prix,Marussia,Shanghai International Circuit,48,3,23886,54,21,19,0.0,0.0,7100,16.0,6,18.7,25.221,0,1790.0,2,0,0,-4.0,0.8888888888888888,0.2962962962962963,0.08889879212945334,Standard
903_8_1,903,8,6,17,2014,4,Chinese Grand Prix,Ferrari,Shanghai International Circuit,10,1,22994,54,11,9,7.0,33.0,5485,10.0,44,7.311,0.014,0,783.6666666666715,2,1,2,-2.0,0.18518518518518517,0.18518518518518517,1.1065157580896685,Standard
904_16_1,904,16,15,4,2014,5,Spanish Grand Prix,Sauber,Circuit de Barcelona-Catalunya,17,1,28013,66,16,15,0.0,0.0,5191,17.0,49,2.257,1.812,0,889.0,1,3,8,5.0,0.25757575757575757,0.25757575757575757,0.6626497868034316,Standard
904_20_1,904,20,9,4,2014,5,Spanish Grand Prix,Red Bull,Circuit de Barcelona-Catalunya,12,1,21974,66,15,14,33.0,57.0,4331,12.0,54,0.534,0.043,0,305.0,1,0,0,0.0,0.18181818181818182,0.18181818181818182,1.6106632532522647,Standard
904_807_1,904,807,10,4,2014,5,Spanish Grand Prix,Force India,Circuit de Barcelona-Catalunya,17,1,22355,66,10,7,36.0,54.0,3472,17.0,49,1.949,0.96,0,465.3333333333285,3,1,6,5.0,0.25757575757575757,0.25757575757575757,0.8493020809544571,Standard
904_828_1,904,828,207,4,2014,5,Spanish Grand Prix,Caterham,Circuit de Barcelona-Catalunya,18,1,23091,66,19,21,0.0,0.0,5513,18.0,48,3.816,9.76,0,530.3333333333285,-2,4,11,6.0,0.2727272727272727,0.2727272727272727,0.3005779989872667,Standard
904_8_1,904,8,6,4,2014,5,Spanish Grand Prix,Ferrari,Circuit de Barcelona-Catalunya,17,1,22056,66,6,4,11.0,52.0,3764,17.0,49,12.208,3.711,0,647.6666666666715,2,0,5,5.0,0.25757575757575757,0.25757575757575757,0.2879808471763638,Standard
905_154_2,905,154,208,6,2014,6,Monaco Grand Prix,Lotus F1,Circuit de Monaco,23,2,25029,78,14,18,4.0,4.0,21215,22.0,55,18.973,,0,268.3333333333285,-4,0,0,4.0,0.2948717948717949,0.28205128205128205,,Standard
905_818_1,905,818,5,6,2014,6,Monaco Grand Prix,Toro Rosso,Circuit de Monaco,26,1,25444,78,7,7,4.0,8.0,35350,26.0,52,5.27,0.613,1,814.6666666666715,0,6,12,13.0,0.3333333333333333,0.3333333333333333,0.7794524354057097,Standard
905_828_2,905,828,207,6,2014,6,Monaco Grand Prix,Caterham,Circuit de Monaco,51,2,25585,78,22,14,0.0,0.0,23180,26.0,27,37.179,7.198,0,833.0,8,0,0,8.0,0.6538461538461539,0.3333333333333333,0.14817338040827327,Standard
906_154_1,906,154,208,7,2014,7,Canadian Grand Prix,Lotus F1,Circuit Gilles Villeneuve,11,1,23943,70,14,19,8.0,8.0,17576,11.0,59,8.001,,0,370.3333333333285,-5,0,0,-3.0,0.15714285714285714,0.15714285714285714,,Standard
906_821_3,906,821,15,7,2014,7,Canadian Grand Prix,Sauber,Circuit Gilles Villeneuve,32,3,24403,70,22,17,0.0,0.0,17711,30.0,38,15.378,,0,208.66666666667152,5,0,0,15.0,0.45714285714285713,0.42857142857142855,,Standard
906_825_1,906,825,1,7,2014,7,Canadian Grand Prix,McLaren,Circuit Gilles Villeneuve,15,1,23479,70,12,16,21.0,52.0,15771,15.0,55,2.74,2.457,0,489.6666666666715,-4,3,6,1.0,0.21428571428571427,0.21428571428571427,0.5566478307208964,Standard
907_3_1,907,3,131,70,2014,8,Austrian Grand Prix,Mercedes,Red Bull Ring,11,1,21474,71,3,4,140.0,258.0,3847,11.0,60,2.1,4.252,0,702.3333333333285,-1,0,4,-3.0,0.15492957746478872,0.15492957746478872,0.5129843009114807,Standard
907_815_1,907,815,10,70,2014,8,Austrian Grand Prix,Force India,Red Bull Ring,29,1,23770,71,15,5,20.0,77.0,3959,29.0,42,2.578,3.775,0,1318.6666666666715,10,0,4,15.0,0.4084507042253521,0.4084507042253521,0.48890982999657595,Overcut
909_155_1,909,155,207,10,2014,10,German Grand Prix,Caterham,Hockenheimring,15,1,20121,67,19,20,0.0,0.0,5504,15.0,52,7.667,20.412,0,1338.3333333333285,-1,2,9,0.0,0.22388059701492538,0.22388059701492538,0.1620829611713694,Standard
909_155_2,909,155,207,10,2014,10,German Grand Prix,Caterham,Hockenheimring,32,2,20092,67,19,18,0.0,0.0,4623,17.0,35,22.219,2.925,0,1710.3333333333285,1,2,4,-3.0,0.47761194029850745,0.2537313432835821,0.29784524698776504,Standard
909_16_2,909,16,15,10,2014,10,German Grand Prix,Sauber,Hockenheimring,32,2,19638,67,15,13,0.0,0.0,5154,16.0,35,4.949,5.535,0,2021.6666666666715,2,0,2,-4.0,0.47761194029850745,0.23880597014925373,0.32111766644892703,Standard
909_4_3,909,4,6,10,2014,10,German Grand Prix,Ferrari,Hockenheimring,55,3,19308,67,7,4,87.0,106.0,5873,22.0,12,5.029,4.923,0,2547.0,3,0,2,7.0,0.8208955223880597,0.3283582089552239,0.3346983473737031,Standard
909_815_1,909,815,10,10,2014,10,German Grand Prix,Force India,Hockenheimring,14,1,21802,67,10,9,28.0,91.0,6426,14.0,53,2.08,0.95,0,1419.6666666666715,1,2,6,-1.0,0.208955223880597,0.208955223880597,0.8374958374958376,Undercut
909_826_2,909,826,5,10,2014,10,German Grand Prix,Toro Rosso,Hockenheimring,32,2,20251,67,8,15,6.0,15.0,5646,23.0,35,5.329,9.05,0,1909.0,-7,1,3,3.0,0.47761194029850745,0.34328358208955223,0.25750533161338196,Standard
909_828_3,909,828,207,10,2014,10,German Grand Prix,Caterham,Hockenheimring,41,3,20423,67,22,20,0.0,0.0,5517,23.0,26,24.506,,0,1315.6666666666715,2,1,3,8.0,0.6119402985074627,0.34328358208955223,,Standard
910_1_2,910,1,131,11,2014,11,Hungarian Grand Prix,Mercedes,Hungaroring,39,2,23364,70,22,2,176.0,366.0,3875,31.0,31,1.339,8.708,0,427.6666666666715,20,0,2,11.0,0.5571428571428572,0.44285714285714284,0.5305409624128441,Overcut
910_826_2,910,826,5,11,2014,11,Hungarian Grand Prix,Toro Rosso,Hungaroring,30,2,22202,70,10,14,6.0,15.0,3378,22.0,40,1.129,1.537,0,1264.0,-4,0,0,2.0,0.42857142857142855,0.3142857142857143,0.8638704246202701,Undercut
911_18_1,911,18,1,13,2014,12,Belgian Grand Prix,McLaren,Circuit de Spa-Francorchamps,13,1,22800,44,10,3,60.0,97.0,4466,13.0,31,1.717,0.513,0,280.0,7,0,7,-1.0,0.29545454545454547,0.29545454545454547,1.0289915323484045,Undercut
911_817_1,911,817,9,13,2014,12,Belgian Grand Prix,Red Bull,Circuit de Spa-Francorchamps,11,1,22913,44,5,1,131.0,219.0,4677,11.0,33,,0.134,0,437.0,4,0,5,-3.0,0.25,0.25,,Standard
911_824_1,911,824,206,13,2014,12,Belgian Grand Prix,Marussia,Circuit de Spa-Francorchamps,1,1,25362,44,16,22,2.0,2.0,0,1.0,43,31.378,,0,,-6,1,1,-13.0,0.022727272727272728,0.022727272727272728,,Standard
911_824_2,911,824,206,13,2014,12,Belgian Grand Prix,Marussia,Circuit de Spa-Francorchamps,23,2,23918,44,16,20,2.0,2.0,6459,22.0,21,25.026,,0,1022.6666666666715,-4,1,6,2.0,0.5227272727272727,0.5,,Standard
912_16_1,912,16,15,14,2014,13,Italian Grand Prix,Sauber,Autodromo Nazionale di Monza,24,1,26864,53,14,15,0.0,0.0,4993,24.0,29,3.732,6.409,0,440.6666666666715,-1,3,6,10.0,0.4528301886792453,0.4528301886792453,0.3462981156430911,Standard
912_8_1,912,8,6,14,2014,13,Italian Grand Prix,Ferrari,Autodromo Nazionale di Monza,20,1,24547,53,11,9,39.0,160.0,4853,20.0,33,2.568,5.399,0,601.6666666666715,2,0,3,6.0,0.37735849056603776,0.37735849056603776,0.4365434761737575,Standard
913_154_1,913,154,208,15,2014,14,Singapore Grand Prix,Lotus F1,Marina Bay Street Circuit,10,1,29322,60,16,15,8.0,8.0,7807,10.0,50,2.958,4.608,0,433.6666666666715,1,2,4,-4.0,0.16666666666666666,0.16666666666666666,0.4309695454194866,Standard
913_4_1,913,4,6,15,2014,14,Singapore Grand Prix,Ferrari,Marina Bay Street Circuit,12,1,28912,60,5,3,121.0,162.0,8565,12.0,48,4.417,3.379,0,753.3333333333285,2,1,8,-2.0,0.2,0.2,0.4129666642398482,Standard
913_807_2,913,807,10,15,2014,14,Singapore Grand Prix,Force India,Marina Bay Street Circuit,25,2,29362,60,13,10,70.0,109.0,10971,16.0,35,3.568,15.35,0,2234.0,3,2,8,-3.0,0.4166666666666667,0.26666666666666666,0.2800762651499328,Standard
913_817_1,913,817,9,15,2014,14,Singapore Grand Prix,Red Bull,Marina Bay Street Circuit,12,1,29761,60,3,4,166.0,272.0,7399,12.0,48,3.379,2.244,0,144.66666666667152,-1,2,9,-2.0,0.2,0.2,0.5366240455441268,Standard
913_817_2,913,817,9,15,2014,14,Singapore Grand Prix,Red Bull,Marina Bay Street Circuit,27,2,29113,60,3,1,166.0,272.0,9164,15.0,33,,1.619,0,1327.3333333333285,2,0,5,-4.0,0.45,0.25,,Standard
913_818_2,913,818,5,15,2014,14,Singapore Grand Prix,Toro Rosso,Marina Bay Street Circuit,24,2,35309,60,12,10,11.0,19.0,9671,13.0,36,0.54,7.526,0,2332.6666666666715,2,1,6,-6.0,0.4,0.21666666666666667,0.7666389439788455,Undercut
913_818_3,913,818,5,15,2014,14,Singapore Grand Prix,Toro Rosso,Marina Bay Street Circuit,44,3,30111,60,12,12,11.0,19.0,9743,20.0,16,0.095,1.074,0,2738.3333333333285,0,0,1,5.0,0.7333333333333333,0.3333333333333333,1.3954020862780325,Undercut
913_820_3,913,820,206,15,2014,14,Singapore Grand Prix,Marussia,Marina Bay Street Circuit,41,3,29877,60,21,18,0.0,2.0,10320,23.0,19,29.911,,0,1446.3333333333285,3,0,0,8.0,0.6833333333333333,0.38333333333333336,,Standard
913_825_3,913,825,1,15,2014,14,Singapore Grand Prix,McLaren,Marina Bay Street Circuit,46,3,28706,60,9,12,38.0,110.0,9897,20.0,14,0.729,13.481,0,2385.6666666666715,-3,0,3,5.0,0.7666666666666667,0.3333333333333333,0.6474250038412153,Standard
913_8_3,913,8,6,15,2014,14,Singapore Grand Prix,Ferrari,Marina Bay Street Circuit,31,3,30194,60,7,8,41.0,162.0,43796,6.0,29,3.02,20.466,1,647.3333333333285,-1,2,8,-9.0,0.5166666666666667,0.1,0.2953415165855248,Standard
914_154_5,914,154,208,22,2014,15,Japanese Grand Prix,Lotus F1,Suzuka Circuit,43,5,23785,44,16,15,8.0,8.0,30568,9.0,1,0.71,0.118,1,2029.6666666666715,1,3,4,-11.0,0.9772727272727273,0.20454545454545456,1.4792497044639028,Standard
914_18_4,914,18,1,22,2014,15,Japanese Grand Prix,McLaren,Suzuka Circuit,42,4,24757,44,8,5,72.0,111.0,8400,11.0,2,3.345,47.266,0,2647.6666666666715,3,0,2,-9.0,0.9545454545454546,0.25,0.2508681154497823,Standard
914_815_2,914,815,10,22,2014,15,Japanese Grand Prix,Force India,Suzuka Circuit,11,2,24971,44,11,10,45.0,117.0,365,9.0,33,0.651,0.681,0,26739.666666666657,1,4,6,-9.0,0.25,0.20454545454545456,1.2005775166998098,Undercut
914_815_4,914,815,10,22,2014,15,Japanese Grand Prix,Force India,Suzuka Circuit,43,4,25313,44,11,9,45.0,117.0,21669,18.0,1,11.025,4.818,1,2542.0,2,1,2,-2.0,0.9772727272727273,0.4090909090909091,0.2550404544216851,Standard
914_817_3,914,817,9,22,2014,15,Japanese Grand Prix,Red Bull,Suzuka Circuit,36,3,25607,44,6,2,181.0,305.0,6651,25.0,8,1.095,3.022,0,498.0,4,0,4,10.0,0.8181818181818182,0.5681818181818182,0.7259594901075114,Standard
914_822_3,914,822,3,22,2014,15,Japanese Grand Prix,Williams,Suzuka Circuit,38,3,25052,44,3,6,122.0,187.0,3683,27.0,6,33.647,11.128,0,1488.0,-3,0,2,12.0,0.8636363636363636,0.6136363636363636,0.11131635363770277,Standard
914_825_1,914,825,1,22,2014,15,Japanese Grand Prix,McLaren,Suzuka Circuit,2,1,1135891,44,7,7,39.0,111.0,0,2.0,42,1.674,2.048,0,0.0,0,6,6,-12.0,0.045454545454545456,0.045454545454545456,0.7020555676613722,Emergency
914_825_4,914,825,1,22,2014,15,Japanese Grand Prix,McLaren,Suzuka Circuit,33,4,23701,44,7,15,39.0,111.0,9302,18.0,11,3.044,1.201,0,841.6666666666715,-8,1,3,-2.0,0.75,0.4090909090909091,0.701618857717313,Standard
914_826_3,914,826,5,22,2014,15,Japanese Grand Prix,Toro Rosso,Suzuka Circuit,23,3,24222,44,12,10,8.0,27.0,2675,12.0,21,1.897,0.81,0,165.0,2,1,4,-3.0,0.5227272727272727,0.2727272727272727,0.8976708616457871,Undercut
914_8_5,914,8,6,22,2014,15,Japanese Grand Prix,Ferrari,Suzuka Circuit,43,5,24768,44,10,12,45.0,178.0,26785,9.0,1,1.429,24.84,1,3980.6666666666715,-2,2,3,-11.0,0.9772727272727273,0.20454545454545456,0.45039174474582794,Standard
916_3_2,916,3,131,69,2014,17,United States Grand Prix,Mercedes,Circuit of the Americas,34,2,24513,56,1,1,274.0,565.0,403,19.0,22,,16.249,0,986.6666666666715,0,0,2,2.0,0.6071428571428571,0.3392857142857143,,Standard
916_822_1,916,822,3,69,2014,17,United States Grand Prix,Williams,Circuit of the Americas,15,1,24151,56,3,3,145.0,216.0,1370,15.0,41,9.018,9.46,0,1353.3333333333285,0,1,3,1.0,0.26785714285714285,0.26785714285714285,0.1954226178729148,Standard
916_826_1,916,826,5,69,2014,17,United States Grand Prix,Toro Rosso,Circuit of the Americas,21,1,24995,56,17,6,8.0,29.0,652,21.0,35,11.792,1.669,0,432.0,11,0,1,7.0,0.375,0.375,0.4528460205200375,Standard
917_18_1,917,18,1,18,2014,18,Brazilian Grand Prix,McLaren,Autódromo José Carlos Pace,6,1,23018,71,5,5,94.0,147.0,4752,6.0,65,0.546,0.449,0,189.0,0,0,3,-8.0,0.08450704225352113,0.08450704225352113,1.3369616553147685,Undercut
917_825_2,917,825,1,18,2014,18,Brazilian Grand Prix,McLaren,Autódromo José Carlos Pace,26,2,24190,71,7,8,53.0,147.0,5307,19.0,45,0.324,5.119,0,293.3333333333285,-1,2,6,1.0,0.36619718309859156,0.2676056338028169,0.9187124053700301,Standard
917_825_3,917,825,1,18,2014,18,Brazilian Grand Prix,McLaren,Autódromo José Carlos Pace,47,3,24131,71,7,8,53.0,147.0,7619,21.0,24,1.868,1.028,0,2101.3333333333285,-1,0,2,6.0,0.6619718309859155,0.29577464788732394,0.8417716818103043,Undercut
918_3_2,918,3,131,24,2014,19,Abu Dhabi Grand Prix,Mercedes,Yas Marina Circuit,34,2,24083,55,1,4,317.0,651.0,5497,23.0,21,6.856,14.149,0,3905.3333333333285,-3,0,0,5.0,0.6181818181818182,0.41818181818181815,0.19330220018152341,Standard
926_1_1,926,1,131,1,2015,1,Australian Grand Prix,Mercedes,Albert Park Grand Prix Circuit,25,1,22295,58,1,2,0.0,0.0,19264,25.0,33,13.415,22.685,0,767.0,-1,0,3,13.0,0.43103448275862066,0.43103448275862066,0.11159299661684302,Standard
926_828_1,926,828,15,1,2015,1,Australian Grand Prix,Sauber,Albert Park Grand Prix Circuit,1,1,22681,58,15,13,0.0,0.0,0,1.0,57,12.108,,0,,2,0,0,-11.0,0.017241379310344827,0.017241379310344827,,Standard
927_13_3,927,13,3,2,2015,2,Malaysian Grand Prix,Williams,Sepang International Circuit,38,3,26971,56,7,4,12.0,12.0,3472,14.0,18,33.48,1.414,0,100.0,3,1,2,-1.0,0.6785714285714286,0.25,0.44325252731071846,Standard
927_154_2,927,154,208,2,2015,2,Malaysian Grand Prix,Lotus F1,Sepang International Circuit,26,2,24621,56,10,5,0.0,0.0,4730,11.0,30,14.13,1.277,0,913.6666666666715,5,1,4,-4.0,0.4642857142857143,0.19642857142857142,0.5052682054894762,Standard
927_807_1,927,807,10,2,2015,2,Malaysian Grand Prix,Force India,Sepang International Circuit,15,1,25826,56,13,8,6.0,7.0,4874,15.0,41,0.577,0.235,0,1292.6666666666715,5,0,2,3.5,0.26785714285714285,0.26785714285714285,1.4438320081947222,Undercut
927_807_2,927,807,10,2,2015,2,Malaysian Grand Prix,Force India,Sepang International Circuit,31,2,25047,56,13,13,6.0,7.0,4835,16.0,25,1.385,0.435,0,2058.3333333333285,0,0,1,1.0,0.5535714285714286,0.2857142857142857,1.1161513232382998,Undercut
927_815_2,927,815,10,2,2015,2,Malaysian Grand Prix,Force India,Sepang International Circuit,35,2,35776,56,14,10,1.0,7.0,5934,18.0,21,3.173,0.45,0,1470.0,4,0,4,3.0,0.625,0.32142857142857145,0.9292909260682384,Undercut
927_832_2,927,832,5,2,2015,2,Malaysian Grand Prix,Toro Rosso,Sepang International Circuit,32,2,25165,56,15,8,2.0,2.0,5280,18.0,24,9.189,5.518,0,1773.0,7,0,2,3.0,0.5714285714285714,0.32142857142857145,0.25156635327203847,Standard
927_833_3,927,833,209,2,2015,2,Malaysian Grand Prix,Manor Marussia,Sepang International Circuit,42,3,29202,56,19,16,0.0,0.0,8449,20.0,14,137.57,,0,5846.6666666666715,3,0,3,5.0,0.75,0.35714285714285715,,Standard
929_1_1,929,1,131,3,2015,4,Bahrain Grand Prix,Mercedes,Bahrain International Circuit,15,1,25791,57,1,1,68.0,119.0,4922,15.0,42,,6.291,0,2134.0,0,0,5,2.0,0.2631578947368421,0.2631578947368421,,Standard
929_3_1,929,3,131,3,2015,4,Bahrain Grand Prix,Mercedes,Bahrain International Circuit,14,1,25311,57,3,2,51.0,119.0,4042,14.0,43,8.193,1.002,0,1388.0,1,0,3,1.0,0.24561403508771928,0.24561403508771928,0.6082789178622966,Standard
929_807_2,929,807,10,3,2015,4,Bahrain Grand Prix,Force India,Bahrain International Circuit,25,2,24679,57,8,10,6.0,7.0,4590,15.0,32,1.303,4.187,0,1666.3333333333285,-2,1,4,-1.5,0.43859649122807015,0.2631578947368421,0.6270059061612413,Standard
929_829_2,929,829,209,3,2015,4,Bahrain Grand Prix,Manor Marussia,Bahrain International Circuit,33,2,26479,57,18,17,0.0,0.0,4779,14.0,24,50.058,25.472,0,1065.3333333333285,1,2,4,-2.5,0.5789473684210527,0.24561403508771928,0.05736133242291509,Standard
929_832_2,929,832,5,3,2015,4,Bahrain Grand Prix,Toro Rosso,Bahrain International Circuit,29,2,26593,57,9,15,6.0,12.0,4277,18.0,28,7.268,5.291,0,2353.6666666666715,-6,0,0,1.5,0.5087719298245614,0.3157894736842105,0.2799054746580862,Standard
929_8_1,929,8,6,3,2015,4,Bahrain Grand Prix,Ferrari,Bahrain International Circuit,17,1,24773,57,4,1,24.0,79.0,4312,17.0,40,,6.462,0,1154.3333333333285,3,0,2,4.0,0.2982456140350877,0.2982456140350877,,Standard
930_13_1,930,13,3,4,2015,5,Spanish Grand Prix,Williams,Circuit de Barcelona-Catalunya,14,1,22139,66,9,5,31.0,61.0,3807,14.0,52,9.484,3.984,0,190.33333333332848,4,1,5,-3.0,0.21212121212121213,0.21212121212121213,0.2960254960092058,Standard
930_1_1,930,1,131,4,2015,5,Spanish Grand Prix,Mercedes,Circuit de Barcelona-Catalunya,13,1,24586,66,2,3,93.0,159.0,3637,13.0,53,4.084,3.372,0,264.0,-1,0,3,-4.0,0.19696969696969696,0.19696969696969696,0.4254237861565229,Standard
930_813_1,930,813,208,4,2015,5,Spanish Grand Prix,Lotus F1,Circuit de Barcelona-Catalunya,14,1,24976,66,12,7,0.0,12.0,4841,14.0,52,6.385,3.015,0,566.6666666666715,5,2,6,-3.0,0.21212121212121213,0.21212121212121213,0.38447561657325985,Standard
930_822_2,930,822,3,4,2015,5,Spanish Grand Prix,Williams,Circuit de Barcelona-Catalunya,42,2,21800,66,4,3,30.0,61.0,4958,27.0,24,11.664,2.041,0,2226.3333333333285,1,0,3,7.5,0.6363636363636364,0.4090909090909091,0.40780319005181453,Standard
930_828_1,930,828,15,4,2015,5,Spanish Grand Prix,Sauber,Circuit de Barcelona-Catalunya,18,1,25272,66,16,10,5.0,19.0,4365,18.0,48,1.416,2.465,0,459.6666666666715,6,0,3,1.0,0.2727272727272727,0.2727272727272727,0.7025075733685006,Standard
931_13_2,931,13,3,6,2015,6,Monaco Grand Prix,Williams,Circuit de Monaco,39,2,24970,78,12,17,39.0,81.0,18769,38.0,39,72.628,20.5,0,966.6666666666715,-5,0,4,19.0,0.5,0.48717948717948717,0.06009341744356608,Standard
931_828_2,931,828,15,6,2015,6,Monaco Grand Prix,Sauber,Circuit de Monaco,38,2,25398,78,17,16,5.0,19.0,19045,24.0,40,3.389,56.71,0,827.0,1,1,6,5.0,0.48717948717948717,0.3076923076923077,0.24517035251287278,Standard
931_833_1,931,833,209,6,2015,6,Monaco Grand Prix,Manor Marussia,Circuit de Monaco,35,1,27554,78,19,18,0.0,0.0,22248,35.0,43,32.995,22.54,0,2666.0,1,1,2,9.0,0.44871794871794873,0.44871794871794873,0.07189697420393798,Standard
932_815_1,932,815,10,7,2015,7,Canadian Grand Prix,Force India,Circuit Gilles Villeneuve,24,1,23453,70,10,15,11.0,17.0,16028,24.0,46,1.459,3.771,0,359.3333333333285,-5,0,1,9.0,0.34285714285714286,0.34285714285714286,0.6162690424363886,Standard
932_817_1,932,817,9,7,2015,7,Canadian Grand Prix,Red Bull,Circuit Gilles Villeneuve,23,1,23997,70,9,16,35.0,52.0,16610,23.0,47,3.985,4.666,0,383.0,-7,0,0,8.0,0.32857142857142857,0.32857142857142857,0.3770931573400045,Standard
933_154_1,933,154,208,70,2015,8,Austrian Grand Prix,Lotus F1,Red Bull Ring,23,1,22016,71,9,12,17.0,23.0,3493,23.0,48,2.161,4.867,0,133.33333333332848,-3,0,0,9.0,0.323943661971831,0.323943661971831,0.4868004447634901,Standard
933_813_1,933,813,208,70,2015,8,Austrian Grand Prix,Lotus F1,Red Bull Ring,37,1,21847,71,10,8,6.0,23.0,4202,37.0,34,2.421,3.84,0,682.6666666666715,2,0,2,23.0,0.5211267605633803,0.5211267605633803,0.4989237596662327,Overcut
933_815_1,933,815,10,70,2015,8,Austrian Grand Prix,Force India,Red Bull Ring,38,1,26689,71,13,7,11.0,21.0,4396,38.0,33,2.289,4.813,0,770.3333333333285,6,0,2,24.0,0.5352112676056338,0.5352112676056338,0.47607199493152264,Overcut
934_4_3,934,4,1,9,2015,9,British Grand Prix,McLaren,Silverstone Circuit,37,3,32593,52,17,11,0.0,4.0,10607,20.0,15,5.991,104.095,0,10737.666666666672,6,1,3,5.0,0.7115384615384616,0.38461538461538464,0.15255625331499972,Standard
934_807_1,934,807,10,9,2015,9,British Grand Prix,Force India,Silverstone Circuit,19,1,28558,52,9,5,18.0,31.0,0,19.0,33,11.117,6.167,0,135.33333333332848,4,1,3,-7.0,0.36538461538461536,0.36538461538461536,0.2220570727440385,Standard
934_826_2,934,826,9,9,2015,9,British Grand Prix,Red Bull,Silverstone Circuit,44,2,33979,52,7,6,19.0,55.0,36995,26.0,8,16.401,7.42,1,8152.0,1,3,6,7.0,0.8461538461538461,0.5,0.17623280721710236,Standard
934_832_1,934,832,5,9,2015,9,British Grand Prix,Toro Rosso,Silverstone Circuit,12,1,29393,52,8,10,9.0,19.0,0,12.0,40,0.798,5.27,0,303.0,-2,0,1,-14.0,0.23076923076923078,0.23076923076923078,0.7156631593139994,Standard
934_833_1,934,833,209,9,2015,9,British Grand Prix,Manor Marussia,Silverstone Circuit,36,1,34672,52,20,13,0.0,0.0,11941,36.0,16,26.754,,0,13338.333333333328,7,1,1,10.0,0.6923076923076923,0.6923076923076923,,Standard
934_833_2,934,833,209,9,2015,9,British Grand Prix,Manor Marussia,Silverstone Circuit,44,2,30686,52,20,13,0.0,0.0,21293,8.0,8,0.667,,1,23224.0,7,6,9,-11.0,0.8461538461538461,0.15384615384615385,,Standard
936_13_3,936,13,3,11,2015,10,Hungarian Grand Prix,Williams,Hungaroring,44,3,16823,69,8,12,74.0,151.0,39548,15.0,25,2.051,2.191,1,18388.33333333333,-4,3,14,0.0,0.6376811594202898,0.21739130434782608,0.6411427748540146,Standard
936_154_4,936,154,208,11,2015,10,Hungarian Grand Prix,Lotus F1,Hungaroring,44,4,17064,69,10,13,17.0,29.0,31786,2.0,25,2.191,4.581,1,23571.66666666667,-3,4,15,-18.0,0.6376811594202898,0.028985507246376812,0.4925607436836188,Emergency
936_18_4,936,18,1,11,2015,10,Hungarian Grand Prix,McLaren,Hungaroring,45,4,16639,69,16,10,4.0,5.0,55827,1.0,24,1.703,1.182,1,30880.66666666667,6,9,26,-19.0,0.6521739130434783,0.014492753623188406,0.8282544465480016,Emergency
936_4_4,936,4,1,11,2015,10,Hungarian Grand Prix,McLaren,Hungaroring,44,4,16796,69,15,11,1.0,5.0,62197,1.0,25,1.508,2.051,1,15763.333333333328,4,2,13,-19.0,0.6376811594202898,0.014492753623188406,0.7264854726429015,Emergency
936_831_4,936,831,15,11,2015,10,Hungarian Grand Prix,Sauber,Hungaroring,44,4,18246,69,18,17,16.0,21.0,25483,2.0,25,1.753,137.404,1,25020.66666666667,1,8,19,-18.0,0.6376811594202898,0.028985507246376812,0.3704653264117168,Emergency
936_831_5,936,831,15,11,2015,10,Hungarian Grand Prix,Sauber,Hungaroring,45,5,17235,69,18,17,16.0,21.0,55735,1.0,24,1.593,114.582,1,29271.33333333333,1,16,33,-19.0,0.6521739130434783,0.014492753623188406,0.3943055492002136,Emergency
937_1_2,937,1,131,13,2015,11,Belgian Grand Prix,Mercedes,Circuit de Spa-Francorchamps,30,2,22955,43,1,1,202.0,383.0,6008,17.0,13,,1.369,0,407.3333333333285,0,0,2,3.5,0.6976744186046512,0.3953488372093023,,Standard
937_3_1,937,3,131,13,2015,11,Belgian Grand Prix,Mercedes,Circuit de Spa-Francorchamps,12,1,22997,43,2,2,181.0,383.0,4987,12.0,31,11.351,2.219,0,209.33333333332848,0,0,3,1.5,0.27906976744186046,0.27906976744186046,0.3916205871094349,Standard
937_830_2,937,830,5,13,2015,11,Belgian Grand Prix,Toro Rosso,Circuit de Spa-Francorchamps,21,2,23041,43,18,8,22.0,31.0,33500,12.0,22,1.228,6.084,1,708.0,10,3,6,-1.5,0.4883720930232558,0.27906976744186046,0.5899962187527561,Standard
937_833_2,937,833,209,13,2015,11,Belgian Grand Prix,Manor Marussia,Circuit de Spa-Francorchamps,29,2,23282,43,17,15,0.0,0.0,6472,14.0,14,29.051,0.403,0,182.33333333332848,2,0,3,0.5,0.6744186046511628,0.32558139534883723,0.7460351377474165,Standard
938_18_1,938,18,1,14,2015,12,Italian Grand Prix,McLaren,Autodromo Nazionale di Monza,25,1,24310,53,15,13,6.0,17.0,4129,25.0,28,8.702,4.953,0,360.6666666666715,2,1,3,3.0,0.4716981132075472,0.4716981132075472,0.2710540614598593,Standard
939_3_2,939,3,131,15,2015,13,Singapore Grand Prix,Mercedes,Marina Bay Street Circuit,37,2,29887,61,6,4,199.0,451.0,23460,24.0,24,13.527,11.116,1,628.6666666666715,2,3,6,11.0,0.6065573770491803,0.39344262295081966,0.15137282763260262,Standard
939_807_1,939,807,10,15,2015,13,Singapore Grand Prix,Force India,Marina Bay Street Circuit,11,1,30868,61,11,10,30.0,63.0,7298,11.0,50,4.95,0.754,0,342.0,1,0,5,-1.0,0.18032786885245902,0.18032786885245902,0.738192654484827,Standard
939_817_2,939,817,9,15,2015,13,Singapore Grand Prix,Red Bull,Marina Bay Street Circuit,37,2,29419,61,2,2,55.0,113.0,19738,24.0,24,6.063,10.168,1,864.6666666666715,0,1,4,11.0,0.6065573770491803,0.39344262295081966,0.23112444406400523,Standard
940_18_2,940,18,1,22,2015,14,Japanese Grand Prix,McLaren,Suzuka Circuit,27,2,23801,53,14,13,6.0,17.0,2475,17.0,26,0.928,6.363,0,113.33333333332848,1,1,2,8.0,0.5094339622641509,0.32075471698113206,0.6544864053360895,Standard
940_20_2,940,20,6,22,2015,14,Japanese Grand Prix,Ferrari,Suzuka Circuit,30,2,23130,53,4,2,203.0,310.0,1817,17.0,23,14.752,19.373,0,120.33333333332848,2,0,4,8.0,0.5660377358490566,0.32075471698113206,0.11256857475028254,Standard
940_3_1,940,3,131,22,2015,14,Japanese Grand Prix,Mercedes,Suzuka Circuit,15,1,23078,53,1,2,211.0,463.0,2806,15.0,38,15.334,13.568,0,182.33333333332848,-1,0,4,13.0,0.2830188679245283,0.2830188679245283,0.12986559335540016,Standard
940_4_2,940,4,1,22,2015,14,Japanese Grand Prix,McLaren,Suzuka Circuit,28,2,23767,53,12,10,11.0,17.0,2653,19.0,25,5.928,3.013,0,446.0,2,1,4,10.0,0.5283018867924528,0.3584905660377358,0.3935319334564513,Standard
940_807_1,940,807,10,22,2015,14,Japanese Grand Prix,Force India,Suzuka Circuit,10,1,23750,53,13,8,30.0,69.0,2695,10.0,43,3.208,1.542,0,367.6666666666715,5,0,3,8.0,0.18867924528301888,0.18867924528301888,0.6310336162358312,Standard
940_817_1,940,817,9,22,2015,14,Japanese Grand Prix,Red Bull,Suzuka Circuit,1,1,26087,53,7,19,73.0,139.0,0,1.0,52,42.921,43.619,0,,-12,1,1,-1.0,0.018867924528301886,0.018867924528301886,0.04518012886959723,Standard
940_822_1,940,822,3,22,2015,14,Japanese Grand Prix,Williams,Suzuka Circuit,11,1,23542,53,3,4,101.0,198.0,2864,11.0,42,0.969,1.14,0,494.6666666666715,-1,0,5,9.0,0.20754716981132076,0.20754716981132076,0.9751617358780729,Standard
940_826_3,940,826,9,22,2015,14,Japanese Grand Prix,Red Bull,Suzuka Circuit,34,3,23381,53,20,12,66.0,139.0,3229,14.0,19,0.472,7.509,0,188.0,8,0,3,0.0,0.6415094339622641,0.2641509433962264,0.7968704491919042,Standard
940_831_2,940,831,15,22,2015,14,Japanese Grand Prix,Sauber,Suzuka Circuit,30,2,24116,53,16,13,17.0,26.0,2821,20.0,23,7.55,0.996,0,859.3333333333285,3,2,6,11.0,0.5660377358490566,0.37735849056603776,0.6179610683355014,Standard
941_813_1,941,813,208,71,2015,15,Russian Grand Prix,Lotus F1,Sochi Autodrom,30,1,29952,53,14,11,16.0,60.0,4817,30.0,23,1.248,8.546,0,194.33333333332848,3,2,2,6.5,0.5660377358490566,0.5660377358490566,0.5495957763606526,Standard
941_822_1,941,822,3,71,2015,15,Russian Grand Prix,Williams,Sochi Autodrom,26,1,30316,53,3,4,111.0,208.0,5950,26.0,27,2.182,6.884,0,819.6666666666715,-1,0,1,2.5,0.49056603773584906,0.49056603773584906,0.4411069240632796,Standard
941_830_1,941,830,5,71,2015,15,Russian Grand Prix,Toro Rosso,Sochi Autodrom,1,1,37334,53,9,18,32.0,44.0,0,1.0,52,40.389,,0,,-9,1,1,-22.5,0.018867924528301886,0.018867924528301886,,Standard
942_807_2,942,807,10,69,2015,16,United States Grand Prix,Force India,Circuit of the Americas,27,2,27360,56,6,7,38.0,92.0,10924,8.0,29,5.147,6.375,1,263.0,-1,1,3,-11.0,0.48214285714285715,0.14285714285714285,0.2982742029321179,Standard
942_831_3,942,831,15,69,2015,16,United States Grand Prix,Sauber,Circuit of the Americas,17,3,25714,56,15,16,25.0,34.0,870,14.0,39,58.266,4.541,0,975.6666666666715,-1,1,2,-1.0,0.30357142857142855,0.25,0.19734591952482677,Standard
942_834_3,942,834,209,69,2015,16,United States Grand Prix,Manor Marussia,Circuit of the Americas,27,3,25812,56,17,13,0.0,0.0,28176,10.0,29,81.519,21.846,1,8777.0,4,6,8,-5.0,0.48214285714285715,0.17857142857142858,0.05588975973961666,Standard
943_13_1,943,13,3,32,2015,17,Mexican Grand Prix,Williams,Autódromo Hermanos Rodríguez,9,1,22849,71,7,7,109.0,220.0,2734,9.0,62,0.625,0.213,0,390.6666666666715,0,0,1,-5.0,0.1267605633802817,0.1267605633802817,1.4397869237110785,Undercut
943_1_2,943,1,131,32,2015,17,Mexican Grand Prix,Mercedes,Autódromo Hermanos Rodríguez,48,2,22328,71,2,1,327.0,574.0,3404,20.0,23,,14.966,0,122.0,1,0,2,1.0,0.676056338028169,0.28169014084507044,,Standard
943_826_2,943,826,9,32,2015,17,Mexican Grand Prix,Red Bull,Autódromo Hermanos Rodríguez,52,2,22518,71,4,3,76.0,150.0,17012,31.0,19,20.059,1.813,1,60.33333333332848,1,0,5,12.0,0.7323943661971831,0.43661971830985913,0.40297799250955885,Overcut
943_831_3,943,831,15,32,2015,17,Mexican Grand Prix,Sauber,Autódromo Hermanos Rodríguez,51,3,23813,71,15,14,27.0,36.0,22377,7.0,20,33.42,19.879,0,263.0,1,2,4,-8.0,0.7183098591549296,0.09859154929577464,0.0769478903637764,Standard
943_834_1,943,834,209,32,2015,17,Mexican Grand Prix,Manor Marussia,Autódromo Hermanos Rodríguez,27,1,25367,71,16,17,0.0,0.0,6033,27.0,44,59.976,7.32,0,2330.0,-1,0,3,13.0,0.38028169014084506,0.38028169014084506,0.13659220273297942,Standard
944_13_2,944,13,3,18,2015,18,Brazilian Grand Prix,Williams,Autódromo José Carlos Pace,38,2,23927,71,8,7,117.0,243.0,6575,28.0,33,8.596,10.719,0,1521.3333333333285,1,0,0,8.0,0.5352112676056338,0.39436619718309857,0.18954160046419774,Standard
944_1_3,944,1,131,18,2015,18,Brazilian Grand Prix,Mercedes,Autódromo José Carlos Pace,49,3,22936,71,2,1,345.0,617.0,4957,15.0,22,,13.918,0,509.3333333333285,1,0,2,-6.5,0.6901408450704225,0.2112676056338028,,Standard
944_4_3,944,4,1,18,2015,18,Brazilian Grand Prix,McLaren,Autódromo José Carlos Pace,52,3,23810,71,20,14,11.0,27.0,6723,20.0,19,3.195,7.761,0,721.3333333333285,6,1,3,-1.5,0.7323943661971831,0.28169014084507044,0.3525212438536318,Standard
944_813_1,944,813,208,18,2015,18,Brazilian Grand Prix,Lotus F1,Autódromo José Carlos Pace,25,1,24115,71,15,12,26.0,71.0,5869,25.0,46,3.515,4.063,0,1328.3333333333285,3,0,0,18.0,0.352112676056338,0.352112676056338,0.41899529931719687,Standard
944_813_2,944,813,208,18,2015,18,Brazilian Grand Prix,Lotus F1,Autódromo José Carlos Pace,44,2,30082,71,15,9,26.0,71.0,7053,19.0,27,6.621,0.503,0,1353.6666666666715,6,0,0,-1.0,0.6197183098591549,0.2676056338028169,0.7965523704810122,Standard
945_18_1,945,18,1,24,2015,19,Abu Dhabi Grand Prix,McLaren,Yas Marina Circuit,8,1,23722,55,12,7,16.0,27.0,2602,8.0,47,1.442,1.525,0,408.6666666666715,5,2,7,-2.5,0.14545454545454545,0.14545454545454545,0.8055400134608055,Undercut
945_833_1,945,833,209,24,2015,19,Abu Dhabi Grand Prix,Manor Marussia,Yas Marina Circuit,24,1,24314,55,20,19,0.0,0.0,5872,24.0,31,7.136,,0,3436.0,1,1,4,13.5,0.43636363636363634,0.43636363636363634,,Standard
948_154_1,948,154,210,1,2016,1,Australian Grand Prix,Haas F1 Team,Albert Park Grand Prix Circuit,18,1,1089417,57,19,9,0.0,0.0,1147206,18.0,39,1.836,2.059,1,5853.6666666666715,10,8,15,-2.0,0.3157894736842105,0.3157894736842105,0.6795135259501546,Emergency
948_18_2,948,18,1,1,2016,1,Australian Grand Prix,McLaren,Albert Park Grand Prix Circuit,18,2,1084466,57,12,15,0.0,0.0,1129893,3.0,39,2.341,1.547,1,18259.33333333333,-3,14,21,-21.0,0.3157894736842105,0.05263157894736842,0.6919303505353471,Emergency
948_20_2,948,20,6,1,2016,1,Australian Grand Prix,Ferrari,Albert Park Grand Prix Circuit,18,2,1089312,57,3,1,0.0,0.0,110794,5.0,39,,2.872,1,3239.3333333333285,2,0,7,-19.0,0.3157894736842105,0.08771929824561403,,Emergency
948_4_1,948,4,1,1,2016,1,Australian Grand Prix,McLaren,Albert Park Grand Prix Circuit,12,1,21796,57,11,15,0.0,0.0,18729,12.0,45,1.546,9.012,0,612.6666666666715,-4,2,6,-8.0,0.21052631578947367,0.21052631578947367,0.4926531210465744,Standard
948_837_1,948,837,209,1,2016,1,Australian Grand Prix,Manor Marussia,Albert Park Grand Prix Circuit,12,1,23224,57,22,20,0.0,0.0,21878,12.0,45,4.336,69.381,0,2334.3333333333285,2,4,8,-8.0,0.21052631578947367,0.21052631578947367,0.20161467695415872,Standard
948_8_2,948,8,6,1,2016,1,Australian Grand Prix,Ferrari,Albert Park Grand Prix Circuit,18,2,1089365,57,4,3,0.0,0.0,96385,2.0,39,2.633,11.405,1,13517.666666666672,1,2,9,-22.0,0.3157894736842105,0.03508771929824561,0.35586726670174745,Emergency
949_807_4,949,807,10,3,2016,2,Bahrain Grand Prix,Force India,Bahrain International Circuit,51,4,26595,57,8,15,6.0,6.0,6123,16.0,6,0.646,14.66,0,1932.0,-7,0,0,13.0,0.8947368421052632,0.2807017543859649,0.6713903747464731,Standard
949_825_3,949,825,4,3,2016,2,Bahrain Grand Prix,Renault,Bahrain International Circuit,38,3,24341,57,22,10,0.0,0.0,4670,14.0,19,12.485,2.424,0,2432.0,12,0,2,2.0,0.6666666666666666,0.24561403508771928,0.3662125449183759,Standard
949_831_2,949,831,15,3,2016,2,Bahrain Grand Prix,Sauber,Bahrain International Circuit,30,2,25491,57,21,12,0.0,0.0,8820,20.0,27,3.781,3.036,0,3392.0,9,1,6,2.0,0.5263157894736842,0.3508771929824561,0.45693133270965,Standard
949_837_1,949,837,209,3,2016,2,Bahrain Grand Prix,Manor Marussia,Bahrain International Circuit,12,1,26382,57,20,13,0.0,0.0,4896,12.0,45,0.116,1.602,0,1000.0,7,2,6,-1.0,0.21052631578947367,0.21052631578947367,1.2803771017056083,Undercut
949_837_2,949,837,209,3,2016,2,Bahrain Grand Prix,Manor Marussia,Bahrain International Circuit,31,2,28120,57,20,15,0.0,0.0,6234,19.0,26,2.786,4.443,0,3427.3333333333285,5,0,6,1.0,0.543859649122807,0.3333333333333333,0.447853220995887,Standard
950_154_3,950,154,210,17,2016,3,Chinese Grand Prix,Haas F1 Team,Shanghai International Circuit,33,3,23342,56,14,20,18.0,18.0,7873,13.0,23,2.934,5.597,0,2600.6666666666715,-6,1,3,-2.0,0.5892857142857143,0.23214285714285715,0.4057782577297271,Standard
950_154_4,950,154,210,17,2016,3,Chinese Grand Prix,Haas F1 Team,Shanghai International Circuit,44,4,23284,56,14,18,18.0,18.0,8051,11.0,12,1.252,7.889,0,2848.0,-4,1,3,8.0,0.7857142857142857,0.19642857142857142,0.5565483273377378,Standard
950_18_1,950,18,1,17,2016,3,Chinese Grand Prix,McLaren,Shanghai International Circuit,4,1,24072,56,12,8,0.0,1.0,16330,4.0,52,0.496,0.665,0,1924.0,4,4,5,-8.0,0.07142857142857142,0.07142857142857142,1.2690497984615632,Undercut
950_1_3,950,1,131,17,2016,3,Chinese Grand Prix,Mercedes,Shanghai International Circuit,6,3,22301,56,22,20,33.0,83.0,24549,1.0,50,16.692,8.7,1,20650.0,2,0,11,-14.0,0.10714285714285714,0.017857142857142856,0.15961550563945265,Emergency
950_4_2,950,4,1,17,2016,3,Chinese Grand Prix,McLaren,Shanghai International Circuit,32,2,22927,56,11,11,0.0,1.0,5271,16.0,24,0.124,1.549,0,714.3333333333285,0,0,3,-4.0,0.5714285714285714,0.2857142857142857,1.2819904253848762,Undercut
950_807_3,950,807,10,17,2016,3,Chinese Grand Prix,Force India,Shanghai International Circuit,26,3,29570,56,13,16,6.0,6.0,8273,9.0,30,0.796,4.935,0,1589.0,-3,0,1,-6.0,0.4642857142857143,0.16071428571428573,0.725284869681385,Standard
950_815_3,950,815,10,17,2016,3,Chinese Grand Prix,Force India,Shanghai International Circuit,28,3,22351,56,7,10,0.0,6.0,7633,10.0,28,1.567,5.674,0,2565.0,-3,0,3,-5.0,0.5,0.17857142857142858,0.5393949787294746,Standard
950_817_3,950,817,9,17,2016,3,Chinese Grand Prix,Red Bull,Shanghai International Circuit,37,3,22426,56,2,4,24.0,30.0,5226,18.0,19,0.406,8.338,0,550.0,-2,0,4,3.0,0.6607142857142857,0.32142857142857145,0.8183268658294303,Standard
950_832_2,950,832,5,17,2016,3,Chinese Grand Prix,Toro Rosso,Shanghai International Circuit,19,2,22832,56,8,6,2.0,11.0,5003,15.0,37,2.635,0.838,0,293.0,2,2,6,-5.0,0.3392857142857143,0.26785714285714285,0.8191728046004194,Undercut
950_832_3,950,832,5,17,2016,3,Chinese Grand Prix,Toro Rosso,Shanghai International Circuit,33,3,24269,56,8,6,2.0,11.0,6215,14.0,23,4.739,1.163,0,999.6666666666715,2,0,2,-1.0,0.5892857142857143,0.25,0.6365672350578891,Standard
951_4_1,951,4,1,71,2016,4,Russian Grand Prix,McLaren,Sochi Autodrom,21,1,29751,53,14,6,0.0,1.0,4191,21.0,32,6.639,1.189,0,288.0,8,1,3,-2.0,0.39622641509433965,0.39622641509433965,0.5877367893628014,Standard
951_826_1,951,826,9,71,2016,4,Russian Grand Prix,Red Bull,Sochi Autodrom,1,1,41282,53,8,8,21.0,57.0,0,1.0,52,0.449,0.242,0,,0,0,0,-22.0,0.018867924528301886,0.018867924528301886,1.4952841039797562,Undercut
952_13_2,952,13,3,4,2016,5,Spanish Grand Prix,Williams,Circuit de Barcelona-Catalunya,25,2,22568,66,18,12,32.0,51.0,5010,17.0,41,0.076,4.966,0,1894.3333333333285,6,0,1,-4.0,0.3787878787878788,0.25757575757575757,1.0969845232027338,Undercut
952_832_2,952,832,5,4,2016,5,Spanish Grand Prix,Toro Rosso,Circuit de Barcelona-Catalunya,38,2,22937,66,8,6,4.0,17.0,3573,28.0,28,12.054,14.183,0,565.0,2,0,4,7.0,0.5757575757575758,0.42424242424242425,0.14246800847241914,Standard
952_836_1,952,836,209,4,2016,5,Spanish Grand Prix,Manor Marussia,Circuit de Barcelona-Catalunya,11,1,24554,66,21,12,0.0,0.0,4058,11.0,55,0.431,0.44,0,286.0,9,3,10,-5.0,0.16666666666666666,0.16666666666666666,1.393256464011181,Undercut
953_154_1,953,154,210,6,2016,6,Monaco Grand Prix,Haas F1 Team,Circuit de Monaco,15,1,33490,78,15,19,22.0,22.0,24358,15.0,63,3.644,78.168,0,880.6666666666715,-4,2,4,-11.0,0.19230769230769232,0.19230769230769232,0.22796297688901698,Standard
953_20_2,953,20,6,6,2016,6,Monaco Grand Prix,Ferrari,Circuit de Monaco,31,2,25561,78,4,5,48.0,109.0,16885,18.0,47,9.462,0.484,1,278.6666666666715,-1,2,8,-9.5,0.3974358974358974,0.23076923076923078,0.7694384657914846,Standard
953_3_1,953,3,131,6,2016,6,Monaco Grand Prix,Mercedes,Circuit de Monaco,20,1,26698,78,2,5,100.0,157.0,18564,20.0,58,16.273,3.691,0,551.0,-3,0,0,-6.0,0.2564102564102564,0.2564102564102564,0.2710679860205239,Standard
953_4_2,953,4,1,6,2016,6,Monaco Grand Prix,McLaren,Circuit de Monaco,32,2,26836,78,9,5,8.0,12.0,17359,18.0,46,0.321,6.279,1,1272.3333333333285,4,1,12,-9.5,0.41025641025641024,0.23076923076923078,0.8943837794557759,Undercut
953_825_2,953,825,4,6,2016,6,Monaco Grand Prix,Renault,Circuit de Monaco,21,2,38811,78,16,19,6.0,6.0,51993,14.0,57,60.606,,0,8491.666666666672,-3,2,4,-13.5,0.2692307692307692,0.1794871794871795,,Standard
954_154_2,954,154,210,7,2016,7,Canadian Grand Prix,Haas F1 Team,Circuit Gilles Villeneuve,39,2,23055,70,14,13,22.0,22.0,16740,22.0,31,10.827,1.373,0,1192.3333333333285,1,0,3,-2.5,0.5571428571428572,0.3142857142857143,0.5059597966483441,Standard
954_20_1,954,20,6,7,2016,7,Canadian Grand Prix,Ferrari,Circuit Gilles Villeneuve,11,1,22597,70,3,4,60.0,121.0,31822,11.0,59,2.752,2.58,1,600.6666666666715,-1,0,1,-13.0,0.15714285714285714,0.15714285714285714,0.545854129194411,Standard
954_822_1,954,822,3,7,2016,7,Canadian Grand Prix,Williams,Circuit Gilles Villeneuve,23,1,22184,70,7,5,29.0,66.0,15026,23.0,47,0.438,1.192,0,354.3333333333285,2,0,4,-1.0,0.32857142857142857,0.32857142857142857,1.1516146716343665,Undercut
954_8_2,954,8,6,7,2016,7,Canadian Grand Prix,Ferrari,Circuit Gilles Villeneuve,33,2,23263,70,6,8,61.0,121.0,16534,22.0,37,3.404,1.507,0,336.0,-2,0,0,-2.5,0.4714285714285714,0.3142857142857143,0.625949430604299,Standard
955_815_1,955,815,10,73,2016,8,European Grand Prix,Force India,Baku City Circuit,16,1,20614,51,7,3,24.0,42.0,4432,16.0,35,13.818,3.428,0,271.0,4,0,1,2.5,0.3137254901960784,0.3137254901960784,0.2933210823087671,Standard
955_8_1,955,8,6,73,2016,8,European Grand Prix,Ferrari,Baku City Circuit,8,1,20593,51,4,6,69.0,147.0,5794,8.0,43,0.104,6.663,0,1465.6666666666715,-2,0,5,-5.5,0.1568627450980392,0.1568627450980392,1.0362942957595975,Undercut
956_154_3,956,154,210,70,2016,9,Austrian Grand Prix,Haas F1 Team,Red Bull Ring,29,3,19554,71,13,9,22.0,22.0,50468,1.0,42,1.578,1.116,1,24516.0,4,8,30,-14.0,0.4084507042253521,0.014084507042253521,0.8604873870954022,Emergency
956_1_1,956,1,131,70,2016,9,Austrian Grand Prix,Mercedes,Red Bull Ring,21,1,22918,71,1,1,117.0,258.0,3812,21.0,50,,0.908,0,383.3333333333285,0,0,0,-2.0,0.29577464788732394,0.29577464788732394,,Standard
956_807_1,956,807,10,70,2016,9,Austrian Grand Prix,Force India,Red Bull Ring,8,1,22601,71,2,11,20.0,59.0,4260,8.0,63,0.273,0.661,0,1324.0,-9,0,0,-15.0,0.11267605633802817,0.11267605633802817,1.3875929141011882,Undercut
956_821_2,956,821,210,70,2016,9,Austrian Grand Prix,Haas F1 Team,Red Bull Ring,28,2,16475,71,11,18,0.0,22.0,17561,7.0,43,2.932,2.216,1,15300.666666666672,-7,17,23,-22.0,0.39436619718309857,0.09859154929577464,0.5652687731231938,Emergency
956_821_4,956,821,210,70,2016,9,Austrian Grand Prix,Haas F1 Team,Red Bull Ring,41,4,21921,71,11,16,0.0,22.0,3788,12.0,30,0.422,0.328,0,305.3333333333285,-5,0,0,7.0,0.5774647887323944,0.16901408450704225,1.4562469286428414,Standard
956_822_1,956,822,3,70,2016,9,Austrian Grand Prix,Williams,Red Bull Ring,9,1,21047,71,7,8,52.0,90.0,3381,9.0,62,4.375,0.104,0,351.6666666666715,-1,1,3,-14.0,0.1267605633802817,0.1267605633802817,1.0918436130771823,Standard
956_822_4,956,822,3,70,2016,9,Austrian Grand Prix,Williams,Red Bull Ring,51,4,21639,71,7,8,52.0,90.0,3567,22.0,20,1.223,1.755,0,332.6666666666715,-1,0,5,17.0,0.7183098591549296,0.30985915492957744,0.8128189616392884,Standard
956_825_2,956,825,4,70,2016,9,Austrian Grand Prix,Renault,Red Bull Ring,28,2,17721,71,17,11,6.0,6.0,23506,17.0,43,2.418,1.066,1,14036.333333333328,6,10,16,-12.0,0.39436619718309857,0.23943661971830985,0.7765958591750184,Undercut
957_815_1,957,815,10,9,2016,10,British Grand Prix,Force India,Silverstone Circuit,7,1,29475,52,10,4,39.0,59.0,7386,7.0,45,3.85,18.847,1,29531.666666666657,6,3,19,-13.5,0.1346153846153846,0.1346153846153846,0.25657101569272983,Standard
957_828_1,957,828,15,9,2016,10,British Grand Prix,Sauber,Silverstone Circuit,7,1,35393,52,22,6,0.0,0.0,12077,7.0,45,3.1,6.748,1,25009.333333333343,16,5,21,-13.5,0.1346153846153846,0.1346153846153846,0.3729680043315663,Emergency
957_831_1,957,831,15,9,2016,10,British Grand Prix,Sauber,Silverstone Circuit,7,1,30981,52,21,5,0.0,0.0,9593,7.0,45,18.847,3.1,1,24923.333333333343,16,4,20,-13.5,0.1346153846153846,0.1346153846153846,0.2942878877068108,Emergency
957_8_1,957,8,6,9,2016,10,British Grand Prix,Ferrari,Silverstone Circuit,5,1,29578,52,5,2,96.0,192.0,0,5.0,47,0.217,0.912,0,2759.0,3,0,0,-15.5,0.09615384615384616,0.09615384615384616,1.3447052392363414,Undercut
958_20_1,958,20,6,11,2016,11,Hungarian Grand Prix,Ferrari,Hungaroring,14,1,21640,70,5,5,98.0,204.0,2718,14.0,56,3.434,7.918,0,223.33333333332848,0,0,0,5.0,0.2,0.2,0.3376627606833898,Standard
958_20_2,958,20,6,11,2016,11,Hungarian Grand Prix,Ferrari,Hungaroring,41,2,21535,70,5,3,98.0,204.0,3148,27.0,29,14.275,10.177,0,319.0,2,1,5,6.0,0.5857142857142857,0.38571428571428573,0.15493589462929996,Standard
958_817_1,958,817,9,11,2016,11,Hungarian Grand Prix,Red Bull,Hungaroring,15,1,22241,70,3,3,100.0,198.0,2344,15.0,55,7.881,1.088,0,230.66666666667152,0,0,3,6.0,0.21428571428571427,0.21428571428571427,0.5915271355051747,Standard
958_821_1,958,821,210,11,2016,11,Hungarian Grand Prix,Haas F1 Team,Hungaroring,15,1,22828,70,15,11,0.0,28.0,2147,15.0,55,0.941,2.705,0,232.33333333332848,4,2,5,6.0,0.21428571428571427,0.21428571428571427,0.7851038844287035,Standard
958_828_3,958,828,15,11,2016,11,Hungarian Grand Prix,Sauber,Hungaroring,62,3,23308,70,22,20,0.0,0.0,6800,17.0,8,5.998,37.365,0,5040.3333333333285,2,0,0,7.5,0.8857142857142857,0.24285714285714285,0.16896339506359304,Standard
958_835_1,958,835,4,11,2016,11,Hungarian Grand Prix,Renault,Hungaroring,26,1,21892,70,17,8,0.0,6.0,2805,26.0,44,8.615,0.86,0,111.0,9,0,3,17.0,0.37142857142857144,0.37142857142857144,0.6416385687685573,Standard
958_835_2,958,835,4,11,2016,11,Hungarian Grand Prix,Renault,Hungaroring,39,2,21665,70,17,12,0.0,6.0,4091,13.0,31,0.864,12.985,0,497.0,5,1,3,-8.0,0.5571428571428572,0.18571428571428572,0.6079858708211282,Standard
959_815_1,959,815,10,10,2016,12,German Grand Prix,Force India,Hockenheimring,8,1,19233,67,9,15,47.0,74.0,2732,8.0,59,1.923,1.192,0,431.0,-6,0,2,-6.0,0.11940298507462686,0.11940298507462686,0.7983186457269429,Undercut
959_817_3,959,817,9,10,2016,12,German Grand Prix,Red Bull,Hockenheimring,46,3,18979,67,3,2,115.0,223.0,4661,13.0,21,15.497,11.183,0,1559.0,1,0,4,-4.0,0.6865671641791045,0.19402985074626866,0.1426986709932426,Standard
959_830_3,959,830,9,10,2016,12,German Grand Prix,Red Bull,Hockenheimring,45,3,18967,67,4,3,100.0,223.0,3928,17.0,22,6.379,4.703,0,552.0,1,0,4,0.0,0.6716417910447762,0.2537313432835821,0.3108660270791827,Standard
959_832_2,959,832,5,10,2016,12,German Grand Prix,Toro Rosso,Hockenheimring,29,2,19747,67,15,13,30.0,45.0,4710,20.0,38,1.667,0.831,0,1363.6666666666715,2,0,5,0.0,0.43283582089552236,0.29850746268656714,0.9211027758613735,Undercut
959_835_3,959,835,4,10,2016,12,German Grand Prix,Renault,Hockenheimring,45,3,19725,67,14,19,0.0,6.0,4722,20.0,22,16.957,12.639,0,2302.3333333333285,-5,1,5,3.0,0.6716417910447762,0.29850746268656714,0.12900774770409307,Standard
959_836_1,959,836,209,10,2016,12,German Grand Prix,Manor Marussia,Hockenheimring,12,1,19813,67,17,13,1.0,1.0,3754,12.0,55,7.018,0.436,0,225.33333333332848,4,3,6,-2.0,0.1791044776119403,0.1791044776119403,0.8210982114754338,Standard
960_817_1,960,817,9,13,2016,13,Belgian Grand Prix,Red Bull,Circuit de Spa-Francorchamps,9,1,998401,44,5,2,133.0,256.0,67021,9.0,35,0.866,1.175,1,41412.66666666666,3,1,3,-1.0,0.20454545454545456,0.20454545454545456,0.9956757955427431,Emergency
960_826_3,960,826,5,13,2016,13,Belgian Grand Prix,Toro Rosso,Circuit de Spa-Francorchamps,35,3,23363,44,19,14,23.0,45.0,5422,14.0,9,3.591,18.136,0,548.3333333333285,5,0,1,-1.0,0.7954545454545454,0.3181818181818182,0.2700749940446227,Standard
961_4_2,961,4,1,14,2016,14,Italian Grand Prix,McLaren,Autodromo Nazionale di Monza,33,2,23694,53,12,12,30.0,48.0,4851,20.0,20,0.383,13.157,0,570.0,0,2,3,2.0,0.6226415094339622,0.37735849056603776,0.7937022332605057,Standard
961_817_2,961,817,9,14,2016,14,Italian Grand Prix,Red Bull,Autodromo Nazionale di Monza,37,2,23633,53,6,4,151.0,274.0,4758,21.0,16,2.035,4.081,0,195.33333333332848,2,0,2,3.0,0.6981132075471698,0.39622641509433965,0.526300942847777,Standard
962_13_3,962,13,3,15,2016,15,Singapore Grand Prix,Williams,Marina Bay Street Circuit,28,3,29578,61,11,8,41.0,111.0,7227,12.0,33,4.965,4.945,0,848.0,3,0,3,3.5,0.45901639344262296,0.19672131147540983,0.3358531720993714,Standard
962_3_1,962,3,131,15,2016,15,Singapore Grand Prix,Mercedes,Marina Bay Street Circuit,1,1,26350,61,1,1,248.0,498.0,0,1.0,60,,1.124,0,,0,0,0,-11.0,0.01639344262295082,0.01639344262295082,,Standard
962_4_1,962,4,1,15,2016,15,Singapore Grand Prix,McLaren,Marina Bay Street Circuit,1,1,24649,61,9,5,30.0,48.0,0,1.0,60,1.593,1.421,0,,4,4,4,-11.0,0.01639344262295082,0.01639344262295082,0.7987061406547957,Undercut
962_815_1,962,815,10,15,2016,15,Singapore Grand Prix,Force India,Marina Bay Street Circuit,1,1,32821,61,17,12,62.0,108.0,0,1.0,60,0.946,1.859,0,,5,11,11,-11.0,0.01639344262295082,0.01639344262295082,0.8636472623729827,Undercut
962_826_1,962,826,5,15,2016,15,Singapore Grand Prix,Toro Rosso,Marina Bay Street Circuit,1,1,24584,61,7,6,23.0,45.0,0,1.0,60,1.421,2.147,0,,1,5,5,-11.0,0.01639344262295082,0.01639344262295082,0.7308154065022883,Standard
962_828_2,962,828,15,15,2016,15,Singapore Grand Prix,Sauber,Marina Bay Street Circuit,8,2,29706,61,14,14,0.0,0.0,7457,7.0,53,3.361,2.204,0,186.33333333332848,0,0,1,-9.5,0.13114754098360656,0.11475409836065574,0.5414150678998191,Standard
962_832_3,962,832,5,15,2016,15,Singapore Grand Prix,Toro Rosso,Marina Bay Street Circuit,27,3,29320,61,6,14,30.0,45.0,12045,20.0,34,2.76,7.296,0,527.6666666666715,-8,1,3,11.5,0.4426229508196721,0.32786885245901637,0.38649746609491376,Standard
962_8_3,962,8,6,15,2016,15,Singapore Grand Prix,Ferrari,Marina Bay Street Circuit,33,3,29135,61,5,3,136.0,279.0,12209,16.0,28,5.52,9.006,0,1720.6666666666715,2,1,3,7.5,0.5409836065573771,0.26229508196721313,0.2533142691072473,Standard
963_18_2,963,18,1,2,2016,16,Malaysian Grand Prix,McLaren,Sepang International Circuit,37,2,24645,56,9,7,17.0,54.0,4743,28.0,19,2.606,0.564,0,451.0,2,0,0,12.0,0.6607142857142857,0.5,0.9167017743941968,Standard
963_4_2,963,4,1,2,2016,16,Malaysian Grand Prix,McLaren,Sepang International Circuit,27,2,24061,56,22,10,36.0,54.0,3342,18.0,29,4.905,8.296,0,208.0,12,1,1,2.0,0.48214285714285715,0.32142857142857145,0.27692115990270505,Standard
963_821_1,963,821,210,2,2016,16,Malaysian Grand Prix,Haas F1 Team,Sepang International Circuit,1,1,30782,56,13,21,0.0,28.0,0,1.0,55,1.075,,0,,-8,3,3,-9.0,0.017857142857142856,0.017857142857142856,,Standard
963_822_1,963,822,3,2,2016,16,Malaysian Grand Prix,Williams,Sepang International Circuit,29,1,23828,56,11,6,70.0,111.0,3791,29.0,27,16.287,1.058,0,195.0,5,0,3,19.0,0.5178571428571429,0.5178571428571429,0.543755586178641,Overcut
964_836_2,964,836,209,22,2016,17,Japanese Grand Prix,Manor Marussia,Suzuka Circuit,32,2,25461,53,21,21,1.0,1.0,6196,19.0,21,12.362,0.418,0,3457.3333333333285,0,1,3,8.0,0.6037735849056604,0.3584905660377358,0.7800577137152301,Standard
965_4_2,965,4,1,69,2016,18,United States Grand Prix,McLaren,Circuit of the Americas,30,2,25300,56,12,7,42.0,62.0,6619,19.0,26,8.504,9.868,1,746.3333333333285,5,1,5,3.0,0.5357142857142857,0.3392857142857143,0.19723210512684197,Standard
965_822_1,965,822,3,69,2016,18,United States Grand Prix,Williams,Circuit of the Americas,1,1,27098,56,8,22,81.0,124.0,0,1.0,55,3.486,,0,,-14,0,0,-15.0,0.017857142857142856,0.017857142857142856,,Standard
965_825_2,965,825,4,69,2016,18,United States Grand Prix,Renault,Circuit of the Americas,27,2,24103,56,18,13,7.0,8.0,871,14.0,29,13.566,7.069,0,272.3333333333285,5,2,6,-2.0,0.48214285714285715,0.25,0.19258412191007987,Standard
965_828_1,965,828,15,69,2016,18,United States Grand Prix,Sauber,Circuit of the Americas,17,1,25229,56,16,14,0.0,0.0,3333,17.0,39,0.319,8.19,0,767.0,2,0,1,1.0,0.30357142857142855,0.30357142857142855,0.8669640419053245,Standard
966_4_2,966,4,1,32,2016,19,Mexican Grand Prix,McLaren,Autódromo Hermanos Rodríguez,45,2,25171,71,11,17,52.0,74.0,3332,29.0,26,0.104,13.471,0,379.6666666666715,-6,1,1,-1.0,0.6338028169014085,0.4084507042253521,0.9749008261400361,Undercut
966_817_1,966,817,9,32,2016,19,Mexican Grand Prix,Red Bull,Autódromo Hermanos Rodríguez,1,1,22087,71,4,6,227.0,400.0,0,1.0,70,1.646,0.433,0,,-2,0,0,-14.5,0.014084507042253521,0.014084507042253521,1.0757656555682675,Undercut
966_821_1,966,821,210,32,2016,19,Mexican Grand Prix,Haas F1 Team,Autódromo Hermanos Rodríguez,12,1,25198,71,17,16,0.0,29.0,3835,12.0,59,0.864,0.173,0,128.33333333332848,1,3,4,-3.5,0.16901408450704225,0.16901408450704225,1.3889956057063617,Undercut
966_822_1,966,822,3,32,2016,19,Mexican Grand Prix,Williams,Autódromo Hermanos Rodríguez,19,1,22396,71,8,8,81.0,130.0,4425,19.0,52,0.896,6.224,0,589.6666666666715,0,0,2,3.5,0.2676056338028169,0.2676056338028169,0.6658536243464122,Standard
966_835_1,966,835,4,32,2016,19,Mexican Grand Prix,Renault,Autódromo Hermanos Rodríguez,1,1,23897,71,21,19,1.0,8.0,0,1.0,70,1.249,0.144,0,,2,1,1,-14.5,0.014084507042253521,0.014084507042253521,1.3187679372650472,Undercut
966_839_1,966,839,209,32,2016,19,Mexican Grand Prix,Manor Marussia,Autódromo Hermanos Rodríguez,15,1,23866,71,20,16,0.0,1.0,3366,15.0,56,1.44,1.786,0,96.33333333332848,4,0,3,-0.5,0.2112676056338028,0.2112676056338028,0.7687736104409636,Standard
967_13_4,967,13,3,18,2016,20,Brazilian Grand Prix,Williams,Autódromo José Carlos Pace,31,4,29754,71,13,18,51.0,136.0,30063,3.0,40,2.941,,1,528981.0,-5,0,0,-8.0,0.43661971830985913,0.04225352112676056,,Standard
967_815_1,967,815,10,18,2016,20,Brazilian Grand Prix,Force India,Autódromo José Carlos Pace,20,1,2008398,71,9,5,85.0,145.0,31936,20.0,51,1.777,2.31,1,33939.33333333333,4,4,4,10.0,0.28169014084507044,0.28169014084507044,0.6622156318572825,Emergency
968_4_2,968,4,1,24,2016,21,Abu Dhabi Grand Prix,McLaren,Yas Marina Circuit,38,2,22248,55,9,9,53.0,75.0,1297,31.0,17,6.697,4.848,0,902.6666666666715,0,0,3,10.0,0.6909090909090909,0.5636363636363636,0.30091938035445437,Overcut
969_1_1,969,1,131,1,2017,1,Australian Grand Prix,Mercedes,Albert Park Grand Prix Circuit,17,1,21709,57,1,4,0.0,0.0,18228,17.0,40,0.847,1.684,0,539.3333333333285,-3,0,4,4.0,0.2982456140350877,0.2982456140350877,0.9139967579439652,Standard
969_840_1,969,840,3,1,2017,1,Australian Grand Prix,Williams,Albert Park Grand Prix Circuit,5,1,22293,57,20,18,0.0,0.0,18866,5.0,52,2.376,42.862,0,687.6666666666715,2,0,0,-8.0,0.08771929824561403,0.08771929824561403,0.31900730879118716,Standard
970_13_4,970,13,3,17,2017,2,Chinese Grand Prix,Williams,Shanghai International Circuit,6,4,17377,56,6,10,8.0,8.0,43563,1.0,50,1.479,1.153,1,40815.33333333334,-4,9,45,-10.0,0.10714285714285714,0.017857142857142856,0.8678566470193565,Emergency
970_20_4,970,20,6,17,2017,2,Chinese Grand Prix,Ferrari,Shanghai International Circuit,6,4,17370,56,2,6,25.0,37.0,56089,1.0,50,3.747,5.857,1,46120.66666666666,-4,5,41,-10.0,0.10714285714285714,0.017857142857142856,0.3564957353997961,Emergency
970_815_4,970,815,10,17,2017,2,Chinese Grand Prix,Force India,Shanghai International Circuit,6,4,18225,56,8,11,6.0,7.0,43256,1.0,50,1.153,3.423,1,40095.66666666666,-3,10,46,-10.0,0.10714285714285714,0.017857142857142856,0.6905590724665928,Emergency
970_817_4,970,817,9,17,2017,2,Chinese Grand Prix,Red Bull,Shanghai International Circuit,33,4,22505,56,5,4,0.0,10.0,5487,27.0,23,3.437,11.859,0,351.0,1,0,1,16.0,0.5892857142857143,0.48214285714285715,0.3031440521571821,Standard
970_825_4,970,825,210,17,2017,2,Chinese Grand Prix,Haas F1 Team,Shanghai International Circuit,6,4,17299,56,12,12,0.0,0.0,44786,1.0,50,3.423,1.728,1,39036.0,0,11,47,-10.0,0.10714285714285714,0.017857142857142856,0.5926598034932037,Emergency
970_828_1,970,828,15,17,2017,2,Chinese Grand Prix,Sauber,Shanghai International Circuit,2,1,27934,56,14,12,0.0,0.0,27456,2.0,54,1.017,3.479,1,0.0,2,6,7,-10.0,0.03571428571428571,0.03571428571428571,0.7190499419812151,Emergency
970_832_4,970,832,5,17,2017,2,Chinese Grand Prix,Toro Rosso,Shanghai International Circuit,28,4,22840,56,11,6,4.0,6.0,5143,22.0,28,14.584,5.11,0,273.6666666666715,5,0,0,11.0,0.5,0.39285714285714285,0.22783449893633823,Standard
970_8_4,970,8,6,17,2017,2,Chinese Grand Prix,Ferrari,Shanghai International Circuit,39,4,23119,56,4,3,12.0,37.0,5881,33.0,17,3.918,2.224,0,577.6666666666715,1,0,0,22.0,0.6964285714285714,0.5892857142857143,0.5135083861683974,Standard
971_1_1,971,1,131,3,2017,3,Bahrain Grand Prix,Mercedes,Bahrain International Circuit,13,1,30687,57,2,2,43.0,66.0,18998,13.0,44,6.597,0.378,1,497.0,0,1,7,1.0,0.22807017543859648,0.22807017543859648,0.8573203118716367,Standard
972_828_1,972,828,15,71,2017,4,Russian Grand Prix,Sauber,Sochi Autodrom,1,1,32235,52,18,17,0.0,0.0,0,1.0,51,2.575,,0,,1,1,1,-18.0,0.019230769230769232,0.019230769230769232,,Standard
972_838_2,972,838,1,71,2017,4,Russian Grand Prix,McLaren,Sochi Autodrom,24,2,35998,52,20,12,0.0,0.0,4570,23.0,28,23.154,0.43,0,241.0,8,1,1,-1.5,0.46153846153846156,0.4423076923076923,0.7407017094853479,Standard
972_839_1,972,839,10,71,2017,4,Russian Grand Prix,Force India,Sochi Autodrom,26,1,30253,52,10,8,3.0,17.0,5063,26.0,26,1.802,8.459,0,120.0,2,0,2,7.0,0.5,0.5,0.46260735784529783,Standard
973_20_1,973,20,6,4,2017,5,Spanish Grand Prix,Ferrari,Circuit de Barcelona-Catalunya,14,1,22499,66,2,2,86.0,135.0,4129,14.0,52,1.8,7.733,0,271.3333333333285,0,0,6,-1.0,0.21212121212121213,0.21212121212121213,0.4716510444782516,Standard
973_4_3,973,4,1,4,2017,5,Spanish Grand Prix,McLaren,Circuit de Barcelona-Catalunya,51,3,22923,66,7,14,0.0,0.0,3891,20.0,15,4.514,2.491,0,236.33333333332848,-7,0,0,3.0,0.7727272727272727,0.30303030303030304,0.4678074206465104,Standard
973_817_2,973,817,9,4,2017,5,Spanish Grand Prix,Red Bull,Circuit de Barcelona-Catalunya,38,2,21918,66,6,4,22.0,57.0,4240,17.0,28,22.252,20.792,0,18655.0,2,0,2,-5.0,0.5757575757575758,0.25757575757575757,0.0888954525693462,Standard
973_826_2,973,826,5,4,2017,5,Spanish Grand Prix,Toro Rosso,Circuit de Barcelona-Catalunya,33,2,22117,66,19,12,2.0,13.0,11700,32.0,33,15.938,14.988,1,1725.6666666666715,7,3,5,10.0,0.5,0.48484848484848486,0.12158575774433257,Standard
973_835_1,973,835,4,4,2017,5,Spanish Grand Prix,Renault,Circuit de Barcelona-Catalunya,2,1,23159,66,17,16,0.0,6.0,0,2.0,64,3.159,11.843,0,0.0,1,0,2,-13.0,0.030303030303030304,0.030303030303030304,0.31830584158991765,Standard
974_13_2,974,13,3,6,2017,6,Monaco Grand Prix,Williams,Circuit de Monaco,62,2,25123,78,14,12,18.0,18.0,26138,24.0,16,24.328,45.425,1,20680.66666666667,2,0,2,6.0,0.7948717948717948,0.3076923076923077,0.061022114680379956,Standard
974_815_2,974,815,10,6,2017,6,Monaco Grand Prix,Force India,Circuit de Monaco,63,2,25026,78,7,11,34.0,53.0,25345,47.0,15,14.987,3.711,1,23575.0,-4,0,1,29.0,0.8076923076923077,0.6025641025641025,0.274819979834762,Overcut
974_815_3,974,815,10,6,2017,6,Monaco Grand Prix,Force India,Circuit de Monaco,72,3,35485,78,7,13,34.0,53.0,30748,9.0,6,24.052,,0,3442.0,-6,0,0,-5.0,0.9230769230769231,0.11538461538461539,,Standard
974_835_1,974,835,4,6,2017,6,Monaco Grand Prix,Renault,Circuit de Monaco,42,1,25472,78,16,14,0.0,14.0,25441,42.0,36,10.669,5.435,0,1112.0,2,1,3,17.5,0.5384615384615384,0.5384615384615384,0.24109730168518412,Overcut
975_825_1,975,825,210,7,2017,7,Canadian Grand Prix,Haas F1 Team,Circuit Gilles Villeneuve,46,1,28869,70,18,15,5.0,14.0,20982,46.0,24,2.034,7.891,0,175.0,3,0,1,26.0,0.6571428571428571,0.6571428571428571,0.44207117816769675,Overcut
975_839_1,975,839,10,7,2017,7,Canadian Grand Prix,Force India,Circuit Gilles Villeneuve,32,1,23409,70,9,5,19.0,53.0,16678,32.0,38,1.893,0.096,0,133.0,4,1,1,12.0,0.45714285714285713,0.45714285714285713,1.258070701744205,Overcut
976_154_1,976,154,210,73,2017,8,Azerbaijan Grand Prix,Haas F1 Team,Baku City Circuit,3,1,20776,51,16,19,10.0,15.0,12560,3.0,48,6.801,90.584,0,5898.5,-3,0,1,-5.0,0.058823529411764705,0.058823529411764705,0.13910763156294087,Standard
976_1_2,976,1,131,73,2017,8,Azerbaijan Grand Prix,Mercedes,Baku City Circuit,17,2,15234,51,1,1,129.0,222.0,37059,5.0,34,,0.93,1,64170.66666666666,0,0,0,-13.0,0.3333333333333333,0.09803921568627451,,Standard
976_1_4,976,1,131,73,2017,8,Azerbaijan Grand Prix,Mercedes,Baku City Circuit,31,4,27025,51,1,2,129.0,222.0,5916,9.0,20,2.911,1.828,0,673.3333333333285,-1,0,0,-2.0,0.6078431372549019,0.17647058823529413,0.6092958713265488,Standard
976_20_4,976,20,6,73,2017,8,Azerbaijan Grand Prix,Ferrari,Baku City Circuit,33,4,29317,51,4,1,141.0,214.0,3191,11.0,18,,3.004,0,358.6666666666715,3,0,1,0.0,0.6470588235294118,0.21568627450980393,,Standard
976_832_1,976,832,5,73,2017,8,Azerbaijan Grand Prix,Toro Rosso,Baku City Circuit,12,1,21040,51,15,13,25.0,29.0,30209,12.0,39,1.378,7.491,1,823.3333333333285,2,8,9,4.0,0.23529411764705882,0.23529411764705882,0.5382932049261282,Standard
976_840_1,976,840,3,73,2017,8,Azerbaijan Grand Prix,Williams,Baku City Circuit,13,1,22625,51,8,4,2.0,22.0,52993,13.0,38,0.534,1.022,1,6529.0,4,0,12,5.0,0.2549019607843137,0.2549019607843137,1.1464503241398076,Undercut
976_8_1,976,8,6,73,2017,8,Azerbaijan Grand Prix,Ferrari,Baku City Circuit,12,1,23237,51,3,4,73.0,214.0,19247,12.0,39,3.959,3.677,1,584.6666666666715,-1,3,4,4.0,0.23529411764705882,0.23529411764705882,0.41546583200977977,Standard
976_8_3,976,8,6,73,2017,8,Azerbaijan Grand Prix,Ferrari,Baku City Circuit,20,3,1583848,51,3,17,73.0,214.0,77297,3.0,31,10.694,,1,54141.33333333334,-14,2,2,-11.0,0.39215686274509803,0.058823529411764705,,Emergency
977_835_1,977,835,4,70,2017,9,Austrian Grand Prix,Renault,Red Bull Ring,34,1,22233,71,16,12,0.0,18.0,3239,34.0,37,1.485,14.192,0,72.66666666667152,4,1,2,19.0,0.4788732394366197,0.4788732394366197,0.4682386048783485,Overcut
978_822_1,978,822,131,9,2017,10,British Grand Prix,Mercedes,Silverstone Circuit,32,1,27858,51,9,2,136.0,287.0,120,32.0,19,5.13,9.028,0,674.3333333333285,7,0,1,18.5,0.6274509803921569,0.6274509803921569,0.2628529188419245,Overcut
978_825_1,978,825,210,9,2017,10,British Grand Prix,Haas F1 Team,Silverstone Circuit,37,1,28099,51,16,8,11.0,29.0,0,37.0,14,5.234,1.8,0,835.0,8,0,0,23.5,0.7254901960784313,0.7254901960784313,0.5175535084101013,Standard
978_830_2,978,830,9,9,2017,10,British Grand Prix,Red Bull,Silverstone Circuit,49,2,28056,51,4,5,45.0,152.0,1329,30.0,2,7.858,29.57,0,1941.6666666666715,-1,1,1,19.0,0.9607843137254902,0.5882352941176471,0.14560410970812482,Standard
978_836_2,978,836,15,9,2017,10,British Grand Prix,Sauber,Silverstone Circuit,3,2,29941,51,17,15,5.0,5.0,35473,1.0,48,1.847,0.653,1,7228.5,2,0,2,-10.0,0.058823529411764705,0.0196078431372549,0.9562076041453511,Emergency
978_840_2,978,840,3,9,2017,10,British Grand Prix,Williams,Silverstone Circuit,42,2,28335,51,15,14,18.0,40.0,341,20.0,9,9.102,7.698,0,1537.0,1,0,0,9.0,0.8235294117647058,0.39215686274509803,0.21395925733193988,Standard
979_814_1,979,814,3,11,2017,11,Hungarian Grand Prix,Williams,Hungaroring,34,1,22399,70,19,17,0.0,41.0,3333,34.0,36,0.323,17.755,0,1410.0,2,1,3,20.0,0.4857142857142857,0.4857142857142857,0.8091770136177342,Undercut
979_832_1,979,832,5,11,2017,11,Hungarian Grand Prix,Toro Rosso,Hungaroring,35,1,22745,70,9,6,29.0,33.0,3402,35.0,35,19.191,0.727,0,966.0,3,1,4,21.0,0.5,0.5,0.628565812587072,Overcut
980_1_1,980,1,131,13,2017,12,Belgian Grand Prix,Mercedes,Circuit de Spa-Francorchamps,12,1,22037,44,1,2,188.0,357.0,4659,12.0,32,2.548,4.147,0,313.3333333333285,-1,0,5,3.0,0.2727272727272727,0.2727272727272727,0.4761368636933238,Standard
980_20_1,980,20,6,13,2017,12,Belgian Grand Prix,Ferrari,Circuit de Spa-Francorchamps,14,1,22443,44,2,1,202.0,318.0,4177,14.0,30,,9.593,0,290.0,1,0,3,5.0,0.3181818181818182,0.3181818181818182,,Standard
980_815_2,980,815,10,13,2017,12,Belgian Grand Prix,Force India,Circuit de Spa-Francorchamps,25,2,28594,44,8,8,56.0,101.0,4818,13.0,19,5.866,1.845,0,352.0,0,0,1,1.0,0.5681818181818182,0.29545454545454547,0.4971390571302928,Standard
980_822_1,980,822,131,13,2017,12,Belgian Grand Prix,Mercedes,Circuit de Spa-Francorchamps,13,1,22963,44,3,2,169.0,357.0,4478,13.0,31,11.52,0.396,0,457.6666666666715,1,0,4,4.0,0.29545454545454547,0.29545454545454547,0.7962045826963392,Standard
980_825_3,980,825,210,13,2017,12,Belgian Grand Prix,Haas F1 Team,Circuit de Spa-Francorchamps,34,3,23737,44,12,17,11.0,29.0,12599,4.0,10,5.92,,0,41657.33333333334,-5,0,0,-10.0,0.7727272727272727,0.09090909090909091,,Standard
980_832_1,980,832,5,13,2017,12,Belgian Grand Prix,Toro Rosso,Circuit de Spa-Francorchamps,19,1,24095,44,13,10,35.0,39.0,5970,19.0,25,3.942,0.609,0,1075.6666666666715,3,0,3,10.0,0.4318181818181818,0.4318181818181818,0.8238512676192371,Standard
980_835_2,980,835,4,13,2017,12,Belgian Grand Prix,Renault,Circuit de Spa-Francorchamps,30,2,24674,44,14,13,0.0,26.0,44628,22.0,14,0.72,5.973,1,8389.0,1,6,15,10.0,0.6818181818181818,0.5,0.7248056456965238,Standard
981_807_1,981,807,4,14,2017,13,Italian Grand Prix,Renault,Autodromo Nazionale di Monza,9,1,24418,53,14,15,34.0,34.0,4233,9.0,44,0.772,1.787,0,177.33333333332848,-1,0,0,-12.0,0.16981132075471697,0.16981132075471697,0.9231428407124015,Undercut
982_154_3,982,154,210,15,2017,14,Singapore Grand Prix,Haas F1 Team,Marina Bay Street Circuit,3,3,26228,58,15,15,24.0,35.0,0,1.0,55,2.107,2.543,0,3912.5,0,14,48,-16.0,0.05172413793103448,0.017241379310344827,0.6041005619407016,Standard
982_1_1,982,1,131,15,2017,14,Singapore Grand Prix,Mercedes,Marina Bay Street Circuit,1,1,30442,58,5,1,238.0,435.0,0,1.0,57,,1.51,0,,4,0,0,-9.5,0.017241379310344827,0.017241379310344827,,Standard
982_1_3,982,1,131,15,2017,14,Singapore Grand Prix,Mercedes,Marina Bay Street Circuit,3,3,24337,58,5,1,238.0,435.0,10764,1.0,55,,1.936,0,10619.5,4,0,34,-16.0,0.05172413793103448,0.017241379310344827,,Standard
982_807_1,982,807,4,15,2017,14,Singapore Grand Prix,Renault,Marina Bay Street Circuit,1,1,31032,58,7,3,34.0,34.0,0,1.0,57,1.539,1.368,0,,4,2,2,-9.5,0.017241379310344827,0.017241379310344827,0.8161531460566513,Undercut
982_815_5,982,815,10,15,2017,14,Singapore Grand Prix,Force India,Marina Bay Street Circuit,28,5,29186,58,12,6,58.0,113.0,6768,17.0,30,2.5,20.788,0,678.6666666666715,6,3,9,8.0,0.4827586206896552,0.29310344827586204,0.33161110965406904,Standard
982_817_1,982,817,9,15,2017,14,Singapore Grand Prix,Red Bull,Marina Bay Street Circuit,1,1,30737,58,3,2,144.0,212.0,0,1.0,57,1.51,1.539,0,,1,1,1,-9.5,0.017241379310344827,0.017241379310344827,0.7922622232613462,Undercut
982_828_5,982,828,15,15,2017,14,Singapore Grand Prix,Sauber,Marina Bay Street Circuit,27,5,50617,58,20,12,0.0,5.0,6341,14.0,31,0.333,3.268,0,141.33333333332848,8,4,5,5.0,0.46551724137931033,0.2413793103448276,0.984489327580255,Standard
982_838_1,982,838,1,15,2017,14,Singapore Grand Prix,McLaren,Marina Bay Street Circuit,1,1,31550,58,9,7,1.0,11.0,0,1.0,57,2.669,1.102,0,,2,6,6,-9.5,0.017241379310344827,0.017241379310344827,0.7482912223403893,Standard
982_840_4,982,840,3,15,2017,14,Singapore Grand Prix,Williams,Marina Bay Street Circuit,26,4,29412,58,18,9,24.0,55.0,6447,23.0,32,18.74,1.149,0,434.3333333333285,9,0,2,12.0,0.4482758620689655,0.39655172413793105,0.5159912741865753,Standard
983_20_1,983,20,6,2,2017,15,Malaysian Grand Prix,Ferrari,Sepang International Circuit,27,1,23695,56,20,5,235.0,373.0,5151,27.0,29,4.217,1.849,0,1067.0,15,1,3,17.0,0.48214285714285715,0.48214285714285715,0.5426813937452235,Standard
983_825_1,983,825,210,2,2017,15,Malaysian Grand Prix,Haas F1 Team,Sepang International Circuit,10,1,23766,56,17,12,11.0,37.0,4072,10.0,46,1.24,0.113,0,533.6666666666715,5,0,1,0.0,0.17857142857142858,0.17857142857142858,1.3449011680143754,Standard
983_835_1,983,835,4,2,2017,15,Malaysian Grand Prix,Renault,Sepang International Circuit,13,1,25558,56,12,10,8.0,42.0,3389,13.0,43,1.812,4.638,0,420.6666666666715,2,1,5,3.0,0.23214285714285715,0.23214285714285715,0.5329866376150052,Standard
984_13_1,984,13,3,22,2017,16,Japanese Grand Prix,Williams,Suzuka Circuit,17,1,22956,53,8,9,33.0,65.0,3372,17.0,36,1.46,1.176,0,1079.0,-1,0,0,7.0,0.32075471698113206,0.32075471698113206,0.8660628885700621,Standard
984_154_1,984,154,210,22,2017,16,Japanese Grand Prix,Haas F1 Team,Suzuka Circuit,23,1,22781,53,13,7,26.0,37.0,2187,23.0,30,8.887,3.663,0,111.33333333332848,6,0,4,13.0,0.4339622641509434,0.4339622641509434,0.3155971289641141,Standard
985_20_1,985,20,6,69,2017,17,United States Grand Prix,Ferrari,Circuit of the Americas,16,1,24300,56,2,2,247.0,395.0,1797,16.0,40,5.454,2.308,0,919.0,0,0,2,1.5,0.2857142857142857,0.2857142857142857,0.45724013191298185,Standard
985_817_1,985,817,9,69,2017,17,United States Grand Prix,Red Bull,Circuit of the Americas,12,1,23604,56,4,4,192.0,303.0,1367,12.0,44,3.798,0.339,0,308.3333333333285,0,0,1,-2.5,0.21428571428571427,0.21428571428571427,0.9552461646173832,Undercut
985_825_2,985,825,210,69,2017,17,United States Grand Prix,Haas F1 Team,Circuit of the Americas,49,2,25268,56,17,16,15.0,43.0,1836,48.0,7,7.465,,0,4406.3333333333285,1,0,0,31.0,0.875,0.8571428571428571,,Standard
986_13_1,986,13,3,32,2017,18,Mexican Grand Prix,Williams,Autódromo Hermanos Rodríguez,3,1,22055,71,10,9,36.0,68.0,2615,3.0,68,0.309,0.971,0,3433.0,1,0,3,-11.0,0.04225352112676056,0.04225352112676056,1.271298612152762,Undercut
986_832_1,986,832,4,32,2017,18,Mexican Grand Prix,Renault,Autódromo Hermanos Rodríguez,2,1,22852,71,8,18,54.0,48.0,13982,2.0,69,1.093,8.56,0,0.0,-10,0,2,-12.0,0.028169014084507043,0.028169014084507043,0.5823855969389897,Standard
986_838_1,986,838,1,32,2017,18,Mexican Grand Prix,McLaren,Autódromo Hermanos Rodríguez,31,1,28044,71,19,10,13.0,23.0,5684,31.0,40,4.531,16.05,0,336.3333333333285,9,1,1,17.0,0.43661971830985913,0.43661971830985913,0.2394501585571275,Overcut
986_8_1,986,8,6,32,2017,18,Mexican Grand Prix,Ferrari,Autódromo Hermanos Rodríguez,32,1,22540,71,5,3,163.0,428.0,19735,32.0,39,27.308,23.785,1,459.0,2,2,8,18.0,0.4507042253521127,0.4507042253521127,0.07567268704443063,Standard
987_13_4,987,13,3,18,2017,19,Brazilian Grand Prix,Williams,Autódromo José Carlos Pace,27,4,23275,71,9,9,36.0,76.0,4843,24.0,44,1.943,4.95,0,181.66666666667152,0,1,1,13.0,0.38028169014084506,0.3380281690140845,0.507856557505775,Standard
987_154_3,987,154,210,18,2017,19,Brazilian Grand Prix,Haas F1 Team,Autódromo José Carlos Pace,3,3,18456,71,11,16,28.0,47.0,0,1.0,68,1.284,1.388,0,3075.5,-5,15,49,-18.0,0.04225352112676056,0.014084507042253521,0.8565888402901842,Undercut
987_817_4,987,817,9,18,2017,19,Brazilian Grand Prix,Red Bull,Autódromo José Carlos Pace,43,4,23484,71,14,6,192.0,340.0,5953,40.0,28,15.5,13.441,0,376.6666666666715,8,1,1,29.0,0.6056338028169014,0.5633802816901409,0.12985334265024037,Standard
987_828_2,987,828,15,18,2017,19,Brazilian Grand Prix,Sauber,Autódromo José Carlos Pace,2,2,19250,71,17,11,0.0,5.0,9239,1.0,69,1.98,1.193,0,0.0,6,10,27,-18.0,0.028169014084507043,0.014084507042253521,0.7915668218278415,Undercut
987_832_3,987,832,4,18,2017,19,Brazilian Grand Prix,Renault,Autódromo José Carlos Pace,3,3,18347,71,8,9,54.0,48.0,7602,1.0,68,2.31,0.955,0,7459.5,-1,8,42,-18.0,0.04225352112676056,0.014084507042253521,0.8136237550320273,Undercut
987_842_2,987,842,5,18,2017,19,Brazilian Grand Prix,Toro Rosso,Autódromo José Carlos Pace,2,2,18855,71,19,10,0.0,53.0,12383,1.0,69,1.468,1.98,0,0.0,9,9,26,-18.0,0.028169014084507043,0.014084507042253521,0.7407568555360969,Standard
987_843_3,987,843,5,18,2017,19,Brazilian Grand Prix,Toro Rosso,Autódromo José Carlos Pace,3,3,17738,71,18,12,0.0,53.0,1367,1.0,68,1.134,1.636,0,4133.0,6,11,45,-18.0,0.04225352112676056,0.014084507042253521,0.8479662321002683,Undercut
987_8_4,987,8,6,18,2017,19,Brazilian Grand Prix,Ferrari,Autódromo José Carlos Pace,29,4,23170,71,3,1,178.0,455.0,5559,26.0,42,,4.286,0,141.33333333332848,2,0,7,15.0,0.4084507042253521,0.36619718309859156,,Standard
988_825_1,988,825,210,24,2017,20,Abu Dhabi Grand Prix,Haas F1 Team,Yas Marina Circuit,22,1,21875,55,14,14,19.0,47.0,3131,22.0,33,3.749,4.069,0,187.66666666667152,0,1,4,14.0,0.4,0.4,0.40784821599222787,Standard
989_830_1,989,830,9,1,2018,1,Australian Grand Prix,Red Bull,Albert Park Grand Prix Circuit,21,1,20953,58,4,13,0.0,0.0,16711,21.0,37,4.344,0.686,0,391.6666666666715,-9,0,2,5.0,0.3620689655172414,0.3620689655172414,0.7802455587046547,Standard
989_839_1,989,839,10,1,2018,1,Australian Grand Prix,Force India,Albert Park Grand Prix Circuit,23,1,21854,58,14,14,0.0,0.0,17684,23.0,35,2.657,16.972,0,203.33333333332848,0,0,4,7.0,0.39655172413793105,0.39655172413793105,0.3290902915184018,Standard
990_20_1,990,20,6,3,2018,2,Bahrain Grand Prix,Ferrari,Bahrain International Circuit,18,1,24524,57,1,2,25.0,40.0,4072,18.0,39,0.664,4.901,0,1268.3333333333285,-1,0,1,6.0,0.3157894736842105,0.3157894736842105,0.7704243413762987,Undercut
990_842_1,990,842,5,3,2018,2,Bahrain Grand Prix,Toro Rosso,Bahrain International Circuit,15,1,24835,57,5,5,0.0,0.0,2794,15.0,42,12.683,5.851,0,254.33333333332848,0,0,2,3.0,0.2631578947368421,0.2631578947368421,0.2190474809790375,Standard
990_842_2,990,842,5,3,2018,2,Bahrain Grand Prix,Toro Rosso,Bahrain International Circuit,34,2,24957,57,5,5,0.0,0.0,3492,19.0,23,25.611,9.519,0,797.6666666666715,0,0,1,1.0,0.5964912280701754,0.3333333333333333,0.13264451592323465,Standard
991_154_2,991,154,210,17,2018,3,Chinese Grand Prix,Haas F1 Team,Shanghai International Circuit,46,2,23735,56,10,15,0.0,10.0,6702,30.0,10,0.273,0.298,0,422.0,-5,0,0,14.0,0.8214285714285714,0.5357142857142857,1.5559619790916472,Standard
991_4_1,991,4,1,17,2018,3,Chinese Grand Prix,McLaren,Shanghai International Circuit,29,1,24110,56,13,8,16.0,22.0,5629,29.0,27,1.269,5.859,0,251.33333333332848,5,0,2,19.0,0.5178571428571429,0.5178571428571429,0.586516632867639,Overcut
991_830_1,991,830,9,17,2018,3,Chinese Grand Prix,Red Bull,Shanghai International Circuit,17,1,22715,56,5,4,8.0,20.0,4980,17.0,39,1.668,0.319,0,344.6666666666715,1,0,1,7.0,0.30357142857142855,0.30357142857142855,1.1329627074256654,Standard
991_832_2,991,832,4,17,2018,3,Chinese Grand Prix,Renault,Shanghai International Circuit,31,2,23117,56,9,9,1.0,15.0,28865,19.0,25,3.778,5.418,1,577.0,0,3,6,3.0,0.5535714285714286,0.3392857142857143,0.3651043704127975,Standard
992_1_2,992,1,131,73,2018,4,Azerbaijan Grand Prix,Mercedes,Baku City Circuit,40,2,21329,51,2,3,45.0,85.0,20335,18.0,11,11.453,44.256,1,278.3333333333285,-1,2,8,9.5,0.7843137254901961,0.35294117647058826,0.10239845286546817,Standard
992_842_1,992,842,5,73,2018,4,Azerbaijan Grand Prix,Toro Rosso,Baku City Circuit,12,1,20782,51,17,14,12.0,12.0,3523,12.0,39,4.217,0.087,0,581.6666666666715,3,0,0,0.0,0.23529411764705882,0.23529411764705882,1.1116442442168137,Standard
992_842_2,992,842,5,73,2018,4,Azerbaijan Grand Prix,Toro Rosso,Baku City Circuit,39,2,21287,51,17,14,12.0,12.0,22593,27.0,12,17.982,10.226,0,1080.3333333333285,3,1,3,18.5,0.7647058823529411,0.5294117647058824,0.1417604116518123,Standard
992_844_1,992,844,15,73,2018,4,Azerbaijan Grand Prix,Sauber,Baku City Circuit,24,1,21058,51,13,8,0.0,2.0,4729,24.0,27,1.939,2.515,0,258.6666666666715,5,0,3,12.0,0.47058823529411764,0.47058823529411764,0.6247468076590048,Standard
994_154_2,994,154,210,6,2018,6,Monaco Grand Prix,Haas F1 Team,Circuit de Monaco,68,2,24568,78,18,17,0.0,19.0,25821,53.0,10,36.763,32.338,0,1888.6666666666715,1,0,0,34.0,0.8717948717948718,0.6794871794871795,0.056476747546580934,Standard
994_832_1,994,832,4,6,2018,6,Monaco Grand Prix,Renault,Circuit de Monaco,16,1,24874,78,8,15,19.0,41.0,18682,16.0,62,6.117,4.358,0,1173.3333333333285,-7,1,3,-10.0,0.20512820512820512,0.20512820512820512,0.32714544605934104,Standard
994_840_1,994,840,3,6,2018,6,Monaco Grand Prix,Williams,Circuit de Monaco,9,1,33887,78,17,20,4.0,4.0,68237,9.0,69,46.811,,0,696.0,-3,0,1,-17.0,0.11538461538461539,0.11538461538461539,,Standard
994_842_1,994,842,5,6,2018,6,Monaco Grand Prix,Toro Rosso,Circuit de Monaco,37,1,24296,78,10,10,12.0,13.0,18426,37.0,41,1.791,3.423,0,686.0,0,0,0,11.0,0.47435897435897434,0.47435897435897434,0.5843854066310652,Standard
995_154_1,995,154,210,7,2018,7,Canadian Grand Prix,Haas F1 Team,Circuit Gilles Villeneuve,48,1,24400,68,20,12,0.0,19.0,18211,48.0,20,4.629,8.731,0,195.66666666667152,8,0,0,29.0,0.7058823529411765,0.7058823529411765,0.2804158091787945,Standard
995_830_1,995,830,9,7,2018,7,Canadian Grand Prix,Red Bull,Circuit Gilles Villeneuve,16,1,23137,68,3,5,35.0,107.0,15967,16.0,52,11.454,2.362,0,362.0,-2,0,1,-3.0,0.23529411764705882,0.23529411764705882,0.37773748620384046,Standard
996_8_1,996,8,6,34,2018,8,French Grand Prix,Ferrari,Circuit Paul Ricard,34,1,24289,53,6,5,68.0,189.0,21664,34.0,19,4.967,20.722,0,192.0,1,0,1,20.0,0.6415094339622641,0.6415094339622641,0.21362467946847025,Overcut
997_838_2,997,838,1,70,2018,9,Austrian Grand Prix,McLaren,Red Bull Ring,40,2,22526,71,15,18,8.0,40.0,5840,39.0,31,61.232,,0,48.66666666667152,-3,0,1,22.0,0.5633802816901409,0.5492957746478874,,Standard
997_845_2,997,845,3,70,2018,9,Austrian Grand Prix,Williams,Red Bull Ring,60,2,24884,71,17,15,0.0,4.0,5279,36.0,11,12.63,61.527,0,1707.6666666666715,2,0,0,19.0,0.8450704225352113,0.5070422535211268,0.08936066251807687,Standard
998_817_1,998,817,9,9,2018,10,British Grand Prix,Red Bull,Silverstone Circuit,18,1,28194,52,6,3,96.0,189.0,0,18.0,34,9.737,8.449,0,311.6666666666715,3,0,2,-0.5,0.34615384615384615,0.34615384615384615,0.19896719015657877,Standard
998_830_2,998,830,9,9,2018,10,British Grand Prix,Red Bull,Silverstone Circuit,33,2,28000,52,5,3,93.0,189.0,26447,16.0,19,12.62,3.592,1,352.3333333333285,2,1,5,4.0,0.6346153846153846,0.3076923076923077,0.29119147390341116,Standard
999_1_1,999,1,131,10,2018,11,German Grand Prix,Mercedes,Hockenheimring,42,1,18978,67,14,4,163.0,267.0,4370,42.0,25,2.743,1.944,0,519.0,10,0,0,29.0,0.6268656716417911,0.6268656716417911,0.6068392884108307,Standard
999_4_1,999,4,1,10,2018,11,German Grand Prix,McLaren,Hockenheimring,31,1,18956,67,11,10,40.0,48.0,6089,31.0,36,1.14,1.54,0,1429.3333333333285,1,0,2,18.0,0.4626865671641791,0.4626865671641791,0.860990507027743,Undercut
999_807_1,999,807,4,10,2018,11,German Grand Prix,Renault,Hockenheimring,18,1,19584,67,7,8,42.0,70.0,3607,18.0,49,1.425,1.448,0,167.66666666667152,-1,0,0,5.0,0.26865671641791045,0.26865671641791045,0.8208678660467623,Standard
999_825_2,999,825,210,10,2018,11,German Grand Prix,Haas F1 Team,Hockenheimring,51,2,34742,67,5,9,39.0,51.0,29217,31.0,16,1.134,7.573,1,11484.333333333328,-4,2,4,11.0,0.7611940298507462,0.4626865671641791,0.5852488430854218,Overcut
999_828_1,999,828,15,10,2018,11,German Grand Prix,Sauber,Hockenheimring,38,1,18840,67,13,12,3.0,16.0,3783,38.0,29,7.491,7.414,0,217.0,1,0,0,25.0,0.5671641791044776,0.5671641791044776,0.2366212948191596,Standard
