id,label
0,0
1,1
2,0
3,1
4,1
5,0
6,1
7,1
8,0
9,1
10,0
11,0
12,0
13,1
14,0
15,1
16,0
17,1
18,0
19,1
20,0
21,1
22,1
23,0
24,1
25,0
26,1
27,1
28,0
29,0
30,0
31,0
32,0
33,1
34,1
35,1
36,1
37,1
38,1
39,0
40,0
41,1
42,1
43,0
44,1
45,0
46,0
47,1
48,1
49,1
50,0
51,1
52,0
53,1
54,1
55,1
56,1
57,0
58,0
59,0
60,1
61,1
62,1
63,0
64,1
65,1
66,0
67,0
68,1
69,0
70,0
71,1
72,1
73,1
74,1
75,1
76,0
77,1
78,1
79,0
80,0
81,0
82,1
83,1
84,1
85,1
86,1
87,1
88,1
89,1
90,0
91,1
92,1
93,1
94,1
95,1
96,1
97,1
98,1
99,1
100,1
101,1
102,1
103,1
104,0
105,0
106,1
107,0
108,1
109,1
110,1
111,1
112,1
113,1
114,0
115,1
116,1
117,1
118,1
119,1
120,1
121,1
122,1
123,1
124,0
125,1
126,1
127,1
128,1
129,1
130,0
131,1
132,1
133,0
134,1
135,1
136,1
137,0
138,1
139,1
140,1
141,1
142,0
143,1
144,1
145,0
146,1
147,0
148,1
149,0
150,1
151,1
152,1
153,0
154,0
155,1
156,0
157,1
158,1
159,1
160,1
161,1
162,1
163,1
164,1
165,1
166,1
167,0
168,1
169,1
170,1
171,1
172,1
173,1
174,0
175,1
176,1
177,1
178,1
179,1
180,1
181,0
182,1
183,1
184,1
185,1
186,1
187,1
188,0
189,1
190,1
191,0
192,1
193,1
194,1
195,1
196,1
197,0
198,0
199,0
200,1
201,1
202,1
203,1
204,1
205,0
206,1
207,1
208,1
209,1
210,0
211,0
212,1
213,1
214,0
215,0
216,1
217,1
218,1
219,1
220,0
221,1
222,1
223,0
224,0
225,1
226,0
227,0
228,1
229,0
230,0
231,0
232,1
233,0
234,1
235,1
236,0
237,1
238,0
239,0
240,0
241,1
242,1
243,1
244,1
245,0
246,1
247,1
248,1
249,1
250,1
251,1
252,1
253,0
254,1
255,1
256,0
257,0
258,1
259,1
260,1
261,1
262,0
263,1
264,0
265,1
266,0
267,1
268,1
269,1
270,1
271,1
272,0
273,1
274,1
275,1
276,1
277,0
278,1
279,0
280,1
281,1
282,1
283,1
284,1
285,0
286,1
287,1
288,1
289,0
290,1
291,1
292,0
293,0
294,1
295,0
296,1
297,1
298,1
299,0
300,1
301,0
302,1
303,1
304,1
305,0
306,0
307,1
308,1
309,1
310,1
311,1
312,0
313,0
314,1
315,1
316,1
317,1
318,1
319,1
320,1
321,1
322,1
323,1
324,0
325,0
326,0
327,1
328,1
329,1
330,1
331,1
332,0
333,0
334,0
335,1
336,1
337,1
338,0
339,1
340,1
341,1
342,1
343,1
344,1
345,1
346,1
347,1
348,1
349,1
350,0
351,1
352,1
353,1
354,1
355,0
356,0
357,1
358,1
359,0
360,1
361,1
362,1
363,1
364,1
365,0
366,1
367,1
368,1
369,0
370,1
371,1
372,0
373,1
374,1
375,1
376,1
377,1
378,1
379,1
380,0
381,1
382,0
383,1
384,1
385,0
386,0
387,1
388,0
389,0
390,1
391,1
392,0
393,1
394,1
395,1
396,1
397,0
398,1
399,1
400,1
401,0
402,1
403,1
404,0
405,0
406,1
407,1
408,0
409,1
410,0
411,1
412,1
413,0
414,1
415,1
416,1
417,1
418,0
419,1
420,1
421,1
422,1
423,0
424,1
425,1
426,1
427,1
428,1
429,1
430,0
431,0
432,1
433,1
434,1
435,1
436,1
437,1
438,1
439,1
440,0
441,0
442,1
443,1
444,1
445,1
446,1
447,1
448,1
449,0
450,1
451,1
452,0
453,0
454,1
455,0
456,1
457,0
458,0
459,1
460,1
461,0
462,1
463,0
464,1
465,0
466,1
467,0
468,1
469,1
470,1
471,1
472,0
473,0
474,1
475,1
476,1
477,1
478,1
479,1
480,0
481,1
482,0
483,1
484,0
485,1
486,1
487,1
488,1
489,1
490,1
491,0
492,1
493,1
494,1
495,1
496,0
497,1
498,1
499,1
500,1
501,0
502,1
503,1
504,1
505,0
506,1
507,0
508,1
509,1
510,1
511,0
512,1
513,1
514,0
515,1
516,1
517,0
518,1
519,1
520,1
521,1
522,0
523,1
524,1
525,1
526,1
527,0
528,1
529,0
530,0
531,0
532,0
533,1
534,1
535,1
536,1
537,1
538,0
539,0
540,1
541,0
542,1
543,0
544,1
545,1
546,1
547,1
548,1
549,1
550,1
551,1
552,1
553,1
554,1
555,0
556,1
557,1
558,0
559,0
560,1
561,1
562,0
563,0
564,1
565,0
566,1
567,1
568,1
569,1
570,0
571,0
572,1
573,0
574,0
575,1
576,1
577,1
578,0
579,1
580,1
581,1
582,1
583,1
584,1
585,1
586,1
587,0
588,1
589,1
590,1
591,1
592,1
593,1
594,1
595,1
596,1
597,1
598,1
599,0
600,0
601,0
602,1
603,1
604,1
605,1
606,0
607,1
608,1
609,1
610,0
611,1
612,0
613,0
614,1
615,1
616,1
617,1
618,0
619,1
620,0
621,0
622,1
623,1
624,0
625,1
626,0
627,0
628,1
629,1
630,1
631,1
632,0
633,1
634,0
635,0
636,0
637,1
638,1
639,1
640,1
641,0
642,1
643,0
644,1
645,1
646,1
647,1
648,0
649,1
650,1
651,0
652,1
653,1
654,1
655,1
656,1
657,1
658,1
659,0
660,1
661,0
662,1
663,1
664,1
665,1
666,1
667,1
668,0
669,0
670,1
671,1
672,0
673,1
674,0
675,0
676,0
677,1
678,1
679,1
680,0
681,0
682,1
683,1
684,0
685,0
686,1
687,1
688,1
689,1
690,1
691,1
692,1
693,1
694,0
695,0
696,1
697,1
698,1
699,1
700,1
701,1
702,0
703,1
704,1
705,1
706,1
707,1
708,1
709,1
710,1
711,1
712,1
713,0
714,1
715,1
716,1
717,1
718,1
719,1
720,1
721,1
722,1
723,0
724,0
725,1
726,0
727,1
728,1
729,1
730,0
731,0
732,1
733,1
734,0
735,1
736,1
737,0
738,1
739,0
740,0
741,0
742,1
743,0
744,1
745,1
746,0
747,1
748,0
749,1
750,0
751,1
752,1
753,1
754,0
755,1
756,0
757,1
758,1
759,1
760,1
761,1
762,1
763,1
764,1
765,1
766,0
767,1
768,1
769,1
770,1
771,0
772,1
773,1
774,1
775,1
776,0
777,0
778,1
779,1
780,0
781,0
782,1
783,1
784,0
785,0
786,0
787,1
788,1
789,0
790,1
791,1
792,0
793,1
794,1
795,1
796,1
797,1
798,0
799,1
800,1
801,1
802,0
803,0
804,1
805,0
806,1
807,0
808,1
809,0
810,1
811,1
812,1
813,0
814,0
815,1
816,1
817,1
818,0
819,1
820,0
821,1
822,0
823,1
824,1
825,1
826,1
827,0
828,1
829,1
830,0
831,0
832,1
833,1
834,1
835,1
836,0
837,0
838,1
839,1
840,1
841,1
842,1
843,0
844,1
845,1
846,1
847,1
848,1
849,0
850,0
851,0
852,0
853,0
854,1
855,0
856,1
857,1
858,1
859,1
860,1
861,1
862,0
863,0
864,1
865,1
866,1
867,0
868,1
869,1
870,1
871,0
872,0
873,1
874,0
875,0
876,1
877,0
878,0
879,1
880,1
881,1
882,1
883,1
884,1
885,0
886,1
887,1
888,1
889,0
890,1
891,0
892,1
893,1
894,1
895,0
896,1
897,0
898,1
899,1
900,1
901,1
902,0
903,0
904,0
905,1
906,1
907,1
908,1
909,1
910,1
911,1
912,1
913,1
914,1
915,1
916,0
917,1
918,1
919,0
920,1
921,0
922,1
923,0
924,0
925,0
926,0
927,1
928,1
929,1
930,1
931,1
932,0
933,1
934,1
935,1
936,0
937,0
938,1
939,0
940,1
941,0
942,0
943,1
944,0
945,0
946,1
947,1
948,0
949,0
950,1
951,0
952,1
953,1
954,1
955,1
956,1
957,0
958,1
959,1
960,1
961,1
962,0
963,0
964,0
965,0
966,1
967,1
968,1
969,0
970,1
971,1
972,1
973,1
974,0
975,1
976,1
977,1
978,0
979,1
980,1
981,1
982,1
983,0
984,1
985,1
986,0
987,1
988,1
989,0
990,0
991,0
992,1
993,1
994,1
995,1
996,0
997,1
998,0
999,1
1000,1
1001,1
1002,0
1003,1
1004,1
1005,1
1006,1
1007,0
1008,0
1009,1
1010,1
1011,1
1012,1
1013,1
1014,1
1015,0
1016,1
1017,0
1018,0
1019,1
1020,1
1021,1
1022,1
1023,1
1024,1
1025,1
1026,1
1027,1
1028,1
1029,0
1030,0
1031,1
1032,1
1033,1
1034,1
1035,1
1036,1
1037,1
1038,1
1039,0
1040,0
1041,1
1042,1
1043,1
1044,1
1045,0
1046,1
1047,1
1048,1
1049,0
1050,1
1051,1
1052,1
1053,1
1054,0
1055,1
1056,1
1057,0
1058,1
1059,1
1060,0
1061,0
1062,1
1063,0
1064,0
1065,0
1066,0
1067,1
1068,1
1069,1
1070,1
1071,1
1072,1
1073,1
1074,1
1075,1
1076,0
1077,1
1078,0
1079,0
1080,1
1081,0
1082,1
1083,0
1084,1
1085,1
1086,0
1087,1
1088,0
1089,1
1090,1
1091,1
1092,1
1093,1
1094,0
1095,1
1096,1
1097,0
1098,1
1099,0
1100,1
1101,1
1102,0
1103,0
1104,1
1105,0
1106,1
1107,0
1108,1
1109,1
1110,1
1111,0
1112,0
1113,0
1114,1
1115,1
1116,0
1117,0
1118,0
1119,0
1120,1
1121,0
1122,1
1123,1
1124,1
1125,0
1126,1
1127,1
1128,1
1129,1
1130,1
1131,1
1132,1
1133,1
1134,1
1135,1
1136,1
1137,1
1138,0
1139,1
1140,0
1141,1
1142,1
1143,0
1144,1
1145,1
1146,0
1147,1
1148,1
1149,1
1150,0
1151,1
1152,1
1153,1
1154,1
1155,0
1156,1
1157,0
1158,1
1159,1
1160,1
1161,1
1162,0
1163,1
1164,1
1165,1
1166,0
1167,1
1168,1
1169,1
1170,0
1171,1
1172,0
1173,1
1174,0
1175,1
1176,1
1177,1
1178,0
1179,0
1180,1
1181,1
1182,1
1183,0
1184,0
1185,0
1186,1
1187,1
1188,0
1189,1
1190,0
1191,0
1192,1
1193,0
1194,0
1195,1
1196,1
1197,0
1198,0
1199,1
1200,1
1201,0
1202,1
1203,0
1204,1
1205,0
1206,1
1207,1
1208,1
1209,0
1210,1
1211,1
1212,1
1213,0
1214,0
1215,1
1216,1
1217,0
1218,1
1219,1
1220,1
1221,1
1222,1
1223,1
1224,1
1225,0
1226,1
1227,1
1228,0
1229,0
1230,1
1231,0
1232,1
1233,1
1234,0
1235,0
1236,1
1237,1
1238,1
1239,0
1240,1
1241,1
1242,1
1243,1
1244,1
1245,0
1246,0
1247,1
1248,0
1249,1
1250,1
1251,0
1252,0
1253,1
1254,1
1255,1
1256,1
1257,0
1258,1
1259,1
1260,1
1261,1
1262,1
1263,1
1264,1
1265,1
1266,1
1267,1
1268,0
1269,1
1270,1
1271,1
1272,1
1273,1
1274,1
1275,0
1276,1
1277,1
1278,0
1279,1
1280,1
1281,0
1282,1
1283,1
1284,1
1285,1
1286,1
1287,0
1288,1
1289,0
1290,1
1291,0
1292,1
1293,0
1294,1
1295,1
1296,1
1297,1
1298,1
1299,0
1300,1
1301,1
1302,1
1303,1
1304,1
1305,1
1306,1
1307,1
1308,1
1309,1
1310,1
1311,1
1312,1
1313,1
1314,1
1315,1
1316,1
1317,1
1318,1
1319,1
1320,1
1321,0
1322,1
1323,0
1324,1
1325,1
1326,1
1327,1
1328,0
1329,1
1330,1
1331,1
1332,1
1333,0
1334,1
1335,0
1336,1
1337,0
1338,1
1339,1
1340,0
1341,0
1342,1
1343,1
1344,1
1345,1
1346,1
1347,1
1348,1
1349,0
1350,1
1351,0
1352,1
1353,1
1354,1
1355,1
1356,1
1357,0
1358,1
1359,0
1360,1
1361,1
1362,0
1363,1
1364,1
1365,0
1366,0
1367,1
1368,1
1369,1
1370,1
1371,0
1372,0
1373,1
1374,1
1375,1
1376,1
1377,0
1378,0
1379,0
1380,0
1381,0
1382,1
1383,1
1384,1
1385,1
1386,1
1387,1
1388,1
1389,1
1390,1
1391,0
1392,0
1393,0
1394,1
1395,1
1396,1
1397,1
1398,0
1399,1
1400,1
1401,0
1402,0
1403,1
1404,1
1405,0
1406,1
1407,1
1408,0
1409,1
1410,1
1411,0
1412,0
1413,1
1414,0
1415,0
1416,0
1417,1
1418,0
1419,1
1420,1
1421,0
1422,1
1423,0
1424,0
1425,1
1426,1
1427,1
1428,1
1429,1
1430,1
1431,0
1432,1
1433,1
1434,0
1435,1
1436,1
1437,1
1438,0
1439,1
1440,1
1441,0
1442,1
1443,1
1444,0
1445,0
1446,0
1447,1
1448,1
1449,1
1450,0
1451,1
1452,0
1453,1
1454,1
1455,1
1456,0
1457,0
1458,0
1459,0
1460,1
1461,1
1462,1
1463,1
1464,1
1465,1
1466,1
1467,1
1468,0
1469,1
1470,1
1471,0
1472,1
1473,0
1474,1
1475,1
1476,0
1477,0
1478,1
1479,1
1480,1
1481,1
1482,0
1483,1
1484,0
1485,1
1486,0
1487,0
1488,1
1489,1
1490,0
1491,1
1492,1
1493,0
1494,1
1495,0
1496,0
1497,0
1498,1
1499,1
1500,1
1501,1
1502,1
1503,1
1504,1
1505,0
1506,1
1507,1
1508,0
1509,0
1510,1
1511,1
1512,1
1513,1
1514,1
1515,1
1516,0
1517,1
1518,0
1519,0
1520,0
1521,1
1522,0
1523,1
1524,0
1525,1
1526,0
1527,1
1528,1
1529,1
1530,1
1531,1
1532,1
1533,0
1534,1
1535,1
1536,0
1537,1
1538,1
1539,1
1540,1
1541,0
1542,1
1543,1
1544,0
1545,1
1546,0
1547,1
1548,0
1549,1
1550,1
1551,0
1552,0
1553,1
1554,0
1555,0
1556,0
1557,1
1558,0
1559,1
1560,0
1561,0
1562,0
1563,1
1564,1
1565,1
1566,1
1567,0
1568,1
1569,0
1570,1
1571,0
1572,1
1573,0
1574,1
1575,1
1576,1
1577,1
1578,1
1579,1
1580,0
1581,0
1582,1
1583,1
1584,1
1585,1
1586,1
1587,1
1588,0
1589,1
1590,1
1591,1
1592,1
1593,1
1594,1
1595,0
1596,0
1597,0
1598,1
1599,1
1600,0
1601,0
1602,1
1603,1
1604,1
1605,1
1606,0
1607,0
1608,1
1609,1
1610,1
1611,1
1612,1
1613,0
1614,1
1615,0
1616,1
1617,1
1618,0
1619,1
1620,1
1621,1
1622,1
1623,1
1624,1
1625,1
1626,1
1627,0
1628,0
1629,1
1630,0
1631,0
1632,1
1633,1
1634,0
1635,1
1636,1
1637,0
1638,0
1639,0
1640,0
1641,1
1642,1
1643,1
1644,1
1645,1
1646,1
1647,1
1648,1
1649,1
1650,1
1651,0
1652,1
1653,0
1654,0
1655,0
1656,1
1657,1
1658,1
1659,0
1660,1
1661,1
1662,1
1663,1
1664,1
1665,1
1666,1
1667,1
1668,1
1669,1
1670,1
1671,1
1672,1
1673,1
1674,1
1675,1
1676,1
1677,0
1678,1
1679,1
1680,1
1681,1
1682,0
1683,1
1684,1
1685,1
1686,1
1687,0
1688,1
1689,0
1690,1
1691,1
1692,1
1693,1
1694,0
1695,0
1696,1
1697,1
1698,0
1699,1
1700,0
1701,0
1702,1
1703,1
1704,1
1705,1
1706,1
1707,1
1708,0
1709,1
1710,1
1711,1
1712,1
1713,1
1714,0
1715,1
1716,1
1717,1
1718,1
1719,1
1720,1
1721,0
1722,1
1723,1
1724,0
1725,0
1726,0
1727,0
1728,1
1729,1
1730,1
1731,1
1732,1
1733,1
1734,1
1735,1
1736,1
1737,1
1738,1
1739,1
1740,1
1741,1
1742,1
1743,0
1744,1
1745,0
1746,0
1747,1
1748,1
1749,1
1750,1
1751,0
1752,1
1753,1
1754,0
1755,1
1756,1
1757,0
1758,1
1759,1
1760,0
1761,0
1762,1
1763,1
1764,1
1765,1
1766,0
1767,1
1768,1
1769,1
1770,0
1771,0
1772,1
1773,1
1774,1
1775,0
1776,0
1777,1
1778,1
1779,1
1780,1
1781,0
1782,1
1783,1
1784,1
1785,1
1786,1
1787,0
1788,1
1789,1
1790,0
1791,0
1792,1
1793,1
1794,0
1795,0
1796,1
1797,1
1798,1
1799,0
1800,1
1801,0
1802,1
1803,0
1804,1
1805,0
1806,0
1807,1
1808,0
1809,1
1810,0
1811,0
1812,0
1813,1
1814,0
1815,1
1816,1
1817,0
1818,0
1819,1
1820,1
1821,1
1822,1
1823,1
1824,0
1825,1
1826,0
1827,1
1828,1
1829,1
1830,1
1831,1
1832,1
1833,1
1834,1
1835,0
1836,1
1837,0
1838,0
1839,1
1840,0
1841,0
1842,1
1843,1
1844,0
1845,0
1846,0
1847,1
1848,1
1849,1
1850,1
1851,1
1852,0
1853,1
1854,1
1855,0
1856,0
1857,1
1858,0
1859,0
1860,1
1861,1
1862,1
1863,1
1864,1
1865,1
1866,1
1867,1
1868,1
1869,1
1870,1
1871,1
1872,0
1873,1
1874,1
1875,1
1876,1
1877,0
1878,1
1879,1
1880,0
1881,1
1882,0
1883,1
1884,1
1885,1
1886,1
1887,1
1888,1
1889,1
1890,1
1891,1
1892,0
1893,1
1894,1
1895,0
1896,1
1897,1
1898,0
1899,1
1900,1
1901,0
1902,0
1903,1
1904,0
1905,1
1906,1
1907,1
1908,1
1909,1
1910,1
1911,1
1912,1
1913,0
1914,1
1915,1
1916,1
1917,1
1918,1
1919,1
1920,1
1921,0
1922,0
1923,1
1924,0
1925,0
1926,0
1927,0
1928,1
1929,1
1930,1
1931,1
1932,0
1933,1
1934,0
1935,1
1936,1
1937,1
1938,0
1939,0
1940,1
1941,1
1942,0
1943,0
1944,0
1945,0
1946,1
1947,1
1948,0
1949,1
1950,1
1951,1
1952,0
1953,1
1954,0
1955,1
1956,1
1957,0
1958,1
1959,0
1960,0
1961,1
1962,1
1963,0
1964,1
1965,1
1966,1
1967,0
1968,1
1969,1
1970,0
1971,1
1972,1
1973,0
1974,0
1975,1
1976,1
1977,0
1978,1
1979,0
1980,1
1981,1
1982,0
1983,1
1984,1
1985,0
1986,1
1987,1
1988,0
1989,1
1990,1
1991,1
1992,1
1993,1
1994,1
1995,0
1996,0
1997,0
1998,1
1999,1
2000,0
2001,1
2002,1
2003,1
2004,0
2005,1
2006,1
2007,0
2008,1
2009,0
2010,1
2011,1
2012,0
2013,1
2014,0
2015,0
2016,0
2017,0
2018,0
2019,1
2020,0
2021,1
2022,1
2023,1
2024,1
2025,1
2026,0
2027,0
2028,0
2029,1
2030,1
2031,1
2032,1
2033,1
2034,1
2035,1
2036,1
2037,1
2038,0
2039,1
2040,1
2041,1
2042,0
2043,1
2044,0
2045,0
2046,1
2047,0
2048,0
2049,1
2050,1
2051,1
2052,1
2053,1
2054,0
2055,1
2056,0
2057,1
2058,1
2059,0
2060,0
2061,0
2062,1
2063,1
2064,0
2065,1
2066,1
2067,1
2068,1
2069,0
2070,1
2071,0
2072,1
2073,1
2074,1
2075,1
2076,0
2077,1
2078,0
2079,1
2080,0
2081,0
2082,1
2083,0
2084,0
2085,0
2086,1
2087,1
2088,1
2089,1
2090,0
2091,1
2092,0
2093,1
2094,1
2095,1
2096,0
2097,1
2098,1
2099,0
2100,1
2101,1
2102,1
2103,1
2104,1
2105,1
2106,1
2107,1
2108,1
2109,0
2110,0
2111,1
2112,1
2113,0
2114,0
2115,1
2116,1
2117,1
2118,0
2119,1
2120,1
2121,0
2122,1
2123,1
2124,0
2125,1
2126,1
2127,0
2128,1
2129,1
2130,1
2131,0
2132,0
2133,1
2134,1
2135,0
2136,0
2137,1
2138,1
2139,1
2140,1
2141,0
2142,1
2143,1
2144,1
2145,1
2146,0
2147,0
2148,0
2149,1
2150,0
2151,0
2152,1
2153,1
2154,0
2155,1
2156,0
2157,1
2158,1
2159,1
2160,1
2161,0
2162,1
2163,0
2164,1
2165,1
2166,1
2167,1
2168,0
2169,1
2170,0
2171,0
2172,1
2173,0
2174,1
2175,1
2176,0
2177,1
2178,1
2179,1
2180,1
2181,1
2182,1
2183,1
2184,0
2185,1
2186,1
2187,1
2188,0
2189,0
2190,1
2191,1
2192,0
2193,1
2194,0
2195,0
2196,1
2197,1
2198,0
2199,1
2200,1
2201,0
2202,0
2203,1
2204,1
2205,1
2206,1
2207,1
2208,1
2209,0
2210,0
2211,1
2212,1
2213,1
2214,1
2215,0
2216,1
2217,1
2218,1
2219,0
2220,1
2221,1
2222,0
2223,1
2224,1
2225,0
2226,0
2227,0
2228,1
2229,1
2230,1
2231,1
2232,1
2233,1
2234,0
2235,1
2236,1
2237,0
2238,1
2239,1
2240,0
2241,1
2242,1
2243,0
2244,1
2245,0
2246,1
2247,1
2248,1
2249,0
2250,0
2251,1
2252,1
2253,1
2254,1
2255,1
2256,1
2257,0
2258,1
2259,1
2260,1
2261,1
2262,1
2263,1
2264,0
2265,0
2266,1
2267,1
2268,1
2269,1
2270,0
2271,1
2272,1
2273,1
2274,0
2275,1
2276,1
2277,0
2278,0
2279,1
2280,1
2281,0
2282,0
2283,1
2284,1
2285,1
2286,1
2287,1
2288,0
2289,1
2290,1
2291,0
2292,1
2293,0
2294,0
2295,1
2296,1
2297,1
2298,0
2299,1
2300,0
2301,1
2302,1
2303,1
2304,1
2305,0
2306,1
2307,0
2308,0
2309,1
2310,0
2311,0
2312,1
2313,1
2314,1
2315,0
2316,0
2317,0
2318,1
2319,0
2320,1
2321,1
2322,0
2323,1
2324,0
2325,1
2326,1
2327,0
2328,1
2329,1
2330,1
2331,1
2332,1
2333,1
2334,0
2335,1
2336,1
2337,1
2338,1
2339,1
2340,1
2341,1
2342,0
2343,0
2344,1
2345,1
2346,1
2347,0
2348,1
2349,1
2350,1
2351,1
2352,1
2353,1
2354,0
2355,1
2356,1
2357,1
2358,1
2359,1
2360,1
2361,1
2362,0
2363,0
2364,1
2365,0
2366,0
2367,1
2368,1
2369,0
2370,0
2371,1
2372,1
2373,1
2374,0
2375,1
2376,1
2377,1
2378,1
2379,1
2380,0
2381,1
2382,1
2383,1
2384,1
2385,1
2386,0
2387,1
2388,0
2389,0
2390,1
2391,0
2392,1
2393,1
2394,0
2395,1
2396,0
2397,0
2398,1
2399,1
2400,0
2401,1
2402,0
2403,1
2404,1
2405,1
2406,1
2407,1
2408,1
2409,0
2410,0
2411,0
2412,1
2413,0
2414,1
2415,1
2416,0
2417,1
2418,1
2419,0
2420,0
2421,0
2422,1
2423,0
2424,1
2425,1
2426,0
2427,1
2428,0
2429,1
2430,1
2431,1
2432,1
2433,0
2434,0
2435,1
2436,0
2437,0
2438,1
2439,0
2440,1
2441,1
2442,1
2443,1
2444,1
2445,0
2446,1
2447,1
2448,0
2449,1
2450,0
2451,1
2452,0
2453,1
2454,1
2455,1
2456,1
2457,0
2458,1
2459,0
2460,0
2461,1
2462,1
2463,1
2464,0
2465,1
2466,1
2467,1
2468,1
2469,1
2470,0
2471,1
2472,1
2473,0
2474,1
2475,1
2476,1
2477,1
2478,1
2479,1
2480,1
2481,1
2482,0
2483,1
2484,1
2485,1
2486,1
2487,0
2488,1
2489,1
2490,1
2491,1
2492,0
2493,1
2494,1
2495,1
2496,1
2497,1
2498,0
2499,1
2500,1
2501,1
2502,0
2503,1
2504,1
2505,1
2506,1
2507,1
2508,1
2509,0
2510,1
2511,1
2512,1
2513,1
2514,0
2515,1
2516,0
2517,1
2518,1
2519,1
2520,1
2521,1
2522,1
2523,0
2524,1
2525,1
2526,1
2527,1
2528,1
2529,1
2530,1
2531,0
2532,1
2533,1
2534,0
2535,0
2536,1
2537,0
2538,1
2539,1
2540,1
2541,1
2542,0
2543,0
2544,1
2545,0
2546,0
2547,0
2548,1
2549,0
2550,1
2551,1
2552,1
2553,1
2554,0
2555,1
2556,1
2557,0
2558,1
2559,0
2560,1
2561,0
2562,0
2563,1
2564,1
2565,0
2566,1
2567,0
2568,0
2569,1
2570,0
2571,1
2572,1
2573,0
2574,1
2575,1
2576,1
2577,0
2578,1
2579,1
2580,0
2581,1
2582,1
2583,0
2584,1
2585,0
2586,0
2587,0
2588,1
2589,1
2590,1
2591,0
2592,1
2593,1
2594,1
2595,1
2596,0
2597,1
2598,0
2599,0
2600,1
2601,1
2602,1
2603,1
2604,0
2605,1
2606,1
2607,1
2608,0
2609,0
2610,1
2611,1
2612,1
2613,0
2614,1
2615,1
2616,0
2617,1
2618,1
2619,1
2620,1
2621,1
2622,1
2623,1
2624,0
2625,0
2626,1
2627,1
2628,0
2629,0
2630,1
2631,0
2632,1
2633,1
2634,0
2635,1
2636,1
2637,1
2638,1
2639,1
2640,0
2641,0
2642,1
2643,0
2644,1
2645,0
2646,1
2647,1
2648,1
2649,1
2650,1
2651,1
2652,1
2653,0
2654,1
2655,1
2656,1
2657,0
2658,0
2659,1
2660,0
2661,0
2662,1
2663,1
2664,1
2665,1
2666,1
2667,0
2668,1
2669,0
2670,1
2671,0
2672,1
2673,1
2674,1
2675,0
2676,0
2677,1
2678,1
2679,1
2680,1
2681,1
2682,1
2683,1
2684,1
2685,0
2686,0
2687,1
2688,0
2689,1
2690,1
2691,0
2692,0
2693,1
2694,1
2695,1
2696,0
2697,1
2698,0
2699,0
2700,0
2701,1
2702,1
2703,0
2704,0
2705,0
2706,1
2707,1
2708,1
2709,1
2710,1
2711,0
2712,1
2713,0
2714,1
2715,1
2716,1
2717,1
2718,1
2719,0
2720,0
2721,1
2722,0
2723,1
2724,0
2725,0
2726,1
2727,0
2728,0
2729,1
2730,0
2731,1
2732,1
2733,1
2734,0
2735,1
2736,0
2737,0
2738,0
2739,1
2740,0
2741,1
2742,1
2743,0
2744,0
2745,1
2746,0
2747,0
2748,1
2749,1
2750,1
2751,1
2752,1
2753,1
2754,0
2755,1
2756,1
2757,0
2758,0
2759,0
2760,0
2761,1
2762,0
2763,0
2764,1
2765,0
2766,1
2767,1
2768,0
2769,1
2770,1
2771,1
2772,1
2773,0
2774,1
2775,1
2776,0
2777,1
2778,1
2779,1
2780,1
2781,0
2782,0
2783,0
2784,1
2785,0
2786,1
2787,1
2788,0
2789,1
2790,0
2791,0
2792,0
2793,1
2794,1
2795,1
2796,0
2797,1
2798,1
2799,1
2800,1
2801,1
2802,0
2803,1
2804,1
2805,1
2806,1
2807,0
2808,0
2809,1
2810,0
2811,1
2812,1
2813,0
2814,1
2815,0
2816,1
2817,1
2818,1
2819,1
2820,0
2821,1
2822,1
2823,1
2824,1
2825,0
2826,1
2827,1
2828,0
2829,1
2830,1
2831,1
2832,1
2833,1
2834,0
2835,0
2836,1
2837,1
2838,0
2839,1
2840,0
2841,1
2842,0
2843,1
2844,1
2845,1
2846,1
2847,1
2848,0
2849,1
2850,0
2851,0
2852,1
2853,1
2854,1
2855,1
2856,0
2857,1
2858,1
2859,1
2860,0
2861,0
2862,1
2863,1
2864,0
2865,0
2866,1
2867,1
2868,1
2869,1
2870,1
2871,1
2872,1
2873,1
2874,0
2875,1
2876,0
2877,1
2878,1
2879,0
2880,1
2881,0
2882,1
2883,1
2884,1
2885,0
2886,1
2887,0
2888,1
2889,1
2890,1
2891,1
2892,0
2893,1
2894,1
2895,1
2896,0
2897,1
2898,0
2899,1
2900,1
2901,1
2902,0
2903,0
2904,1
2905,1
2906,0
2907,1
2908,0
2909,1
2910,0
2911,0
2912,1
2913,1
2914,1
2915,1
2916,0
2917,0
2918,0
2919,0
2920,1
2921,1
2922,0
2923,1
2924,1
2925,1
2926,1
2927,1
2928,0
2929,0
2930,0
2931,0
2932,0
2933,1
2934,0
2935,1
2936,0
2937,1
2938,0
2939,1
2940,0
2941,1
2942,0
2943,0
2944,1
2945,1
2946,1
2947,1
2948,1
2949,1
2950,0
2951,1
2952,0
2953,0
2954,1
2955,1
2956,1
2957,1
2958,0
2959,1
2960,0
2961,1
2962,0
2963,1
2964,1
2965,0
2966,0
2967,0
2968,1
2969,0
2970,0
2971,1
2972,1
2973,1
2974,0
2975,0
2976,1
2977,0
2978,1
2979,0
2980,1
2981,1
2982,1
2983,1
2984,1
2985,0
2986,1
2987,1
2988,1
2989,1
2990,0
2991,1
2992,1
2993,1
2994,1
2995,0
2996,1
2997,1
2998,1
2999,1
3000,1
3001,0
3002,0
3003,0
3004,0
3005,1
3006,0
3007,1
3008,0
3009,1
3010,0
3011,0
3012,0
3013,0
3014,0
3015,0
3016,1
3017,1
3018,0
3019,1
3020,1
3021,1
3022,1
3023,0
3024,1
3025,1
3026,0
3027,1
3028,1
3029,0
3030,0
3031,1
3032,0
3033,1
3034,0
3035,0
3036,1
3037,0
3038,0
3039,1
3040,1
3041,1
3042,0
3043,1
3044,1
3045,0
3046,1
3047,1
3048,1
3049,1
3050,1
3051,1
3052,0
3053,1
3054,1
3055,1
3056,1
3057,1
3058,1
3059,1
3060,1
3061,1
3062,1
3063,1
3064,0
3065,1
3066,1
3067,1
3068,1
3069,0
3070,0
3071,1
3072,1
3073,0
3074,0
3075,1
3076,1
3077,1
3078,1
3079,1
3080,0
3081,1
3082,0
3083,1
3084,1
3085,1
3086,0
3087,1
3088,0
3089,1
3090,0
3091,0
3092,0
3093,1
3094,1
3095,1
3096,1
3097,1
3098,1
3099,1
3100,1
3101,1
3102,0
3103,1
3104,1
3105,1
3106,1
3107,1
3108,1
3109,1
3110,1
3111,1
3112,1
3113,1
3114,1
3115,1
3116,0
3117,1
3118,0
3119,1
3120,1
3121,1
3122,1
3123,1
3124,1
3125,0
3126,0
3127,1
3128,0
3129,0
3130,0
3131,1
3132,0
3133,1
3134,1
3135,0
3136,0
3137,1
3138,1
3139,1
3140,1
3141,0
3142,1
3143,0
3144,1
3145,1
3146,1
3147,1
3148,1
3149,0
3150,1
3151,1
3152,1
3153,1
3154,0
3155,1
3156,1
3157,0
3158,0
3159,1
3160,1
3161,1
3162,1
3163,1
3164,1
3165,0
3166,0
3167,1
3168,0
3169,0
3170,0
3171,0
3172,1
3173,0
3174,1
3175,0
3176,1
3177,1
3178,1
3179,1
3180,1
3181,1
3182,1
3183,0
3184,1
3185,0
3186,1
3187,0
3188,1
3189,1
3190,1
3191,1
3192,1
3193,0
3194,1
3195,0
3196,0
3197,1
3198,0
3199,1
3200,1
3201,1
3202,1
3203,0
3204,1
3205,1
3206,1
3207,0
3208,1
3209,0
3210,1
3211,1
3212,1
3213,1
3214,1
3215,1
3216,0
3217,1
3218,1
3219,1
3220,0
3221,0
3222,1
3223,1
3224,1
3225,1
3226,1
3227,1
3228,0
3229,1
3230,1
3231,1
3232,1
3233,1
3234,1
3235,1
3236,1
3237,1
3238,1
3239,1
3240,0
3241,1
3242,1
3243,1
3244,1
3245,1
3246,1
3247,1
3248,1
3249,1
3250,0
3251,1
3252,1
3253,0
3254,0
3255,1
3256,1
3257,1
3258,1
3259,1
3260,1
3261,1
3262,0
3263,1
3264,0
3265,1
3266,1
3267,0
3268,1
3269,0
3270,1
3271,1
3272,1
3273,1
3274,0
3275,0
3276,1
3277,1
3278,1
3279,0
3280,1
3281,0
3282,0
3283,1
3284,1
3285,0
3286,1
3287,1
3288,0
3289,0
3290,1
3291,1
3292,0
3293,0
3294,1
3295,1
3296,1
3297,1
3298,1
3299,0
3300,0
3301,1
3302,1
3303,1
3304,0
3305,0
3306,1
3307,1
3308,1
3309,1
3310,1
3311,1
3312,1
3313,1
3314,1
3315,1
3316,1
3317,0
3318,1
3319,1
3320,1
3321,0
3322,1
3323,1
3324,0
3325,1
3326,1
3327,1
3328,0
3329,1
3330,1
3331,1
3332,1
3333,1
3334,1
3335,0
3336,1
3337,1
3338,1
3339,1
3340,1
3341,1
3342,1
3343,1
3344,1
3345,1
3346,1
3347,0
3348,1
3349,1
3350,1
3351,1
3352,0
3353,1
3354,1
3355,0
3356,1
3357,0
3358,1
3359,1
3360,1
3361,1
3362,1
3363,1
3364,0
3365,0
3366,0
3367,0
3368,1
3369,0
3370,1
3371,1
3372,1
3373,1
3374,1
3375,1
3376,1
3377,1
3378,1
3379,1
3380,0
3381,0
3382,1
3383,0
3384,0
3385,1
3386,1
3387,1
3388,1
3389,1
3390,0
3391,0
3392,1
3393,1
3394,0
3395,1
3396,1
3397,1
3398,0
3399,1
3400,1
3401,0
3402,0
3403,1
3404,1
3405,0
3406,1
3407,1
3408,1
3409,1
3410,1
3411,1
3412,1
3413,0
3414,1
3415,1
3416,1
3417,1
3418,0
3419,1
3420,1
3421,0
3422,1
3423,1
3424,0
3425,1
3426,1
3427,1
3428,1
3429,1
3430,0
3431,0
3432,1
3433,1
3434,0
3435,1
3436,1
3437,1
3438,1
3439,1
3440,0
3441,1
3442,1
3443,1
3444,1
3445,0
3446,1
3447,1
3448,1
3449,1
3450,1
3451,1
3452,0
3453,1
3454,1
3455,1
3456,1
3457,1
3458,0
3459,0
3460,1
3461,0
3462,0
3463,1
3464,1
3465,1
3466,1
3467,1
3468,1
3469,1
3470,1
3471,0
3472,1
3473,0
3474,0
3475,1
3476,0
3477,0
3478,0
3479,1
3480,1
3481,1
3482,1
3483,1
3484,0
3485,0
3486,1
3487,1
3488,1
3489,1
3490,1
3491,1
3492,0
3493,0
3494,1
3495,1
3496,1
3497,1
3498,1
3499,1
3500,1
3501,0
3502,1
3503,0
3504,1
3505,0
3506,0
3507,0
3508,1
3509,0
3510,1
3511,1
3512,1
3513,1
3514,0
3515,0
3516,1
3517,1
3518,1
3519,1
3520,1
3521,1
3522,1
3523,1
3524,1
3525,1
3526,0
3527,1
3528,1
3529,1
3530,1
3531,0
3532,1
3533,0
3534,1
3535,1
3536,1
3537,0
3538,1
3539,1
3540,1
3541,1
3542,1
3543,1
3544,0
3545,1
3546,1
3547,1
3548,0
3549,0
3550,0
3551,1
3552,1
3553,1
3554,1
3555,1
3556,1
3557,1
3558,1
3559,1
3560,1
3561,0
3562,1
3563,1
3564,1
3565,1
3566,1
3567,1
3568,1
3569,1
3570,1
3571,1
3572,1
3573,1
3574,1
3575,1
3576,1
3577,0
3578,1
3579,1
3580,0
3581,1
3582,1
3583,1
3584,1
3585,1
3586,0
3587,1
3588,1
3589,1
3590,0
3591,1
3592,0
3593,1
3594,1
3595,1
3596,0
3597,1
3598,0
3599,1
3600,1
3601,1
3602,1
3603,1
3604,1
3605,1
3606,1
3607,0
3608,1
3609,0
3610,1
3611,1
3612,1
3613,0
3614,1
3615,1
3616,1
3617,1
3618,1
3619,1
3620,1
3621,1
3622,1
3623,1
3624,1
3625,1
3626,0
3627,1
3628,1
3629,1
3630,0
3631,0
3632,0
3633,0
3634,1
3635,1
3636,1
3637,1
3638,1
3639,0
3640,1
3641,1
3642,0
3643,1
3644,0
3645,1
3646,0
3647,1
3648,1
3649,1
3650,1
3651,1
3652,0
3653,1
3654,1
3655,1
3656,1
3657,0
3658,1
3659,1
3660,1
3661,0
3662,0
3663,0
3664,1
3665,0
3666,1
3667,1
3668,0
3669,1
3670,1
3671,1
3672,0
3673,0
3674,1
3675,1
3676,1
3677,1
3678,0
3679,1
3680,1
3681,1
3682,1
3683,1
3684,1
3685,0
3686,1
3687,0
3688,0
3689,0
3690,0
3691,1
3692,1
3693,0
3694,0
3695,1
3696,0
3697,0
3698,0
3699,1
3700,1
3701,1
3702,0
3703,0
3704,1
3705,0
3706,1
3707,1
3708,0
3709,1
3710,1
3711,1
3712,1
3713,1
3714,0
3715,0
3716,1
3717,1
3718,0
3719,1
3720,0
3721,1
3722,1
3723,0
3724,0
3725,0
3726,1
3727,1
3728,1
3729,0
3730,1
3731,1
3732,1
3733,1
3734,1
3735,1
3736,1
3737,1
3738,1
3739,1
3740,0
3741,1
3742,1
3743,1
3744,1
3745,1
3746,0
3747,0
3748,1
3749,1
3750,1
3751,0
3752,1
3753,0
3754,1
3755,1
3756,0
3757,1
3758,1
3759,1
3760,1
3761,0
3762,1
3763,1
3764,0
3765,1
3766,1
3767,1
3768,1
3769,1
3770,0
3771,0
3772,1
3773,1
3774,1
3775,1
3776,1
3777,1
3778,1
3779,0
3780,1
3781,0
3782,0
3783,1
3784,1
3785,1
3786,0
3787,1
3788,0
3789,0
3790,1
3791,1
3792,1
3793,0
3794,1
3795,1
3796,1
3797,1
3798,0
3799,0
3800,1
3801,1
3802,0
3803,1
3804,1
3805,1
3806,1
3807,0
3808,1
3809,0
3810,0
3811,0
3812,0
3813,1
3814,1
3815,1
3816,1
3817,1
3818,1
3819,1
3820,1
3821,1
3822,1
3823,1
3824,1
3825,1
3826,1
3827,0
3828,1
3829,0
3830,0
3831,1
3832,1
3833,1
3834,1
3835,0
3836,1
3837,1
3838,1
3839,1
3840,0
3841,1
3842,0
3843,1
3844,1
3845,0
3846,1
3847,1
3848,1
3849,1
3850,1
3851,0
3852,1
3853,0
3854,1
3855,1
3856,0
3857,1
3858,1
3859,0
3860,1
3861,0
3862,1
3863,1
3864,0
3865,1
3866,0
3867,1
3868,1
3869,1
3870,1
3871,1
3872,0
3873,1
3874,1
3875,1
3876,0
3877,1
3878,1
3879,1
3880,0
3881,0
3882,1
3883,1
3884,0
3885,1
3886,1
3887,1
3888,1
3889,0
3890,1
3891,1
3892,1
3893,1
3894,0
3895,0
3896,0
3897,0
3898,1
3899,1
3900,1
3901,0
3902,1
3903,1
3904,1
3905,1
3906,1
3907,1
3908,1
3909,1
3910,0
3911,1
3912,1
3913,0
3914,1
3915,1
3916,1
3917,1
3918,0
3919,1
3920,0
3921,0
3922,0
3923,1
3924,1
3925,0
3926,1
3927,1
3928,1
3929,1
3930,1
3931,1
3932,0
3933,1
3934,1
3935,1
3936,1
3937,1
3938,1
3939,1
3940,0
3941,1
3942,1
3943,1
3944,1
3945,0
3946,0
3947,0
3948,1
3949,1
3950,1
3951,1
3952,0
3953,1
3954,0
3955,0
3956,1
3957,0
3958,1
3959,1
3960,1
3961,1
3962,0
3963,1
3964,1
3965,1
3966,0
3967,1
3968,1
3969,1
3970,1
3971,1
3972,1
3973,1
3974,0
3975,0
3976,0
3977,0
3978,1
3979,1
3980,0
3981,0
3982,1
3983,0
3984,1
3985,1
3986,1
3987,0
3988,0
3989,0
3990,1
3991,1
3992,1
3993,1
3994,1
3995,0
3996,1
3997,1
3998,0
3999,0
4000,1
4001,0
4002,1
4003,1
4004,1
4005,1
4006,1
4007,1
4008,0
4009,1
4010,1
4011,1
4012,0
4013,1
4014,0
4015,1
4016,1
4017,1
4018,1
4019,1
4020,0
4021,1
4022,1
4023,0
4024,1
4025,1
4026,1
4027,1
4028,0
4029,0
4030,0
4031,0
4032,1
4033,1
4034,0
4035,0
4036,1
4037,1
4038,1
4039,1
4040,0
4041,0
4042,1
4043,1
4044,1
4045,0
4046,1
4047,1
4048,1
4049,1
4050,1
4051,0
4052,1
4053,1
4054,1
4055,1
4056,1
4057,1
4058,0
4059,0
4060,1
4061,1
4062,1
4063,1
4064,1
4065,0
4066,0
4067,0
4068,0
4069,1
4070,1
4071,1
4072,1
4073,1
4074,0
4075,0
4076,1
4077,1
4078,1
4079,0
4080,1
4081,0
4082,0
4083,1
4084,1
4085,1
4086,0
4087,0
4088,0
4089,1
4090,0
4091,1
4092,1
4093,1
4094,0
4095,1
4096,1
4097,1
4098,1
4099,1
4100,1
4101,1
4102,0
4103,1
4104,1
4105,1
4106,0
4107,1
4108,1
4109,1
4110,1
4111,1
4112,1
4113,1
4114,1
4115,1
4116,1
4117,0
4118,0
4119,0
4120,1
4121,1
4122,1
4123,1
4124,0
4125,1
4126,1
4127,1
4128,1
4129,1
4130,1
4131,0
4132,1
4133,1
4134,1
4135,1
4136,1
4137,1
4138,1
4139,1
4140,1
4141,0
4142,1
4143,1
4144,1
4145,1
4146,1
4147,1
4148,0
4149,1
4150,0
4151,1
4152,0
4153,0
4154,1
4155,1
4156,0
4157,1
4158,1
4159,1
4160,0
4161,1
4162,0
4163,1
4164,1
4165,0
4166,1
4167,0
4168,1
4169,1
4170,0
4171,1
4172,0
4173,0
4174,1
4175,1
4176,1
4177,1
4178,0
4179,1
4180,0
4181,1
4182,1
4183,0
4184,1
4185,1
4186,1
4187,1
4188,1
4189,1
4190,1
4191,1
4192,1
4193,0
4194,1
4195,1
4196,0
4197,1
4198,1
4199,1
4200,1
4201,0
4202,1
4203,1
4204,0
4205,1
4206,1
4207,0
4208,1
4209,1
4210,1
4211,1
4212,1
4213,0
4214,1
4215,1
4216,0
4217,0
4218,1
4219,1
4220,1
4221,1
4222,0
4223,1
4224,1
4225,1
4226,1
4227,0
4228,0
4229,0
4230,0
4231,1
4232,0
4233,0
4234,0
4235,1
4236,0
4237,0
4238,1
4239,1
4240,0
4241,1
4242,1
4243,0
4244,0
4245,1
4246,0
4247,0
4248,1
4249,0
4250,1
4251,1
4252,0
4253,1
4254,1
4255,1
4256,0
4257,0
4258,1
4259,0
4260,1
4261,1
4262,0
4263,0
4264,1
4265,1
4266,0
4267,0
4268,1
4269,0
4270,0
4271,0
4272,1
4273,1
4274,0
4275,1
4276,1
4277,0
4278,1
4279,1
4280,1
4281,0
4282,0
4283,0
4284,1
4285,1
4286,1
4287,1
4288,1
4289,0
4290,1
4291,0
4292,0
4293,1
4294,0
4295,1
4296,0
4297,1
4298,1
4299,1
4300,1
4301,1
4302,0
4303,0
4304,0
4305,1
4306,1
4307,0
4308,0
4309,0
4310,0
4311,1
4312,1
4313,1
4314,0
4315,0
4316,0
4317,1
4318,1
4319,1
4320,1
4321,1
4322,1
4323,1
4324,1
4325,1
4326,1
4327,1
4328,1
4329,1
4330,0
4331,0
4332,1
4333,1
4334,1
4335,1
4336,1
4337,1
4338,1
4339,1
4340,0
4341,0
4342,1
4343,0
4344,0
4345,1
4346,1
4347,1
4348,1
4349,1
4350,0
4351,0
4352,0
4353,0
4354,0
4355,1
4356,0
4357,0
4358,1
4359,1
4360,0
4361,0
4362,1
4363,1
4364,0
4365,0
4366,0
4367,1
4368,0
4369,1
4370,0
4371,0
4372,1
4373,0
4374,1
4375,0
4376,0
4377,1
4378,1
4379,1
4380,1
4381,1
4382,0
4383,1
4384,1
4385,1
4386,1
4387,1
4388,1
4389,0
4390,1
4391,1
4392,0
4393,0
4394,0
4395,1
4396,0
4397,0
4398,1
4399,0
4400,1
4401,0
4402,1
4403,1
4404,1
4405,1
4406,0
4407,1
4408,1
4409,0
4410,1
4411,0
4412,1
4413,1
4414,1
4415,1
4416,1
4417,1
4418,1
4419,1
4420,1
4421,1
4422,1
4423,1
4424,1
4425,1
4426,1
4427,0
4428,1
4429,0
4430,1
4431,0
4432,1
4433,1
4434,1
4435,1
4436,0
4437,0
4438,1
4439,1
4440,0
4441,1
4442,1
4443,1
4444,1
4445,0
4446,0
4447,0
4448,1
4449,1
4450,1
4451,1
4452,1
4453,0
4454,0
4455,0
4456,0
4457,1
4458,1
4459,1
4460,0
4461,1
4462,1
4463,0
4464,1
4465,0
4466,0
4467,0
4468,0
4469,0
4470,0
4471,1
4472,0
4473,1
4474,0
4475,0
4476,1
4477,0
4478,0
4479,1
4480,1
4481,1
4482,1
4483,1
4484,0
4485,0
4486,1
4487,1
4488,0
4489,0
4490,0
4491,1
4492,1
4493,0
4494,1
4495,1
4496,1
4497,0
4498,1
4499,1
4500,0
4501,1
4502,0
4503,1
4504,0
4505,1
4506,1
4507,1
4508,1
4509,1
4510,1
4511,0
4512,1
4513,1
4514,0
4515,0
4516,0
4517,0
4518,1
4519,1
4520,1
4521,1
4522,1
4523,1
4524,1
4525,1
4526,1
4527,1
4528,1
4529,1
4530,0
4531,0
4532,1
4533,1
4534,1
4535,1
4536,1
4537,0
4538,0
4539,1
4540,1
4541,1
4542,1
4543,1
4544,1
4545,1
4546,0
4547,0
4548,1
4549,0
4550,1
4551,0
4552,0
4553,0
4554,1
4555,1
4556,1
4557,1
4558,0
4559,1
4560,0
4561,1
4562,1
4563,0
4564,1
4565,1
4566,0
4567,1
4568,0
4569,0
4570,0
4571,1
4572,1
4573,1
4574,1
4575,1
4576,1
4577,1
4578,1
4579,1
4580,0
4581,1
4582,1
4583,0
4584,0
4585,1
4586,1
4587,1
4588,0
4589,1
4590,1
4591,0
4592,1
4593,1
4594,1
4595,1
4596,0
4597,0
4598,0
4599,1
4600,1
4601,0
4602,1
4603,1
4604,1
4605,0
4606,0
4607,1
4608,1
4609,1
4610,0
4611,1
4612,1
4613,0
4614,0
4615,0
4616,1
4617,1
4618,1
4619,1
4620,1
4621,1
4622,1
4623,0
4624,1
4625,1
4626,1
4627,1
4628,1
4629,0
4630,0
4631,0
4632,0
4633,1
4634,1
4635,1
4636,1
4637,0
4638,1
4639,0
4640,0
4641,1
4642,0
4643,1
4644,0
4645,0
4646,1
4647,0
4648,1
4649,0
4650,1
4651,1
4652,0
4653,1
4654,0
4655,0
4656,1
4657,0
4658,1
4659,1
4660,1
4661,0
4662,0
4663,0
4664,1
4665,1
4666,1
4667,1
4668,1
4669,1
4670,1
4671,0
4672,1
4673,1
4674,0
4675,1
4676,1
4677,0
4678,0
4679,1
4680,0
4681,1
4682,0
4683,0
4684,1
4685,1
4686,0
4687,0
4688,0
4689,1
4690,1
4691,1
4692,1
4693,1
4694,1
4695,1
4696,1
4697,1
4698,1
4699,1
4700,1
4701,1
4702,1
4703,0
4704,1
4705,1
4706,1
4707,1
4708,0
4709,0
4710,0
4711,1
4712,1
4713,1
4714,0
4715,0
4716,1
4717,1
4718,1
4719,1
4720,1
4721,1
4722,0
4723,0
4724,1
4725,0
4726,1
4727,1
4728,1
4729,0
4730,1
4731,1
4732,0
4733,1
4734,0
4735,1
4736,1
4737,0
4738,1
4739,0
4740,1
4741,1
4742,0
4743,1
4744,1
4745,1
4746,1
4747,1
4748,1
4749,0
4750,1
4751,1
4752,1
4753,0
4754,0
4755,0
4756,1
4757,1
4758,0
4759,1
4760,1
4761,0
4762,1
4763,1
4764,1
4765,1
4766,0
4767,0
4768,1
4769,0
4770,1
4771,1
4772,1
4773,0
4774,1
4775,1
4776,1
4777,1
4778,1
4779,0
4780,1
4781,1
4782,0
4783,1
4784,0
4785,0
4786,1
4787,0
4788,1
4789,1
4790,1
4791,1
4792,1
4793,1
4794,1
4795,0
4796,1
4797,0
4798,1
4799,1
4800,0
4801,1
4802,0
4803,1
4804,0
4805,1
4806,0
4807,0
4808,1
4809,1
4810,1
4811,1
4812,1
4813,1
4814,1
4815,1
4816,1
4817,1
4818,1
4819,1
4820,1
4821,1
4822,1
4823,1
4824,1
4825,1
4826,0
4827,0
4828,0
4829,1
4830,0
4831,1
4832,0
4833,1
4834,1
4835,1
4836,1
4837,0
4838,1
4839,0
4840,1
4841,1
4842,0
4843,1
4844,1
4845,1
4846,0
4847,1
4848,0
4849,1
4850,1
4851,1
4852,0
4853,1
4854,0
4855,1
4856,1
4857,1
4858,1
4859,1
4860,0
4861,0
4862,1
4863,1
4864,1
4865,0
4866,0
4867,0
4868,1
4869,1
4870,1
4871,1
4872,1
4873,1
4874,1
4875,1
4876,0
4877,0
4878,1
4879,0
4880,1
4881,0
4882,1
4883,1
4884,1
4885,1
4886,0
4887,0
4888,1
4889,1
4890,1
4891,1
4892,1
4893,0
4894,0
4895,1
4896,1
4897,1
4898,1
4899,1
4900,1
4901,0
4902,0
4903,1
4904,1
4905,1
4906,1
4907,0
4908,1
4909,0
4910,1
4911,1
4912,0
4913,0
4914,1
4915,0
4916,0
4917,1
4918,1
4919,1
4920,1
4921,1
4922,1
4923,0
4924,1
4925,0
4926,1
4927,1
4928,0
4929,1
4930,1
4931,1
4932,1
4933,0
4934,1
4935,0
4936,1
4937,1
4938,1
4939,0
4940,1
4941,1
4942,1
4943,0
4944,0
4945,0
4946,1
4947,1
4948,1
4949,1
4950,1
4951,1
4952,0
4953,0
4954,0
4955,1
4956,1
4957,1
4958,1
4959,1
4960,1
4961,0
4962,1
4963,0
4964,1
4965,0
4966,1
4967,1
4968,1
4969,0
4970,1
4971,1
4972,0
4973,1
4974,1
4975,0
4976,1
4977,0
4978,1
4979,1
4980,1
4981,1
4982,0
4983,1
4984,1
4985,1
4986,1
4987,1
4988,1
4989,0
4990,1
4991,1
4992,1
4993,1
4994,1
4995,1
4996,1
4997,1
4998,0
4999,1
5000,1
5001,1
5002,1
5003,1
5004,1
5005,1
5006,0
5007,1
5008,0
5009,1
5010,1
5011,0
5012,1
5013,1
5014,0
5015,0
5016,0
5017,0
5018,1
5019,1
5020,1
5021,0
5022,0
5023,1
5024,1
5025,1
5026,1
5027,1
5028,1
5029,1
5030,0
5031,1
5032,1
5033,1
5034,0
5035,0
5036,1
5037,1
5038,1
5039,1
5040,0
5041,1
5042,1
5043,1
5044,1
5045,0
5046,1
5047,1
5048,1
5049,1
5050,1
5051,1
5052,1
5053,0
5054,0
5055,1
5056,1
5057,1
5058,0
5059,1
5060,1
5061,1
5062,1
5063,0
5064,1
5065,0
5066,0
5067,0
5068,0
5069,1
5070,1
5071,1
5072,1
5073,1
5074,0
5075,1
5076,0
5077,0
5078,1
5079,1
5080,0
5081,1
5082,1
5083,1
5084,0
5085,0
5086,0
5087,0
5088,1
5089,1
5090,1
5091,0
5092,0
5093,0
5094,1
5095,1
5096,0
5097,0
5098,1
5099,1
5100,0
5101,0
5102,1
5103,0
5104,1
5105,0
5106,0
5107,1
5108,1
5109,1
5110,0
5111,0
5112,1
5113,0
5114,1
5115,0
5116,1
5117,1
5118,0
5119,1
5120,1
5121,0
5122,1
5123,0
5124,1
5125,1
5126,1
5127,0
5128,1
5129,1
5130,0
5131,1
5132,1
5133,1
5134,1
5135,1
5136,1
5137,0
5138,1
5139,0
5140,1
5141,1
5142,1
5143,1
5144,1
5145,1
5146,1
5147,1
5148,0
5149,0
5150,1
5151,1
5152,1
5153,0
5154,1
5155,1
5156,0
5157,1
5158,1
5159,1
5160,1
5161,1
5162,1
5163,1
5164,1
5165,1
5166,0
5167,1
5168,0
5169,0
5170,1
5171,1
5172,1
5173,0
5174,1
5175,1
5176,1
5177,1
5178,1
5179,1
5180,1
5181,1
5182,0
5183,1
5184,0
5185,1
5186,0
5187,1
5188,1
5189,0
5190,1
5191,1
5192,1
5193,1
5194,0
5195,0
5196,1
5197,1
5198,1
5199,0
5200,1
5201,1
5202,1
5203,0
5204,1
5205,1
5206,1
5207,1
5208,0
5209,0
5210,1
5211,0
5212,1
5213,1
5214,1
5215,0
5216,0
5217,1
5218,0
5219,0
5220,1
5221,1
5222,1
5223,1
5224,1
5225,0
5226,0
5227,0
5228,0
5229,1
5230,1
5231,1
5232,1
5233,0
5234,1
5235,0
5236,0
5237,1
5238,1
5239,1
5240,1
5241,1
5242,0
5243,1
5244,0
5245,1
5246,0
5247,1
5248,1
5249,0
5250,1
5251,0
5252,1
5253,0
5254,1
5255,1
5256,0
5257,0
5258,1
5259,1
5260,0
5261,0
5262,0
5263,1
5264,1
5265,0
5266,1
5267,1
5268,1
5269,0
5270,0
5271,1
5272,0
5273,1
5274,1
5275,1
5276,1
5277,1
5278,0
5279,0
5280,1
5281,1
5282,1
5283,1
5284,0
5285,0
5286,0
5287,0
5288,1
5289,1
5290,1
5291,1
5292,1
5293,0
5294,0
5295,0
5296,1
5297,0
5298,0
5299,1
5300,1
5301,1
5302,1
5303,1
5304,0
5305,0
5306,0
5307,1
5308,0
5309,1
5310,0
5311,1
5312,1
5313,1
5314,1
5315,0
5316,0
5317,0
5318,1
5319,0
5320,1
5321,1
5322,1
5323,1
5324,1
5325,1
5326,0
5327,1
5328,1
5329,1
5330,1
5331,1
5332,1
5333,1
5334,1
5335,1
5336,1
5337,1
5338,1
5339,1
5340,1
5341,1
5342,1
5343,1
5344,1
5345,1
5346,0
5347,1
5348,1
5349,1
5350,0
5351,1
5352,1
5353,1
5354,1
5355,1
5356,0
5357,1
5358,1
5359,1
5360,0
5361,1
5362,1
5363,1
5364,0
5365,1
5366,0
5367,1
5368,0
5369,1
5370,1
5371,0
5372,1
5373,1
5374,1
5375,1
5376,1
5377,1
5378,1
5379,1
5380,0
5381,0
5382,1
5383,1
5384,1
5385,1
5386,1
5387,1
5388,1
5389,1
5390,0
5391,1
5392,1
5393,1
5394,1
5395,1
5396,1
5397,1
5398,1
5399,1
5400,1
5401,1
5402,1
5403,1
5404,0
5405,1
5406,0
5407,1
5408,0
5409,0
5410,1
5411,0
5412,1
5413,1
5414,1
5415,1
5416,1
5417,0
5418,1
5419,1
5420,0
5421,1
5422,1
5423,0
5424,1
5425,1
5426,1
5427,1
5428,0
5429,0
5430,1
5431,0
5432,1
5433,1
5434,1
5435,1
5436,0
5437,1
5438,0
5439,1
5440,1
5441,0
5442,0
5443,1
5444,0
5445,0
5446,1
5447,0
5448,0
5449,0
5450,1
5451,1
5452,0
5453,1
5454,1
5455,1
5456,1
5457,0
5458,1
5459,1
5460,1
5461,0
5462,1
5463,1
5464,1
5465,1
5466,0
5467,1
5468,1
5469,0
5470,1
5471,1
5472,0
5473,1
5474,0
5475,1
5476,1
5477,1
5478,0
5479,0
5480,1
5481,1
5482,1
5483,0
5484,0
5485,1
5486,1
5487,1
5488,1
5489,0
5490,1
5491,1
5492,1
5493,1
5494,1
5495,1
5496,1
5497,0
5498,1
5499,1
5500,1
5501,1
5502,1
5503,1
5504,1
5505,0
5506,1
5507,0
5508,1
5509,0
5510,1
5511,1
5512,0
5513,0
5514,1
5515,0
5516,0
5517,1
5518,0
5519,1
5520,1
5521,0
5522,1
5523,1
5524,0
5525,1
5526,0
5527,1
5528,1
5529,1
5530,1
5531,0
5532,0
5533,1
5534,1
5535,1
5536,1
5537,0
5538,1
5539,1
5540,1
5541,1
5542,0
5543,0
5544,1
5545,1
5546,1
5547,1
5548,1
5549,0
5550,1
5551,1
5552,1
5553,1
5554,1
5555,0
5556,0
5557,0
5558,1
5559,1
5560,1
5561,0
5562,0
5563,0
5564,1
5565,1
5566,1
5567,1
5568,1
5569,1
5570,0
5571,1
5572,0
5573,0
5574,1
5575,1
5576,1
5577,1
5578,1
5579,1
5580,0
5581,0
5582,1
5583,1
5584,1
5585,0
5586,1
5587,0
5588,1
5589,1
5590,0
5591,0
5592,0
5593,0
5594,1
5595,1
5596,1
5597,0
5598,1
5599,1
5600,1
5601,1
5602,1
5603,1
5604,0
5605,1
5606,1
5607,1
5608,1
5609,1
5610,0
5611,1
5612,1
5613,1
5614,1
5615,0
5616,1
5617,1
5618,0
5619,1
5620,0
5621,1
5622,1
5623,1
5624,0
5625,1
5626,1
5627,1
5628,1
5629,1
5630,1
5631,0
5632,0
5633,1
5634,1
5635,0
5636,0
5637,1
5638,0
5639,0
5640,1
5641,0
5642,1
5643,1
5644,1
5645,0
5646,1
5647,0
5648,1
5649,1
5650,1
5651,0
5652,1
5653,1
5654,1
5655,1
5656,1
5657,0
5658,1
5659,1
5660,0
5661,1
5662,1
5663,0
5664,1
5665,1
5666,0
5667,1
5668,0
5669,0
5670,1
5671,1
5672,1
5673,0
5674,1
5675,1
5676,1
5677,1
5678,1
5679,1
5680,1
5681,1
5682,0
5683,1
5684,0
5685,1
5686,0
5687,1
5688,1
5689,1
5690,0
5691,1
5692,1
5693,0
5694,1
5695,0
5696,1
5697,1
5698,1
5699,1
5700,0
5701,1
5702,1
5703,1
5704,0
5705,1
5706,1
5707,1
5708,0
5709,0
5710,1
5711,1
5712,1
5713,1
5714,0
5715,1
5716,1
5717,0
5718,1
5719,1
5720,0
5721,1
5722,1
5723,0
5724,1
5725,0
5726,0
5727,0
5728,0
5729,0
5730,1
5731,1
5732,1
5733,0
5734,1
5735,1
5736,0
5737,1
5738,0
5739,0
5740,0
5741,1
5742,1
5743,0
5744,0
5745,0
5746,0
5747,0
5748,1
5749,1
5750,1
5751,1
5752,1
5753,1
5754,0
5755,1
5756,1
5757,0
5758,1
5759,1
5760,1
5761,0
5762,1
5763,1
5764,1
5765,1
5766,1
5767,0
5768,1
5769,0
5770,1
5771,0
5772,1
5773,1
5774,1
5775,1
5776,1
5777,1
5778,0
5779,1
5780,1
5781,0
5782,0
5783,1
5784,1
5785,1
5786,1
5787,0
5788,1
5789,1
5790,1
5791,0
5792,1
5793,1
5794,0
5795,1
5796,1
5797,0
5798,1
5799,1
5800,0
5801,1
5802,1
5803,1
5804,1
5805,0
5806,1
5807,1
5808,0
5809,1
5810,1
5811,1
5812,1
5813,0
5814,1
5815,1
5816,1
5817,0
5818,0
5819,0
5820,1
5821,1
5822,1
5823,1
5824,0
5825,1
5826,1
5827,1
5828,1
5829,1
5830,0
5831,0
5832,1
5833,1
5834,1
5835,0
5836,0
5837,0
5838,1
5839,1
5840,1
5841,0
5842,1
5843,1
5844,0
5845,1
5846,1
5847,1
5848,0
5849,1
5850,1
5851,0
5852,1
5853,1
5854,1
5855,1
5856,1
5857,1
5858,0
5859,1
5860,1
5861,1
5862,1
5863,0
5864,0
5865,1
5866,1
5867,1
5868,0
5869,1
5870,0
5871,1
5872,1
5873,0
5874,1
5875,1
5876,1
5877,1
5878,1
5879,1
5880,1
5881,1
5882,1
5883,1
5884,1
5885,0
5886,1
5887,1
5888,1
5889,0
5890,0
5891,1
5892,1
5893,0
5894,0
5895,1
5896,0
5897,1
5898,0
5899,1
5900,1
5901,1
5902,1
5903,1
5904,1
5905,1
5906,1
5907,0
5908,0
5909,1
5910,1
5911,0
5912,1
5913,1
5914,1
5915,1
5916,1
5917,0
5918,0
5919,1
5920,1
5921,0
5922,1
5923,0
5924,1
5925,0
5926,1
5927,1
5928,0
5929,1
5930,1
5931,1
5932,1
5933,1
5934,1
5935,1
5936,0
5937,1
5938,1
5939,1
5940,1
5941,1
5942,1
5943,1
5944,0
5945,0
5946,1
5947,1
5948,1
5949,1
5950,0
5951,1
5952,1
5953,1
5954,0
5955,1
5956,1
5957,1
5958,1
5959,1
5960,1
5961,0
5962,0
5963,0
5964,0
5965,0
5966,1
5967,1
5968,1
5969,1
5970,1
5971,1
5972,0
5973,1
5974,0
5975,1
5976,1
5977,1
5978,0
5979,1
5980,0
5981,0
5982,1
5983,1
5984,1
5985,1
5986,1
5987,1
5988,1
5989,1
5990,1
5991,0
5992,1
5993,1
5994,1
5995,0
5996,1
5997,1
5998,0
5999,1
6000,1
6001,1
6002,1
6003,0
6004,1
6005,0
6006,0
6007,1
6008,0
6009,1
6010,1
6011,1
6012,1
6013,0
6014,0
6015,0
6016,1
6017,1
6018,1
6019,0
6020,1
6021,0
6022,1
6023,0
6024,1
6025,1
6026,0
6027,1
6028,0
6029,0
6030,0
6031,0
6032,1
6033,1
6034,1
6035,0
6036,0
6037,1
6038,1
6039,0
6040,1
6041,1
6042,1
6043,1
6044,0
6045,1
6046,0
6047,1
6048,1
6049,0
6050,0
6051,1
6052,1
6053,1
6054,0
6055,1
6056,0
6057,0
6058,1
6059,1
6060,0
6061,1
6062,1
6063,0
6064,1
6065,0
6066,0
6067,0
6068,1
6069,1
6070,1
6071,1
6072,1
6073,0
6074,1
6075,1
6076,1
6077,0
6078,1
6079,1
6080,1
6081,1
6082,1
6083,1
6084,1
6085,1
6086,1
6087,0
6088,1
6089,0
6090,1
6091,1
6092,0
6093,1
6094,1
6095,0
6096,0
6097,1
6098,0
6099,1
6100,1
6101,0
6102,0
6103,1
6104,1
6105,1
6106,1
6107,0
6108,1
6109,0
6110,1
6111,1
6112,0
6113,1
6114,0
6115,1
6116,0
6117,0
6118,1
6119,1
6120,1
6121,1
6122,1
6123,1
6124,1
6125,1
6126,1
6127,1
6128,1
6129,0
6130,1
6131,1
6132,1
6133,1
6134,0
6135,1
6136,1
6137,0
6138,0
6139,0
6140,0
6141,1
6142,1
6143,0
6144,0
6145,1
6146,1
6147,1
6148,1
6149,0
6150,1
6151,0
6152,0
6153,0
6154,1
6155,1
6156,0
6157,1
6158,0
6159,1
6160,0
6161,0
6162,1
6163,0
6164,1
6165,0
6166,1
6167,1
6168,0
6169,1
6170,0
6171,1
6172,1
6173,1
6174,1
6175,1
6176,1
6177,1
6178,0
6179,1
6180,0
6181,1
6182,1
6183,1
6184,1
6185,1
6186,0
6187,0
6188,1
6189,1
6190,0
6191,1
6192,0
6193,1
6194,0
6195,0
6196,1
6197,1
6198,1
6199,0
6200,1
6201,0
6202,1
6203,1
6204,0
6205,1
6206,0
6207,1
6208,1
6209,0
6210,1
6211,1
6212,1
6213,1
6214,1
6215,0
6216,1
6217,1
6218,1
6219,1
6220,1
6221,1
6222,1
6223,0
6224,1
6225,0
6226,1
6227,1
6228,1
6229,0
6230,1
6231,1
6232,1
6233,1
6234,0
6235,1
6236,0
6237,0
6238,1
6239,0
6240,1
6241,1
6242,1
6243,1
6244,1
6245,0
6246,1
6247,1
6248,1
6249,1
6250,1
6251,1
6252,1
6253,1
6254,1
6255,1
6256,1
6257,0
6258,1
6259,1
6260,1
6261,1
6262,1
6263,0
6264,0
6265,0
6266,1
6267,0
6268,1
6269,1
6270,1
6271,0
6272,1
6273,1
6274,1
6275,1
6276,1
6277,0
6278,1
6279,1
6280,1
6281,1
6282,0
6283,1
6284,1
6285,1
6286,1
6287,1
6288,0
6289,1
6290,0
6291,0
6292,0
6293,1
6294,1
6295,0
6296,0
6297,1
6298,1
6299,1
6300,1
6301,1
6302,1
6303,0
6304,0
6305,0
6306,1
6307,1
6308,1
6309,1
6310,0
6311,0
6312,1
6313,0
6314,0
6315,1
6316,1
6317,1
6318,1
6319,1
6320,0
6321,1
6322,1
6323,1
6324,0
6325,0
6326,1
6327,1
6328,1
6329,0
6330,0
6331,1
6332,1
6333,0
6334,1
6335,0
6336,1
6337,0
6338,0
6339,1
6340,1
6341,1
6342,1
6343,1
6344,1
6345,1
6346,1
6347,1
6348,1
6349,1
6350,0
6351,0
6352,1
6353,0
6354,0
6355,1
6356,0
6357,1
6358,1
6359,1
6360,1
6361,1
6362,0
6363,1
6364,0
6365,0
6366,1
6367,0
6368,1
6369,1
6370,0
6371,1
6372,1
6373,1
6374,1
6375,0
6376,1
6377,1
6378,1
6379,1
6380,1
6381,1
6382,1
6383,1
6384,1
6385,1
6386,0
6387,0
6388,1
6389,1
6390,1
6391,0
6392,0
6393,1
6394,1
6395,1
6396,1
6397,1
6398,1
6399,0
6400,1
6401,1
6402,1
6403,1
6404,0
6405,0
6406,0
6407,0
6408,1
6409,1
6410,1
6411,1
6412,1
6413,1
6414,1
6415,1
6416,1
6417,1
6418,1
6419,1
6420,1
6421,1
6422,1
6423,1
6424,1
6425,1
6426,0
6427,0
6428,1
6429,1
6430,1
6431,0
6432,0
6433,1
6434,1
6435,1
6436,0
6437,1
6438,0
6439,0
6440,1
6441,1
6442,1
6443,1
6444,1
6445,1
6446,0
6447,1
6448,1
6449,1
6450,0
6451,0
6452,1
6453,1
6454,0
6455,0
6456,0
6457,1
6458,0
6459,0
6460,1
6461,1
6462,1
6463,1
6464,1
6465,1
6466,1
6467,1
6468,0
6469,0
6470,1
6471,0
6472,1
6473,0
6474,0
6475,0
6476,0
6477,1
6478,1
6479,0
6480,0
6481,1
6482,0
6483,0
6484,0
6485,1
6486,1
6487,1
6488,1
6489,1
6490,0
6491,1
6492,1
6493,1
6494,1
6495,0
6496,1
6497,1
6498,0
6499,0
6500,1
6501,1
6502,1
6503,1
6504,1
6505,0
6506,0
6507,1
6508,0
6509,0
6510,1
6511,0
6512,1
6513,0
6514,0
6515,1
6516,1
6517,1
6518,0
6519,0
6520,1
6521,0
6522,1
6523,1
6524,0
6525,1
6526,1
6527,1
6528,0
6529,1
6530,0
6531,0
6532,1
6533,1
6534,1
6535,1
6536,1
6537,0
6538,1
6539,1
6540,0
6541,1
6542,1
6543,1
6544,1
6545,1
6546,1
6547,1
6548,1
6549,1
6550,1
6551,1
6552,0
6553,1
6554,1
6555,1
6556,0
6557,1
6558,1
6559,0
6560,0
6561,1
6562,1
6563,1
6564,1
6565,1
6566,0
6567,0
6568,1
6569,1
6570,1
6571,1
6572,0
6573,1
6574,0
6575,0
6576,1
6577,0
6578,1
6579,1
6580,1
6581,1
6582,1
6583,1
6584,0
6585,1
6586,0
6587,1
6588,1
6589,1
6590,0
6591,1
6592,0
6593,1
6594,0
6595,0
6596,1
6597,0
6598,1
6599,1
6600,1
6601,1
6602,0
6603,1
6604,1
6605,1
6606,1
6607,1
6608,1
6609,1
6610,0
6611,1
6612,0
6613,1
6614,0
6615,0
6616,1
6617,0
6618,1
6619,1
6620,1
6621,1
6622,0
6623,0
6624,1
6625,0
6626,0
6627,1
6628,0
6629,1
6630,0
6631,1
6632,1
6633,1
6634,1
6635,1
6636,0
6637,0
6638,0
6639,0
6640,1
6641,1
6642,1
6643,0
6644,0
6645,0
6646,1
6647,0
6648,1
6649,0
6650,1
6651,1
6652,1
6653,1
6654,1
6655,1
6656,0
6657,1
6658,0
6659,1
6660,1
6661,0
6662,1
6663,1
6664,1
6665,1
6666,1
6667,0
6668,0
6669,0
6670,0
6671,1
6672,1
6673,1
6674,1
6675,1
6676,0
6677,1
6678,1
6679,0
6680,1
6681,1
6682,1
6683,1
6684,1
6685,1
6686,0
6687,1
6688,1
6689,1
6690,0
6691,1
6692,1
6693,0
6694,0
6695,0
6696,1
6697,1
6698,1
6699,1
6700,1
6701,0
6702,1
6703,0
6704,1
6705,0
6706,1
6707,1
6708,1
6709,1
6710,1
6711,1
6712,0
6713,1
6714,0
6715,0
6716,1
6717,1
6718,1
6719,0
6720,1
6721,1
6722,1
6723,1
6724,0
6725,1
6726,1
6727,1
6728,1
6729,0
6730,0
6731,1
6732,1
6733,1
6734,1
6735,0
6736,1
6737,0
6738,1
6739,0
6740,0
6741,0
6742,1
6743,1
6744,1
6745,1
6746,1
6747,1
6748,0
6749,1
6750,1
6751,0
6752,0
6753,0
6754,1
6755,1
6756,0
6757,0
6758,1
6759,1
6760,0
6761,0
6762,0
6763,1
6764,1
6765,1
6766,1
6767,1
6768,1
6769,1
6770,0
6771,0
6772,0
6773,1
6774,0
6775,1
6776,1
6777,1
6778,0
6779,1
6780,0
6781,1
6782,1
6783,1
6784,0
6785,0
6786,0
6787,1
6788,1
6789,1
6790,0
6791,1
6792,0
6793,0
6794,1
6795,0
6796,1
6797,1
6798,1
6799,1
6800,1
6801,1
6802,1
6803,1
6804,1
6805,1
6806,0
6807,1
6808,1
6809,1
6810,1
6811,1
6812,1
6813,1
6814,1
6815,1
6816,1
6817,1
6818,0
6819,1
6820,1
6821,1
6822,0
6823,0
6824,0
6825,0
6826,1
6827,0
6828,1
6829,0
6830,1
6831,1
6832,1
6833,1
6834,0
6835,0
6836,0
6837,1
6838,0
6839,0
6840,1
6841,1
6842,1
6843,0
6844,1
6845,1
6846,1
6847,1
6848,0
6849,0
6850,0
6851,1
6852,0
6853,1
6854,1
6855,0
6856,1
6857,1
6858,0
6859,0
6860,0
6861,0
6862,1
6863,1
6864,0
6865,1
6866,1
6867,0
6868,0
6869,0
6870,1
6871,0
6872,1
6873,1
6874,0
6875,0
6876,1
6877,0
6878,1
6879,1
6880,0
6881,1
6882,0
6883,1
6884,1
6885,1
6886,0
6887,1
6888,1
6889,0
6890,1
6891,1
6892,1
6893,0
6894,1
6895,0
6896,1
6897,0
6898,1
6899,0
6900,0
6901,1
6902,1
6903,1
6904,1
6905,0
6906,1
6907,1
6908,1
6909,1
6910,1
6911,0
6912,1
6913,1
6914,1
6915,0
6916,1
6917,1
6918,1
6919,0
6920,0
6921,1
6922,1
6923,0
6924,0
6925,1
6926,1
6927,1
6928,1
6929,0
6930,1
6931,1
6932,1
6933,1
6934,0
6935,0
6936,1
6937,0
6938,0
6939,1
6940,1
6941,1
6942,1
6943,1
6944,1
6945,1
6946,1
6947,0
6948,0
6949,1
6950,1
6951,1
6952,1
6953,0
6954,1
6955,1
6956,0
6957,1
6958,1
6959,1
6960,1
6961,0
6962,1
6963,1
6964,1
6965,0
6966,1
6967,1
6968,1
6969,1
6970,1
6971,1
6972,1
6973,0
6974,1
6975,0
6976,0
6977,0
6978,1
6979,0
6980,0
6981,1
6982,1
6983,1
6984,1
6985,1
6986,1
6987,1
6988,1
6989,0
6990,1
6991,0
6992,0
6993,0
6994,1
6995,1
6996,1
6997,1
6998,1
6999,1
7000,1
7001,0
7002,0
7003,0
7004,0
7005,1
7006,1
7007,1
7008,0
7009,0
7010,1
7011,1
7012,1
7013,1
7014,1
7015,0
7016,1
7017,1
7018,1
7019,0
7020,1
7021,1
7022,1
7023,1
7024,0
7025,0
7026,1
7027,1
7028,1
7029,0
7030,1
7031,0
7032,1
7033,0
7034,1
7035,0
7036,1
7037,1
7038,1
7039,1
7040,0
7041,1
7042,1
7043,1
7044,0
7045,1
7046,1
7047,1
7048,1
7049,1
7050,1
7051,1
7052,1
7053,1
7054,1
7055,0
7056,1
7057,1
7058,1
7059,0
7060,0
7061,0
7062,0
7063,1
7064,1
7065,1
7066,1
7067,0
7068,0
7069,1
7070,0
7071,0
7072,0
7073,1
7074,1
7075,0
7076,1
7077,1
7078,1
7079,1
7080,1
7081,1
7082,1
7083,0
7084,1
7085,1
7086,1
7087,1
7088,0
7089,1
7090,1
7091,1
7092,1
7093,0
7094,0
7095,0
7096,1
7097,1
7098,0
7099,0
7100,1
7101,1
7102,0
7103,0
7104,1
7105,1
7106,1
7107,1
7108,1
7109,1
7110,1
7111,1
7112,0
7113,1
7114,1
7115,1
7116,1
7117,1
7118,1
7119,0
7120,1
7121,1
7122,1
7123,0
7124,0
7125,0
7126,0
7127,1
7128,1
7129,1
7130,1
7131,0
7132,1
7133,1
7134,1
7135,1
7136,1
7137,1
7138,1
7139,0
7140,1
7141,0
7142,1
7143,1
7144,0
7145,0
7146,1
7147,1
7148,0
7149,1
7150,1
7151,0
7152,0
7153,1
7154,1
7155,0
7156,1
7157,1
7158,1
7159,1
7160,0
7161,1
7162,1
7163,1
7164,1
7165,1
7166,0
7167,1
7168,1
7169,0
7170,1
7171,0
7172,0
7173,1
7174,1
7175,1
7176,1
7177,0
7178,1
7179,1
7180,1
7181,1
7182,1
7183,1
7184,1
7185,0
7186,1
7187,1
7188,1
7189,1
7190,0
7191,1
7192,0
7193,0
7194,0
7195,1
7196,0
7197,1
7198,1
7199,0
7200,1
7201,1
7202,1
7203,1
7204,0
7205,1
7206,1
7207,1
7208,1
7209,1
7210,1
7211,1
7212,1
7213,0
7214,1
7215,0
7216,1
7217,1
7218,1
7219,1
7220,0
7221,0
7222,0
7223,0
7224,1
7225,1
7226,1
7227,1
7228,1
7229,0
7230,0
7231,1
7232,0
7233,0
7234,0
7235,1
7236,1
7237,0
7238,0
7239,0
7240,0
7241,1
7242,1
7243,1
7244,1
7245,1
7246,1
7247,0
7248,0
7249,1
7250,0
7251,1
7252,1
7253,0
7254,1
7255,0
7256,1
7257,1
7258,1
7259,0
7260,1
7261,1
7262,1
7263,1
7264,1
7265,1
7266,1
7267,0
7268,1
7269,0
7270,1
7271,1
7272,1
7273,1
7274,1
7275,1
7276,1
7277,1
7278,1
7279,1
7280,1
7281,1
7282,1
7283,1
7284,0
7285,1
7286,1
7287,1
7288,1
7289,1
7290,1
7291,1
7292,0
7293,1
7294,1
7295,0
7296,0
7297,1
7298,1
7299,1
7300,1
7301,0
7302,0
7303,1
7304,0
7305,1
7306,0
7307,0
7308,1
7309,1
7310,1
7311,1
7312,1
7313,1
7314,1
7315,1
7316,0
7317,1
7318,1
7319,0
7320,1
7321,1
7322,1
7323,1
7324,0
7325,0
7326,0
7327,1
7328,0
7329,1
7330,1
7331,0
7332,1
7333,1
7334,1
7335,1
7336,1
7337,1
7338,0
7339,1
7340,1
7341,1
7342,1
7343,1
7344,1
7345,1
7346,0
7347,1
7348,0
7349,1
7350,1
7351,0
7352,1
7353,1
7354,1
7355,1
7356,1
7357,0
7358,0
7359,0
7360,1
7361,1
7362,1
7363,0
7364,1
7365,1
7366,1
7367,0
7368,1
7369,1
7370,1
7371,1
7372,1
7373,1
7374,1
7375,0
7376,1
7377,1
7378,1
7379,0
7380,0
7381,1
7382,0
7383,0
7384,1
7385,1
7386,1
7387,1
7388,1
7389,1
7390,1
7391,0
7392,1
7393,1
7394,1
7395,0
7396,0
7397,1
7398,1
7399,1
7400,1
7401,0
7402,0
7403,1
7404,0
7405,1
7406,0
7407,1
7408,0
7409,1
7410,1
7411,1
7412,0
7413,1
7414,1
7415,1
7416,1
7417,0
7418,1
7419,1
7420,1
7421,1
7422,1
7423,1
7424,1
7425,0
7426,1
7427,1
7428,1
7429,1
7430,1
7431,1
7432,0
7433,1
7434,1
7435,0
7436,1
7437,1
7438,1
7439,1
7440,1
7441,1
7442,1
7443,1
7444,1
7445,0
7446,1
7447,1
7448,0
7449,0
7450,1
7451,1
7452,1
7453,1
7454,1
7455,1
7456,1
7457,1
7458,0
7459,1
7460,0
7461,1
7462,1
7463,1
7464,1
7465,1
7466,0
7467,1
7468,1
7469,1
7470,1
7471,1
7472,1
7473,0
7474,0
7475,0
7476,1
7477,1
7478,1
7479,1
7480,1
7481,1
7482,1
7483,1
7484,0
7485,0
7486,1
7487,0
7488,1
7489,1
7490,1
7491,1
7492,1
7493,0
7494,1
7495,1
7496,1
7497,0
7498,1
7499,1
7500,1
7501,1
7502,0
7503,1
7504,0
7505,1
7506,1
7507,1
7508,0
7509,1
7510,1
7511,0
7512,1
7513,0
7514,0
7515,0
7516,1
7517,1
7518,0
7519,1
7520,1
7521,0
7522,0
7523,1
7524,0
7525,0
7526,1
7527,1
7528,0
7529,1
7530,1
7531,1
7532,1
7533,1
7534,1
7535,0
7536,1
7537,1
7538,1
7539,1
7540,0
7541,1
7542,0
7543,0
7544,1
7545,1
7546,0
7547,1
7548,1
7549,1
7550,0
7551,1
7552,0
7553,1
7554,1
7555,1
7556,1
7557,1
7558,1
7559,1
7560,1
7561,0
7562,0
7563,0
7564,1
7565,0
7566,0
7567,1
7568,0
7569,0
7570,0
7571,1
7572,1
7573,0
7574,1
7575,1
7576,1
7577,1
7578,1
7579,0
7580,1
7581,1
7582,1
7583,1
7584,0
7585,0
7586,0
7587,1
7588,0
7589,1
7590,0
7591,0
7592,0
7593,1
7594,1
7595,0
7596,1
7597,0
7598,1
7599,1
7600,1
7601,1
7602,0
7603,1
7604,1
7605,1
7606,1
7607,0
7608,1
7609,1
7610,1
7611,1
7612,1
7613,0
7614,1
7615,1
7616,1
7617,1
7618,0
7619,0
7620,0
7621,0
7622,1
7623,1
7624,1
7625,1
7626,0
7627,1
7628,1
7629,1
7630,1
7631,1
7632,1
7633,0
7634,0
7635,0
7636,1
7637,1
7638,0
7639,0
7640,1
7641,1
7642,1
7643,1
7644,1
7645,1
7646,1
7647,0
7648,0
7649,1
7650,0
7651,1
7652,1
7653,1
7654,1
7655,0
7656,0
7657,1
7658,1
7659,1
7660,1
7661,1
7662,1
7663,1
7664,0
7665,1
7666,1
7667,1
7668,0
7669,0
7670,0
7671,0
7672,0
7673,0
7674,1
7675,1
7676,0
7677,1
7678,0
7679,1
7680,1
7681,1
7682,1
7683,1
7684,1
7685,1
7686,1
7687,0
7688,1
7689,0
7690,0
7691,0
7692,0
7693,0
7694,1
7695,1
7696,0
7697,1
7698,0
7699,1
7700,1
7701,1
7702,1
7703,1
7704,1
7705,1
7706,0
7707,1
7708,1
7709,1
7710,1
7711,1
7712,0
7713,1
7714,1
7715,1
7716,1
7717,1
7718,1
7719,1
7720,1
7721,1
7722,1
7723,1
7724,1
7725,1
7726,1
7727,1
7728,0
7729,0
7730,1
7731,1
7732,0
7733,1
7734,1
7735,0
7736,0
7737,1
7738,1
7739,1
7740,0
7741,1
7742,0
7743,0
7744,1
7745,1
7746,1
7747,1
7748,1
7749,1
7750,1
7751,1
7752,1
7753,1
7754,0
7755,1
7756,1
7757,0
7758,0
7759,0
7760,1
7761,0
7762,1
7763,1
7764,1
7765,1
7766,1
7767,1
7768,1
7769,0
7770,1
7771,1
7772,0
7773,1
7774,1
7775,1
7776,1
7777,1
7778,1
7779,0
7780,1
7781,1
7782,1
7783,1
7784,1
7785,1
7786,1
7787,1
7788,1
7789,1
7790,1
7791,1
7792,1
7793,0
7794,0
7795,1
7796,1
7797,1
7798,0
7799,1
7800,1
7801,1
7802,1
7803,1
7804,1
7805,1
7806,1
7807,1
7808,0
7809,1
7810,1
7811,1
7812,0
7813,0
7814,1
7815,1
7816,0
7817,0
7818,1
7819,1
7820,1
7821,1
7822,1
7823,1
7824,1
7825,1
7826,0
7827,1
7828,1
7829,1
7830,0
7831,0
7832,0
7833,1
7834,0
7835,0
7836,1
7837,1
7838,1
7839,1
7840,1
7841,1
7842,1
7843,1
7844,1
7845,1
7846,1
7847,0
7848,1
7849,1
7850,1
7851,0
7852,1
7853,1
7854,1
7855,1
7856,1
7857,0
7858,0
7859,1
7860,0
7861,1
7862,1
7863,1
7864,1
7865,1
7866,0
7867,1
7868,0
7869,1
7870,1
7871,0
7872,0
7873,1
7874,1
7875,1
7876,0
7877,1
7878,1
7879,0
7880,0
7881,1
7882,0
7883,0
7884,1
7885,0
7886,0
7887,1
7888,0
7889,1
7890,1
7891,1
7892,1
7893,1
7894,1
7895,1
7896,1
7897,1
7898,0
7899,1
7900,1
7901,1
7902,1
7903,0
7904,1
7905,0
7906,1
7907,1
7908,1
7909,1
7910,0
7911,1
7912,1
7913,0
7914,0
7915,0
7916,1
7917,1
7918,0
7919,1
7920,0
7921,1
7922,0
7923,0
7924,1
7925,0
7926,0
7927,1
7928,1
7929,1
7930,0
7931,1
7932,0
7933,0
7934,1
7935,1
7936,1
7937,0
7938,1
7939,1
7940,1
7941,1
7942,1
7943,1
7944,1
7945,1
7946,1
7947,0
7948,1
7949,0
7950,1
7951,0
7952,1
7953,1
7954,0
7955,1
7956,1
7957,1
7958,1
7959,1
7960,0
7961,1
7962,0
7963,1
7964,1
7965,0
7966,1
7967,1
7968,1
7969,1
7970,1
7971,1
7972,1
7973,1
7974,1
7975,1
7976,1
7977,0
7978,1
7979,0
7980,1
7981,1
7982,1
7983,1
7984,1
7985,1
7986,1
7987,1
7988,0
7989,0
7990,0
7991,1
7992,1
7993,1
7994,1
7995,1
7996,1
7997,1
7998,1
7999,0
8000,0
8001,1
8002,0
8003,1
8004,1
8005,1
8006,1
8007,1
8008,1
8009,1
8010,1
8011,1
8012,1
8013,0
8014,1
8015,0
8016,1
8017,1
8018,0
8019,1
8020,0
8021,1
8022,1
8023,1
8024,1
8025,0
8026,1
8027,1
8028,1
8029,1
8030,1
8031,0
8032,0
8033,1
8034,1
8035,1
8036,0
8037,1
8038,0
8039,0
8040,1
8041,0
8042,1
8043,1
8044,0
8045,0
8046,1
8047,1
8048,1
8049,1
8050,1
8051,1
8052,0
8053,1
8054,0
8055,1
8056,0
8057,0
8058,1
8059,0
8060,1
8061,0
8062,1
8063,0
8064,1
8065,0
8066,1
8067,1
8068,1
8069,1
8070,1
8071,1
8072,1
8073,1
8074,1
8075,1
8076,1
8077,0
8078,1
8079,1
8080,1
8081,1
8082,1
8083,1
8084,0
8085,0
8086,0
8087,0
8088,1
8089,0
8090,1
8091,0
8092,1
8093,0
8094,1
8095,1
8096,1
8097,1
8098,1
8099,0
8100,0
8101,1
8102,1
8103,0
8104,1
8105,1
8106,1
8107,1
8108,1
8109,1
8110,1
8111,1
8112,1
8113,0
8114,1
8115,0
8116,1
8117,0
8118,0
8119,1
8120,1
8121,1
8122,1
8123,0
8124,1
8125,0
8126,0
8127,0
8128,0
8129,1
8130,0
8131,1
8132,1
8133,1
8134,0
8135,0
8136,0
8137,1
8138,1
8139,1
8140,1
8141,1
8142,0
8143,1
8144,1
8145,0
8146,0
8147,1
8148,0
8149,1
8150,1
8151,0
8152,0
8153,1
8154,0
8155,0
8156,0
8157,1
8158,1
8159,1
8160,0
8161,1
8162,0
8163,1
8164,1
8165,1
8166,0
8167,0
8168,1
8169,1
8170,0
8171,1
8172,1
8173,0
8174,1
8175,1
8176,0
8177,1
8178,1
8179,1
8180,1
8181,1
8182,1
8183,0
8184,1
8185,1
8186,0
8187,1
8188,1
8189,0
8190,1
8191,0
8192,1
8193,1
8194,0
8195,0
8196,1
8197,1
8198,0
8199,1
8200,1
8201,1
8202,1
8203,0
8204,1
8205,1
8206,1
8207,1
8208,1
8209,0
8210,1
8211,0
8212,1
8213,1
8214,1
8215,0
8216,0
8217,1
8218,1
8219,1
8220,1
8221,0
8222,1
8223,1
8224,0
8225,1
8226,0
8227,1
8228,0
8229,1
8230,1
8231,1
8232,0
8233,1
8234,1
8235,1
8236,1
8237,1
8238,1
8239,0
8240,1
8241,0
8242,1
8243,0
8244,1
8245,0
8246,0
8247,0
8248,1
8249,1
8250,0
8251,0
8252,0
8253,1
8254,1
8255,1
8256,1
8257,1
8258,1
8259,1
8260,1
8261,1
8262,1
8263,1
8264,1
8265,0
8266,1
8267,0
8268,1
8269,0
8270,0
8271,0
8272,1
8273,0
8274,1
8275,1
8276,1
8277,1
8278,0
8279,1
8280,1
8281,0
8282,1
8283,1
8284,1
8285,1
8286,1
8287,1
8288,0
8289,1
8290,1
8291,1
8292,1
8293,0
8294,1
8295,1
8296,1
8297,1
8298,1
8299,1
8300,1
8301,1
8302,0
8303,1
8304,1
8305,0
8306,1
8307,1
8308,1
8309,1
8310,0
8311,0
8312,1
8313,0
8314,1
8315,1
8316,1
8317,1
8318,1
8319,1
8320,1
8321,1
8322,1
8323,0
8324,1
8325,1
8326,1
8327,1
8328,0
8329,1
8330,0
8331,1
8332,0
8333,1
8334,0
8335,1
8336,1
8337,1
8338,1
8339,1
8340,0
8341,1
8342,1
8343,1
8344,1
8345,0
8346,1
8347,1
8348,1
8349,1
8350,1
8351,0
8352,1
8353,0
8354,0
8355,0
8356,0
8357,1
8358,1
8359,1
8360,1
8361,1
8362,0
8363,1
8364,1
8365,0
8366,1
8367,0
8368,1
8369,0
8370,1
8371,0
8372,0
8373,1
8374,1
8375,1
8376,1
8377,1
8378,1
8379,0
8380,0
8381,0
8382,1
8383,1
8384,1
8385,1
8386,0
8387,1
8388,1
8389,1
8390,1
8391,0
8392,1
8393,1
8394,1
8395,1
8396,1
8397,0
8398,1
8399,1
8400,1
8401,1
8402,1
8403,1
8404,0
8405,1
8406,1
8407,1
8408,0
8409,1
8410,1
8411,0
8412,0
8413,0
8414,0
8415,1
8416,1
8417,0
8418,0
8419,1
8420,1
8421,1
8422,1
8423,1
8424,0
8425,0
8426,1
8427,0
8428,1
8429,1
8430,1
8431,0
8432,0
8433,0
8434,1
8435,1
8436,0
8437,1
8438,1
8439,1
8440,0
8441,1
8442,1
8443,1
8444,0
8445,0
8446,0
8447,0
8448,1
8449,1
8450,1
8451,0
8452,1
8453,1
8454,1
8455,1
8456,1
8457,1
8458,1
8459,0
8460,1
8461,1
8462,1
8463,1
8464,1
8465,0
8466,1
8467,1
8468,1
8469,1
8470,0
8471,0
8472,1
8473,0
8474,1
8475,1
8476,1
8477,1
8478,1
8479,0
8480,0
8481,1
8482,0
8483,1
8484,1
8485,1
8486,0
8487,1
8488,0
8489,1
8490,1
8491,1
8492,1
8493,1
8494,1
8495,1
8496,1
8497,1
8498,1
8499,1
8500,1
8501,1
8502,1
8503,1
8504,1
8505,1
8506,0
8507,0
8508,1
8509,0
8510,0
8511,1
8512,1
8513,1
8514,1
8515,1
8516,1
8517,1
8518,1
8519,0
8520,1
8521,1
8522,0
8523,1
8524,0
8525,0
8526,1
8527,1
8528,1
8529,0
8530,1
8531,0
8532,1
8533,1
8534,0
8535,1
8536,1
8537,1
8538,1
8539,1
8540,1
8541,1
8542,0
8543,1
8544,0
8545,1
8546,1
8547,0
8548,0
8549,1
8550,1
8551,1
8552,0
8553,0
8554,1
8555,0
8556,0
8557,1
8558,1
8559,1
8560,1
8561,1
8562,1
8563,0
8564,0
8565,1
8566,1
8567,1
8568,1
8569,0
8570,0
8571,1
8572,1
8573,0
8574,0
8575,1
8576,1
8577,1
8578,1
8579,1
8580,1
8581,1
8582,1
8583,0
8584,1
8585,1
8586,1
8587,1
8588,1
8589,1
8590,1
8591,0
8592,1
8593,1
8594,1
8595,1
8596,1
8597,1
8598,1
8599,1
8600,1
8601,1
8602,1
8603,1
8604,1
8605,1
8606,1
8607,1
8608,1
8609,1
8610,1
8611,1
8612,0
8613,1
8614,1
8615,1
8616,1
8617,1
8618,1
8619,0
8620,1
8621,1
8622,1
8623,1
8624,0
8625,0
8626,1
8627,1
8628,0
8629,1
8630,1
8631,1
8632,1
8633,0
8634,0
8635,1
8636,1
8637,1
8638,1
8639,0
8640,0
8641,0
8642,1
8643,1
8644,1
8645,1
8646,1
8647,1
8648,0
8649,0
8650,0
8651,0
8652,1
8653,1
8654,1
8655,1
8656,0
8657,1
8658,1
8659,1
8660,1
8661,1
8662,1
8663,1
8664,1
8665,0
8666,1
8667,1
8668,1
8669,1
8670,0
8671,1
8672,1
8673,1
8674,1
8675,1
8676,1
8677,1
8678,0
8679,0
8680,1
8681,1
8682,1
8683,0
8684,0
8685,1
8686,1
8687,1
8688,1
8689,1
8690,0
8691,1
8692,1
8693,1
8694,0
8695,0
8696,1
8697,1
8698,1
8699,0
8700,1
8701,0
8702,1
8703,0
8704,1
8705,1
8706,1
8707,1
8708,0
8709,1
8710,0
8711,0
8712,1
8713,1
8714,1
8715,1
8716,1
8717,1
8718,1
8719,1
8720,0
8721,1
8722,0
8723,1
8724,0
8725,0
8726,1
8727,1
8728,1
8729,1
8730,0
8731,0
8732,1
8733,0
8734,1
8735,1
8736,0
8737,1
8738,1
8739,0
8740,0
8741,1
8742,1
8743,1
8744,1
8745,1
8746,1
8747,0
8748,1
8749,1
8750,1
8751,0
8752,1
8753,1
8754,1
8755,0
8756,1
8757,1
8758,0
8759,1
8760,1
8761,1
8762,1
8763,1
8764,0
8765,0
8766,1
8767,0
8768,1
8769,1
8770,0
8771,0
8772,0
8773,0
8774,1
8775,1
8776,1
8777,1
8778,1
8779,1
8780,0
8781,1
8782,1
8783,1
8784,1
8785,1
8786,0
8787,1
8788,0
8789,0
8790,1
8791,1
8792,1
8793,0
8794,1
8795,1
8796,0
8797,1
8798,1
8799,1
8800,0
8801,1
8802,0
8803,1
8804,0
8805,0
8806,1
8807,1
8808,1
8809,1
8810,1
8811,1
8812,0
8813,1
8814,1
8815,1
8816,0
8817,1
8818,0
8819,1
8820,1
8821,0
8822,1
8823,1
8824,1
8825,1
8826,1
8827,1
8828,0
8829,1
8830,1
8831,1
8832,1
8833,0
8834,1
8835,1
8836,1
8837,1
8838,0
8839,1
8840,1
8841,0
8842,1
8843,1
8844,1
8845,1
8846,1
8847,1
8848,1
8849,0
8850,1
8851,1
8852,1
8853,1
8854,1
8855,0
8856,1
8857,0
8858,1
8859,1
8860,1
8861,1
8862,1
8863,1
8864,1
8865,1
8866,1
8867,1
8868,0
8869,1
8870,1
8871,1
8872,1
8873,0
8874,1
8875,1
8876,1
8877,0
8878,1
8879,1
8880,1
8881,1
8882,0
8883,0
8884,1
8885,0
8886,1
8887,1
8888,1
8889,1
8890,0
8891,1
8892,1
8893,1
8894,0
8895,1
8896,1
8897,1
8898,1
8899,1
8900,1
8901,1
8902,0
8903,1
8904,1
8905,0
8906,1
8907,1
8908,1
8909,1
8910,1
8911,0
8912,1
8913,0
8914,1
8915,1
8916,1
8917,1
8918,1
8919,1
8920,1
8921,1
8922,0
8923,1
8924,0
8925,0
8926,0
8927,1
8928,1
8929,1
8930,1
8931,0
8932,1
8933,0
8934,1
8935,1
8936,0
8937,1
8938,1
8939,0
8940,0
8941,0
8942,1
8943,0
8944,0
8945,0
8946,1
8947,1
8948,1
8949,1
8950,1
8951,0
8952,1
8953,1
8954,1
8955,1
8956,1
8957,0
8958,1
8959,1
8960,1
8961,1
8962,1
8963,1
8964,1
8965,0
8966,0
8967,1
8968,0
8969,0
8970,1
8971,0
8972,0
8973,0
8974,1
8975,0
8976,0
8977,1
8978,1
8979,1
8980,0
8981,0
8982,1
8983,1
8984,0
8985,0
8986,0
8987,1
8988,1
8989,1
8990,0
8991,1
8992,0
8993,1
8994,0
8995,0
8996,1
8997,0
8998,1
8999,1
9000,0
9001,1
9002,1
9003,0
9004,0
9005,1
9006,1
9007,0
9008,1
9009,0
9010,0
9011,1
9012,1
9013,0
9014,1
9015,0
9016,0
9017,1
9018,1
9019,1
9020,1
9021,1
9022,1
9023,1
9024,1
9025,1
9026,1
9027,1
9028,1
9029,0
9030,0
9031,1
9032,0
9033,1
9034,1
9035,1
9036,0
9037,0
9038,1
9039,1
9040,1
9041,0
9042,1
9043,0
9044,1
9045,1
9046,0
9047,1
9048,1
9049,1
9050,1
9051,1
9052,1
9053,1
9054,1
9055,0
9056,1
9057,0
9058,1
9059,1
9060,0
9061,0
9062,1
9063,1
9064,1
9065,1
9066,1
9067,1
9068,0
9069,1
9070,0
9071,0
9072,1
9073,1
9074,1
9075,0
9076,0
9077,0
9078,1
9079,1
9080,1
9081,0
9082,0
9083,1
9084,1
9085,1
9086,1
9087,0
9088,1
9089,0
9090,1
9091,1
9092,0
9093,1
9094,1
9095,1
9096,0
9097,0
9098,1
9099,1
9100,1
9101,0
9102,0
9103,1
9104,0
9105,0
9106,0
9107,0
9108,1
9109,0
9110,1
9111,1
9112,1
9113,1
9114,1
9115,1
9116,1
9117,1
9118,1
9119,0
9120,1
9121,0
9122,1
9123,1
9124,1
9125,0
9126,1
9127,1
9128,1
9129,1
9130,1
9131,0
9132,1
9133,0
9134,0
9135,1
9136,1
9137,1
9138,0
9139,1
9140,0
9141,1
9142,1
9143,0
9144,0
9145,1
9146,0
9147,1
9148,1
9149,1
9150,1
9151,1
9152,0
9153,1
9154,1
9155,1
9156,1
9157,0
9158,1
9159,1
9160,0
9161,1
9162,1
9163,1
9164,0
9165,0
9166,1
9167,0
9168,1
9169,1
9170,1
9171,1
9172,1
9173,0
9174,1
9175,1
9176,0
9177,0
9178,1
9179,1
9180,0
9181,1
9182,1
9183,0
9184,1
9185,1
9186,1
9187,1
9188,1
9189,1
9190,1
9191,0
9192,1
9193,1
9194,1
9195,1
9196,1
9197,0
9198,1
9199,0
9200,1
9201,1
9202,0
9203,1
9204,0
9205,1
9206,1
9207,0
9208,1
9209,1
9210,1
9211,0
9212,1
9213,1
9214,0
9215,1
9216,1
9217,1
9218,1
9219,1
9220,1
9221,1
9222,1
9223,0
9224,1
9225,0
9226,0
9227,1
9228,1
9229,0
9230,1
9231,1
9232,1
9233,1
9234,0
9235,1
9236,1
9237,1
9238,1
9239,1
9240,1
9241,1
9242,0
9243,1
9244,1
9245,0
9246,0
9247,1
9248,1
9249,0
9250,1
9251,0
9252,1
9253,0
9254,1
9255,1
9256,1
9257,0
9258,1
9259,0
9260,1
9261,1
9262,0
9263,1
9264,0
9265,0
9266,1
9267,1
9268,0
9269,0
9270,1
9271,1
9272,1
9273,0
9274,1
9275,1
9276,1
9277,1
9278,1
9279,1
9280,0
9281,1
9282,1
9283,1
9284,1
9285,1
9286,1
9287,1
9288,1
9289,1
9290,1
9291,0
9292,1
9293,0
9294,1
9295,1
9296,0
9297,1
9298,1
9299,1
9300,1
9301,0
9302,1
9303,1
9304,1
9305,1
9306,1
9307,0
9308,1
9309,1
9310,1
9311,1
9312,0
9313,1
9314,1
9315,0
9316,1
9317,1
9318,1
9319,0
9320,0
9321,1
9322,1
9323,0
9324,1
9325,1
9326,1
9327,1
9328,1
9329,0
9330,1
9331,1
9332,1
9333,1
9334,1
9335,1
9336,0
9337,1
9338,0
9339,1
9340,1
9341,1
9342,1
9343,0
9344,1
9345,1
9346,1
9347,1
9348,0
9349,1
9350,0
9351,0
9352,0
9353,0
9354,1
9355,0
9356,1
9357,1
9358,1
9359,1
9360,1
9361,1
9362,1
9363,1
9364,1
9365,1
9366,0
9367,1
9368,1
9369,1
9370,1
9371,1
9372,1
9373,1
9374,1
9375,0
9376,1
9377,1
9378,1
9379,1
9380,1
9381,1
9382,0
9383,1
9384,1
9385,0
9386,0
9387,1
9388,1
9389,1
9390,1
9391,0
9392,1
9393,0
9394,1
9395,0
9396,1
9397,1
9398,1
9399,1
9400,1
9401,1
9402,1
9403,1
9404,1
9405,0
9406,0
9407,1
9408,1
9409,0
9410,0
9411,1
9412,0
9413,1
9414,0
9415,1
9416,1
9417,0
9418,0
9419,0
9420,1
9421,0
9422,1
9423,1
9424,0
9425,1
9426,1
9427,1
9428,0
9429,0
9430,0
9431,1
9432,1
9433,1
9434,1
9435,0
9436,1
9437,0
9438,1
9439,1
9440,1
9441,1
9442,1
9443,0
9444,1
9445,0
9446,0
9447,1
9448,1
9449,1
9450,0
9451,1
9452,0
9453,1
9454,1
9455,1
9456,1
9457,1
9458,1
9459,1
9460,1
9461,0
9462,1
9463,0
9464,0
9465,1
9466,1
9467,1
9468,1
9469,1
9470,1
9471,1
9472,0
9473,1
9474,1
9475,0
9476,1
9477,1
9478,1
9479,0
9480,1
9481,1
9482,0
9483,1
9484,1
9485,1
9486,0
9487,1
9488,1
9489,1
9490,1
9491,1
9492,1
9493,1
9494,1
9495,1
9496,1
9497,1
9498,1
9499,0
9500,1
9501,0
9502,1
9503,0
9504,1
9505,1
9506,1
9507,1
9508,0
9509,0
9510,1
9511,0
9512,1
9513,1
9514,1
9515,1
9516,1
9517,0
9518,1
9519,0
9520,1
9521,1
9522,1
9523,0
9524,0
9525,0
9526,1
9527,1
9528,0
9529,1
9530,0
9531,1
9532,0
9533,1
9534,1
9535,1
9536,0
9537,1
9538,1
9539,1
9540,1
9541,1
9542,1
9543,1
9544,1
9545,0
9546,1
9547,0
9548,1
9549,0
9550,1
9551,1
9552,1
9553,1
9554,1
9555,0
9556,0
9557,0
9558,0
9559,1
9560,1
9561,0
9562,0
9563,0
9564,1
9565,0
9566,1
9567,0
9568,1
9569,1
9570,1
9571,1
9572,1
9573,1
9574,1
9575,1
9576,0
9577,1
9578,1
9579,1
9580,1
9581,1
9582,1
9583,1
9584,1
9585,1
9586,1
9587,1
9588,0
9589,1
9590,1
9591,0
9592,1
9593,0
9594,1
9595,1
9596,1
9597,0
9598,1
9599,1
9600,1
9601,1
9602,1
9603,1
9604,1
9605,1
9606,1
9607,0
9608,1
9609,0
9610,0
9611,1
9612,1
9613,0
9614,1
9615,1
9616,1
9617,1
9618,0
9619,1
9620,1
9621,0
9622,1
9623,1
9624,1
9625,1
9626,1
9627,1
9628,1
9629,0
9630,0
9631,0
9632,1
9633,0
9634,1
9635,1
9636,0
9637,0
9638,0
9639,1
9640,1
9641,1
9642,1
9643,1
9644,0
9645,1
9646,1
9647,1
9648,0
9649,1
9650,1
9651,1
9652,1
9653,1
9654,0
9655,1
9656,1
9657,1
9658,0
9659,1
9660,1
9661,1
9662,1
9663,1
9664,1
9665,0
9666,1
9667,1
9668,0
9669,0
9670,1
9671,1
9672,0
9673,1
9674,1
9675,1
9676,0
9677,1
9678,1
9679,1
9680,1
9681,1
9682,1
9683,1
9684,1
9685,1
9686,1
9687,0
9688,0
9689,1
9690,0
9691,1
9692,1
9693,1
9694,0
9695,0
9696,1
9697,1
9698,0
9699,0
9700,1
9701,1
9702,1
9703,0
9704,1
9705,0
9706,1
9707,1
9708,1
9709,1
9710,1
9711,1
9712,0
9713,1
9714,1
9715,0
9716,0
9717,1
9718,1
9719,1
9720,1
9721,0
9722,1
9723,1
9724,0
9725,1
9726,0
9727,1
9728,0
9729,1
9730,0
9731,0
9732,0
9733,1
9734,1
9735,1
9736,1
9737,1
9738,1
9739,1
9740,0
9741,1
9742,1
9743,1
9744,1
9745,0
9746,1
9747,0
9748,0
9749,1
9750,0
9751,1
9752,0
9753,1
9754,0
9755,1
9756,1
9757,0
9758,1
9759,1
9760,1
9761,0
9762,1
9763,1
9764,0
9765,0
9766,0
9767,1
9768,1
9769,0
9770,0
9771,0
9772,1
9773,0
9774,1
9775,1
9776,1
9777,1
9778,1
9779,1
9780,1
9781,1
9782,1
9783,1
9784,1
9785,0
9786,1
9787,0
9788,0
9789,1
9790,1
9791,1
9792,1
9793,1
9794,1
9795,1
9796,1
9797,1
9798,1
9799,0
9800,1
9801,1
9802,0
9803,0
9804,0
9805,1
9806,0
9807,0
9808,0
9809,0
9810,0
9811,1
9812,0
9813,1
9814,1
9815,1
9816,0
9817,1
9818,1
9819,1
9820,1
9821,1
9822,1
9823,0
9824,1
9825,1
9826,1
9827,1
9828,0
9829,1
9830,1
9831,0
9832,1
9833,1
9834,1
9835,1
9836,1
9837,1
9838,1
9839,1
9840,1
9841,0
9842,1
9843,1
9844,0
9845,1
9846,1
9847,0
9848,0
9849,1
9850,1
9851,0
9852,0
9853,1
9854,1
9855,1
9856,0
9857,1
9858,0
9859,1
9860,1
9861,1
9862,1
9863,1
9864,1
9865,1
9866,1
9867,0
9868,1
9869,1
9870,0
9871,1
9872,1
9873,0
9874,1
9875,0
9876,1
9877,1
9878,0
9879,0
9880,1
9881,1
9882,0
9883,1
9884,0
9885,1
9886,0
9887,1
9888,0
9889,0
9890,1
9891,0
9892,1
9893,0
9894,0
9895,1
9896,1
9897,1
9898,1
9899,1
9900,0
9901,1
9902,0
9903,1
9904,1
9905,1
9906,0
9907,1
9908,1
9909,0
9910,0
9911,0
9912,1
9913,1
9914,0
9915,1
9916,0
9917,1
9918,1
9919,1
9920,1
9921,0
9922,1
9923,0
9924,1
9925,0
9926,1
9927,1
9928,0
9929,1
9930,1
9931,1
9932,1
9933,1
9934,1
9935,1
9936,1
9937,1
9938,1
9939,0
9940,1
9941,0
9942,0
9943,0
9944,1
9945,1
9946,0
9947,1
9948,0
9949,0
9950,1
9951,1
9952,1
9953,1
9954,1
9955,0
9956,1
9957,1
9958,1
9959,0
9960,1
9961,0
9962,0
9963,0
9964,0
9965,1
9966,0
9967,1
9968,1
9969,0
9970,0
9971,1
9972,0
9973,1
9974,0
9975,1
9976,1
9977,0
9978,1
9979,1
9980,1
9981,0
9982,1
9983,1
9984,1
9985,1
9986,1
9987,1
9988,1
9989,1
9990,1
9991,1
9992,1
9993,1
9994,1
9995,1
9996,0
9997,0
9998,1
9999,1
10000,1
10001,0
10002,1
10003,1
10004,0
10005,0
10006,1
10007,1
10008,1
10009,1
10010,0
10011,0
10012,1
10013,1
10014,0
10015,1
10016,1
10017,1
10018,0
10019,0
10020,0
10021,0
10022,1
10023,0
10024,1
10025,1
10026,1
10027,1
10028,1
10029,1
10030,1
10031,1
10032,1
10033,1
10034,1
10035,1
10036,0
10037,1
10038,1
10039,1
10040,0
10041,0
10042,1
10043,1
10044,0
10045,0
10046,1
10047,1
10048,0
10049,1
10050,1
10051,0
10052,1
10053,0
10054,1
10055,1
10056,1
10057,1
10058,1
10059,1
10060,1
10061,1
10062,0
10063,1
10064,0
10065,1
10066,1
10067,1
10068,1
10069,0
10070,1
10071,1
10072,1
10073,0
10074,1
10075,1
10076,1
10077,1
10078,1
10079,0
10080,1
10081,1
10082,1
10083,1
10084,1
10085,1
10086,1
10087,1
10088,1
10089,1
10090,1
10091,1
10092,0
10093,1
10094,1
10095,1
10096,1
10097,0
10098,1
10099,1
10100,1
10101,1
10102,1
10103,1
10104,0
10105,1
10106,1
10107,1
10108,1
10109,1
10110,0
10111,0
10112,1
10113,1
10114,0
10115,1
10116,0
10117,0
10118,1
10119,1
10120,0
10121,0
10122,1
10123,1
10124,0
10125,1
10126,1
10127,1
10128,0
10129,1
10130,0
10131,0
10132,1
10133,1
10134,1
10135,1
10136,1
10137,1
10138,1
10139,1
10140,1
10141,1
10142,0
10143,1
10144,1
10145,1
10146,1
10147,1
10148,0
10149,1
10150,1
10151,0
10152,0
10153,1
10154,1
10155,1
10156,1
10157,1
10158,1
10159,0
10160,0
10161,1
10162,1
10163,1
10164,1
10165,0
10166,1
10167,1
10168,1
10169,1
10170,1
10171,1
10172,1
10173,1
10174,1
10175,1
10176,1
10177,0
10178,1
10179,1
10180,1
10181,0
10182,1
10183,1
10184,1
10185,1
10186,1
10187,0
10188,1
10189,1
10190,0
10191,1
10192,1
10193,1
10194,1
10195,1
10196,1
10197,1
10198,1
10199,0
10200,1
10201,1
10202,1
10203,1
10204,0
10205,1
10206,1
10207,1
10208,1
10209,1
10210,1
10211,1
10212,1
10213,1
10214,1
10215,1
10216,0
10217,0
10218,0
10219,1
10220,1
10221,0
10222,0
10223,0
10224,1
10225,1
10226,0
10227,1
10228,1
10229,1
10230,0
10231,1
10232,1
10233,1
10234,1
10235,0
10236,1
10237,1
10238,0
10239,1
10240,1
10241,1
10242,1
10243,1
10244,1
10245,0
10246,1
10247,1
10248,1
10249,0
10250,1
10251,1
10252,1
10253,0
10254,0
10255,1
10256,0
10257,1
10258,0
10259,1
10260,1
10261,1
10262,1
10263,0
10264,1
10265,0
10266,1
10267,1
10268,0
10269,1
10270,1
10271,1
10272,0
10273,1
10274,0
10275,1
10276,1
10277,0
10278,1
10279,1
10280,1
10281,1
10282,0
10283,1
10284,1
10285,1
10286,1
10287,0
10288,1
10289,0
10290,1
10291,0
10292,0
10293,0
10294,0
10295,1
10296,1
10297,1
10298,1
10299,1
10300,0
10301,0
10302,0
10303,1
10304,0
10305,0
10306,0
10307,0
10308,1
10309,1
10310,1
10311,1
10312,0
10313,0
10314,1
10315,1
10316,1
10317,1
10318,1
10319,1
10320,1
10321,1
10322,1
10323,1
10324,0
10325,1
10326,1
10327,0
10328,1
10329,1
10330,1
10331,1
10332,1
10333,1
10334,1
10335,0
10336,1
10337,1
10338,0
10339,1
10340,0
10341,0
10342,1
10343,0
10344,1
10345,1
10346,1
10347,0
10348,0
10349,0
10350,0
10351,1
10352,1
10353,1
10354,1
10355,1
10356,1
10357,1
10358,0
10359,1
10360,1
10361,0
10362,1
10363,0
10364,1
10365,0
10366,1
10367,1
10368,0
10369,0
10370,0
10371,1
10372,1
10373,1
10374,0
10375,1
10376,1
10377,0
10378,1
10379,0
10380,0
10381,0
10382,1
10383,0
10384,1
10385,0
10386,0
10387,0
10388,0
10389,1
10390,0
10391,0
10392,1
10393,1
10394,0
10395,0
10396,1
10397,1
10398,1
10399,0
10400,0
10401,1
10402,0
10403,1
10404,1
10405,1
10406,0
10407,1
10408,1
10409,1
10410,1
10411,1
10412,1
10413,1
10414,1
10415,1
10416,1
10417,1
10418,1
10419,0
10420,0
10421,1
10422,0
10423,1
10424,0
10425,1
10426,1
10427,1
10428,1
10429,1
10430,0
10431,1
10432,0
10433,1
10434,1
10435,1
10436,1
10437,1
10438,1
10439,1
10440,1
10441,1
10442,0
10443,1
10444,1
10445,1
10446,1
10447,0
10448,1
10449,1
10450,1
10451,1
10452,1
10453,0
10454,0
10455,1
10456,1
10457,0
10458,0
10459,1
10460,1
10461,0
10462,1
10463,1
10464,0
10465,1
10466,1
10467,1
10468,0
10469,0
10470,0
10471,1
10472,1
10473,1
10474,1
10475,1
10476,1
10477,0
10478,0
10479,1
10480,1
10481,1
10482,0
10483,1
10484,0
10485,1
10486,0
10487,1
10488,1
10489,1
10490,1
10491,1
10492,1
10493,1
10494,0
10495,1
10496,1
10497,1
10498,1
10499,0
10500,0
10501,1
10502,1
10503,0
10504,1
10505,0
10506,1
10507,1
10508,0
10509,1
10510,1
10511,1
10512,1
10513,0
10514,1
10515,1
10516,1
10517,1
10518,0
10519,0
10520,0
10521,1
10522,1
10523,1
10524,1
10525,1
10526,0
10527,0
10528,1
10529,0
10530,1
10531,1
10532,0
10533,0
10534,1
10535,1
10536,0
10537,1
10538,1
10539,0
10540,0
10541,1
10542,1
10543,1
10544,1
10545,1
10546,1
10547,1
10548,0
10549,1
10550,0
10551,0
10552,1
10553,1
10554,1
10555,1
10556,1
10557,1
10558,1
10559,1
10560,1
10561,0
10562,1
10563,1
10564,1
10565,1
10566,1
10567,1
10568,1
10569,1
10570,1
10571,1
10572,1
10573,0
10574,1
10575,1
10576,0
10577,1
10578,1
10579,1
10580,1
10581,1
10582,1
10583,1
10584,1
10585,1
10586,0
10587,1
10588,0
10589,0
10590,1
10591,1
10592,1
10593,1
10594,1
10595,0
10596,1
10597,1
10598,1
10599,0
10600,0
10601,1
10602,1
10603,1
10604,1
10605,1
10606,1
10607,1
10608,0
10609,1
10610,0
10611,1
10612,1
10613,0
10614,1
10615,1
10616,0
10617,0
10618,1
10619,1
10620,0
10621,1
10622,1
10623,1
10624,0
10625,1
10626,1
10627,1
10628,0
10629,1
10630,0
10631,1
10632,1
10633,1
10634,1
10635,0
10636,0
10637,1
10638,1
10639,1
10640,0
10641,1
10642,1
10643,1
10644,0
10645,1
10646,0
10647,1
10648,0
10649,1
10650,0
10651,1
10652,1
10653,0
10654,1
10655,1
10656,1
10657,0
10658,1
10659,0
10660,0
10661,1
10662,0
10663,1
10664,1
10665,1
10666,0
10667,0
10668,1
10669,1
10670,1
10671,1
10672,1
10673,1
10674,0
10675,0
10676,1
10677,0
10678,1
10679,1
10680,1
10681,1
10682,1
10683,0
10684,1
10685,1
10686,1
10687,0
10688,1
10689,1
10690,1
10691,0
10692,1
10693,1
10694,0
10695,1
10696,1
10697,1
10698,1
10699,1
10700,1
10701,0
10702,0
10703,0
10704,0
10705,1
10706,1
10707,0
10708,1
10709,0
10710,1
10711,1
10712,0
10713,1
10714,1
10715,1
10716,1
10717,1
10718,1
10719,1
10720,0
10721,1
10722,1
10723,1
10724,1
10725,1
10726,1
10727,1
10728,1
10729,1
10730,0
10731,0
10732,1
10733,1
10734,1
10735,1
10736,0
10737,0
10738,1
10739,0
10740,0
10741,1
10742,1
10743,1
10744,1
10745,0
10746,1
10747,1
10748,1
10749,0
10750,1
10751,1
10752,0
10753,1
10754,0
10755,1
10756,1
10757,1
10758,1
10759,1
10760,1
10761,1
10762,1
10763,0
10764,0
10765,0
10766,1
10767,0
10768,1
10769,1
10770,0
10771,0
10772,0
10773,1
10774,1
10775,1
10776,1
10777,1
10778,1
10779,0
10780,1
10781,1
10782,1
10783,1
10784,1
10785,0
10786,1
10787,1
10788,1
10789,0
10790,1
10791,0
10792,1
10793,1
10794,1
10795,0
10796,1
10797,1
10798,0
10799,1
10800,1
10801,1
10802,0
10803,1
10804,1
10805,0
10806,0
10807,1
10808,1
10809,1
10810,0
10811,1
10812,1
10813,1
10814,0
10815,1
10816,0
10817,1
10818,0
10819,1
10820,1
10821,0
10822,0
10823,1
10824,0
10825,1
10826,1
10827,1
10828,0
10829,1
10830,0
10831,0
10832,0
10833,0
10834,0
10835,1
10836,0
10837,1
10838,1
10839,0
10840,1
10841,1
10842,1
10843,0
10844,1
10845,0
10846,1
10847,0
10848,0
10849,1
10850,1
10851,0
10852,1
10853,1
10854,1
10855,0
10856,1
10857,1
10858,1
10859,0
10860,1
10861,1
10862,0
10863,0
10864,1
10865,0
10866,1
10867,1
10868,1
10869,1
10870,1
10871,1
10872,1
10873,1
10874,1
10875,0
10876,1
10877,0
10878,1
10879,0
10880,1
10881,1
10882,1
10883,1
10884,1
10885,0
10886,1
10887,0
10888,1
10889,0
10890,0
10891,0
10892,1
10893,0
10894,1
10895,0
10896,1
10897,0
10898,0
10899,1
10900,1
10901,0
10902,0
10903,0
10904,1
10905,0
10906,1
10907,0
10908,1
10909,0
10910,1
10911,1
10912,1
10913,0
10914,1
10915,1
10916,1
10917,1
10918,0
10919,1
10920,1
10921,0
10922,1
10923,1
10924,1
10925,1
10926,1
10927,1
10928,0
10929,1
10930,1
10931,0
10932,1
10933,0
10934,1
10935,1
10936,1
10937,1
10938,1
10939,1
10940,1
10941,0
10942,1
10943,1
10944,0
10945,1
10946,1
10947,0
10948,0
10949,1
10950,1
10951,0
10952,0
10953,1
10954,1
10955,1
10956,1
10957,0
10958,0
10959,1
10960,1
10961,1
10962,0
10963,0
10964,1
10965,1
10966,1
10967,1
10968,1
10969,1
10970,0
10971,0
10972,1
10973,1
10974,0
10975,0
10976,0
10977,0
10978,0
10979,1
10980,1
10981,1
10982,1
10983,0
10984,1
10985,1
10986,1
10987,1
10988,1
10989,1
10990,1
10991,1
10992,1
10993,1
10994,1
10995,0
10996,1
10997,1
10998,1
10999,1
11000,1
11001,1
11002,1
11003,0
11004,0
11005,1
11006,1
11007,1
11008,1
11009,1
11010,0
11011,1
11012,1
11013,0
11014,0
11015,0
11016,1
11017,1
11018,1
11019,1
11020,0
11021,1
11022,1
11023,1
11024,1
11025,0
11026,1
11027,1
11028,1
11029,0
11030,1
11031,1
11032,1
11033,1
11034,0
11035,1
11036,1
11037,1
11038,1
11039,1
11040,1
11041,0
11042,1
11043,1
11044,1
11045,1
11046,1
11047,0
11048,1
11049,0
11050,0
11051,1
11052,0
11053,1
11054,1
11055,1
11056,1
11057,1
11058,0
11059,0
11060,1
11061,1
11062,1
11063,1
11064,0
11065,0
11066,1
11067,0
11068,1
11069,1
11070,1
11071,0
11072,1
11073,0
11074,1
11075,0
11076,1
11077,1
11078,1
11079,0
11080,1
11081,1
11082,1
11083,1
11084,1
11085,1
11086,0
11087,0
11088,1
11089,1
11090,1
11091,1
11092,1
11093,1
11094,1
11095,1
11096,1
11097,0
11098,1
11099,0
11100,0
11101,1
11102,1
11103,0
11104,1
11105,1
11106,1
11107,0
11108,0
11109,1
11110,1
11111,0
11112,1
11113,0
11114,1
11115,0
11116,0
11117,0
11118,1
11119,1
11120,1
11121,1
11122,0
11123,1
11124,1
11125,1
11126,0
11127,1
11128,1
11129,1
11130,1
11131,1
11132,1
11133,1
11134,1
11135,1
11136,1
11137,1
11138,1
11139,0
11140,1
11141,1
11142,0
11143,1
11144,1
11145,1
11146,1
11147,1
11148,1
11149,1
11150,1
11151,0
11152,1
11153,1
11154,0
11155,1
11156,0
11157,1
11158,0
11159,1
11160,1
11161,0
11162,1
11163,1
11164,0
11165,1
11166,1
11167,1
11168,1
11169,1
11170,1
11171,0
11172,1
11173,1
11174,1
11175,0
11176,0
11177,1
11178,1
11179,0
11180,1
11181,1
11182,1
11183,1
11184,1
11185,0
11186,0
11187,0
11188,1
11189,1
11190,0
11191,0
11192,1
11193,0
11194,0
11195,1
11196,1
11197,0
11198,0
11199,0
11200,1
11201,1
11202,1
11203,1
11204,1
11205,1
11206,1
11207,1
11208,1
11209,1
11210,1
11211,0
11212,1
11213,1
11214,1
11215,1
11216,1
11217,1
11218,0
11219,1
11220,1
11221,1
11222,1
11223,1
11224,1
11225,1
11226,1
11227,0
11228,1
11229,1
11230,0
11231,0
11232,0
11233,1
11234,1
11235,1
11236,1
11237,0
11238,0
11239,0
11240,0
11241,1
11242,0
11243,1
11244,1
11245,1
11246,0
11247,0
11248,0
11249,1
11250,0
11251,0
11252,0
11253,1
11254,1
11255,1
11256,1
11257,0
11258,0
11259,1
11260,1
11261,1
11262,0
11263,0
11264,0
11265,0
11266,0
11267,0
11268,0
11269,0
11270,1
11271,1
11272,1
11273,1
11274,1
11275,0
11276,1
11277,1
11278,0
11279,1
11280,1
11281,1
11282,0
11283,1
11284,1
11285,1
11286,1
11287,1
11288,1
11289,1
11290,1
11291,0
11292,1
11293,1
11294,0
11295,1
11296,1
11297,1
11298,1
11299,1
11300,0
11301,1
11302,1
11303,0
11304,1
11305,0
11306,1
11307,1
11308,1
11309,1
11310,0
11311,0
11312,0
11313,1
11314,0
11315,1
11316,0
11317,0
11318,1
11319,1
11320,1
11321,0
11322,0
11323,1
11324,1
11325,0
11326,0
11327,1
11328,1
11329,1
11330,1
11331,0
11332,1
11333,1
11334,1
11335,1
11336,0
11337,1
11338,0
11339,1
11340,0
11341,0
11342,1
11343,1
11344,0
11345,1
11346,1
11347,0
11348,1
11349,0
11350,1
11351,1
11352,1
11353,1
11354,1
11355,1
11356,1
11357,1
11358,1
11359,0
11360,0
11361,1
11362,1
11363,1
11364,1
11365,1
11366,1
11367,1
11368,0
11369,0
11370,0
11371,0
11372,1
11373,1
11374,1
11375,0
11376,1
11377,1
11378,1
11379,0
11380,1
11381,1
11382,1
11383,0
11384,1
11385,1
11386,1
11387,1
11388,1
11389,0
11390,1
11391,0
11392,1
11393,1
11394,1
11395,1
11396,1
11397,1
11398,1
11399,0
11400,0
11401,1
11402,1
11403,0
11404,1
11405,0
11406,1
11407,1
11408,0
11409,0
11410,1
11411,1
11412,1
11413,0
11414,1
11415,1
11416,1
11417,1
11418,0
11419,1
11420,1
11421,1
11422,1
11423,1
11424,0
11425,1
11426,1
11427,1
11428,0
11429,1
11430,0
11431,1
11432,0
11433,1
11434,1
11435,0
11436,1
11437,0
11438,1
11439,0
11440,1
11441,1
11442,0
11443,1
11444,0
11445,1
11446,1
11447,1
11448,1
11449,1
11450,1
11451,0
11452,1
11453,0
11454,0
11455,1
11456,1
11457,1
11458,1
11459,0
11460,0
11461,1
11462,1
11463,1
11464,1
11465,1
11466,1
11467,0
11468,0
11469,1
11470,0
11471,1
11472,1
11473,1
11474,1
11475,0
11476,1
11477,1
11478,1
11479,1
11480,1
11481,1
11482,1
11483,0
11484,0
11485,1
11486,1
11487,0
11488,1
11489,1
11490,0
11491,0
11492,1
11493,1
11494,0
11495,1
11496,1
11497,0
11498,1
11499,1
11500,1
11501,1
11502,0
11503,1
11504,1
11505,0
11506,0
11507,1
11508,0
11509,1
11510,1
11511,1
11512,0
11513,1
11514,1
11515,1
11516,0
11517,1
11518,0
11519,1
11520,1
11521,1
11522,1
11523,1
11524,1
11525,0
11526,1
11527,1
11528,0
11529,0
11530,1
11531,1
11532,0
11533,0
11534,0
11535,1
11536,0
11537,1
11538,1
11539,1
11540,0
11541,1
11542,0
11543,1
11544,1
11545,0
11546,1
11547,0
11548,0
11549,1
11550,0
11551,1
11552,0
11553,0
11554,1
11555,0
11556,1
11557,1
11558,0
11559,1
11560,1
11561,1
11562,1
11563,1
11564,1
11565,0
11566,0
11567,1
11568,1
11569,1
11570,1
11571,0
11572,1
11573,1
11574,0
11575,0
11576,1
11577,0
11578,0
11579,1
11580,1
11581,0
11582,1
11583,1
11584,1
11585,0
11586,1
11587,1
11588,1
11589,0
11590,1
11591,0
11592,0
11593,1
11594,1
11595,1
11596,1
11597,1
11598,1
11599,1
11600,1
11601,1
11602,1
11603,1
11604,1
11605,0
11606,0
11607,1
11608,0
11609,1
11610,0
11611,0
11612,0
11613,0
11614,1
11615,1
11616,1
11617,1
11618,1
11619,1
11620,0
11621,0
11622,1
11623,1
11624,0
11625,1
11626,1
11627,1
11628,1
11629,0
11630,1
11631,1
11632,0
11633,0
11634,0
11635,1
11636,1
11637,1
11638,0
11639,1
11640,0
11641,1
11642,1
11643,1
11644,1
11645,0
11646,0
11647,0
11648,0
11649,1
11650,1
11651,1
11652,1
11653,1
11654,1
11655,1
11656,1
11657,1
11658,0
11659,0
11660,1
11661,0
11662,1
11663,0
11664,0
11665,1
11666,1
11667,1
11668,1
11669,1
11670,1
11671,1
11672,1
11673,1
11674,1
11675,1
11676,1
11677,0
11678,0
11679,1
11680,0
11681,1
11682,0
11683,0
11684,1
11685,1
11686,1
11687,1
11688,1
11689,1
11690,0
11691,0
11692,1
11693,0
11694,1
11695,0
11696,1
11697,1
11698,1
11699,0
11700,1
11701,1
11702,1
11703,1
11704,1
11705,0
11706,0
11707,1
11708,1
11709,1
11710,1
11711,1
11712,0
11713,1
11714,1
11715,1
11716,1
11717,1
11718,1
11719,1
11720,1
11721,0
11722,0
11723,1
11724,1
11725,1
11726,1
11727,1
11728,0
11729,1
11730,1
11731,1
11732,1
11733,1
11734,0
11735,1
11736,1
11737,1
11738,1
11739,1
11740,1
11741,1
11742,1
11743,0
11744,1
11745,0
11746,0
11747,1
11748,1
11749,0
11750,0
11751,1
11752,1
11753,0
11754,1
11755,1
11756,0
11757,0
11758,0
11759,0
11760,1
11761,0
11762,0
11763,1
11764,0
11765,0
11766,0
11767,0
11768,0
11769,1
11770,1
11771,1
11772,1
11773,1
11774,0
11775,1
11776,1
11777,1
11778,1
11779,0
11780,1
11781,0
11782,1
11783,1
11784,1
11785,0
11786,1
11787,1
11788,1
11789,0
11790,1
11791,0
11792,0
11793,0
11794,0
11795,0
11796,1
11797,1
11798,1
11799,0
11800,0
11801,1
11802,1
11803,0
11804,1
11805,1
11806,0
11807,1
11808,1
11809,0
11810,0
11811,1
11812,1
11813,0
11814,1
11815,1
11816,1
11817,0
11818,0
11819,1
11820,1
11821,1
11822,1
11823,1
11824,1
11825,1
11826,1
11827,0
11828,1
11829,1
11830,0
11831,1
11832,1
11833,0
11834,1
11835,0
11836,1
11837,1
11838,1
11839,1
11840,0
11841,0
11842,1
11843,0
11844,1
11845,1
11846,1
11847,0
11848,1
11849,0
11850,1
11851,1
11852,1
11853,0
11854,1
11855,1
11856,1
11857,1
11858,1
11859,1
11860,1
11861,1
11862,0
11863,0
11864,0
11865,0
11866,1
11867,0
11868,1
11869,0
11870,1
11871,1
11872,1
11873,1
11874,0
11875,1
11876,1
11877,1
11878,0
11879,1
11880,1
11881,1
11882,1
11883,1
11884,1
11885,0
11886,1
11887,1
11888,0
11889,1
11890,1
11891,1
11892,1
11893,0
11894,1
11895,1
11896,0
11897,0
11898,1
11899,1
11900,1
11901,1
11902,1
11903,1
11904,0
11905,0
11906,1
11907,1
11908,1
11909,1
11910,1
11911,1
11912,1
11913,1
11914,0
11915,0
11916,0
11917,1
11918,1
11919,0
11920,1
11921,1
11922,1
11923,1
11924,1
11925,1
11926,1
11927,1
11928,1
11929,1
11930,1
11931,0
11932,1
11933,1
11934,1
11935,1
11936,1
11937,1
11938,0
11939,1
11940,0
11941,1
11942,1
11943,1
11944,0
11945,0
11946,0
11947,1
11948,1
11949,1
11950,0
11951,0
11952,1
11953,0
11954,1
11955,1
11956,0
11957,0
11958,0
11959,1
11960,1
11961,1
11962,0
11963,1
11964,1
11965,0
11966,0
11967,0
11968,1
11969,0
11970,1
11971,1
11972,1
11973,1
11974,1
11975,0
11976,0
11977,1
11978,1
11979,1
11980,0
11981,0
11982,0
11983,1
11984,1
11985,1
11986,1
11987,1
11988,1
11989,1
11990,1
11991,1
11992,0
11993,1
11994,0
11995,1
11996,1
11997,1
11998,1
11999,1
12000,0
12001,1
12002,0
12003,1
12004,1
12005,1
12006,1
12007,1
12008,1
12009,1
12010,0
12011,1
12012,1
12013,1
12014,0
12015,0
12016,0
12017,1
12018,1
12019,1
12020,1
12021,0
12022,1
12023,1
12024,1
12025,1
12026,0
12027,1
12028,0
12029,0
12030,1
12031,1
12032,0
12033,1
12034,0
12035,0
12036,0
12037,1
12038,1
12039,1
12040,1
12041,1
12042,1
12043,0
12044,0
12045,0
12046,0
12047,1
12048,1
12049,1
12050,0
12051,0
12052,0
12053,0
12054,1
12055,1
12056,0
12057,1
12058,1
12059,0
12060,0
12061,1
12062,1
12063,0
12064,1
12065,1
12066,1
12067,0
12068,1
12069,1
12070,0
12071,1
12072,1
12073,1
12074,1
12075,1
12076,1
12077,1
12078,1
12079,1
12080,0
12081,1
12082,1
12083,1
12084,0
12085,1
12086,0
12087,1
12088,0
12089,1
12090,1
12091,1
12092,1
12093,1
12094,1
12095,1
12096,1
12097,1
12098,0
12099,1
12100,1
12101,0
12102,0
12103,1
12104,0
12105,1
12106,0
12107,1
12108,1
12109,1
12110,1
12111,1
12112,0
12113,1
12114,1
12115,1
12116,1
12117,0
12118,1
12119,0
12120,1
12121,1
12122,1
12123,1
12124,1
12125,1
12126,1
12127,1
12128,1
12129,1
12130,1
12131,1
12132,0
12133,0
12134,0
12135,0
12136,1
12137,1
12138,1
12139,1
12140,1
12141,0
12142,1
12143,1
12144,0
12145,1
12146,1
12147,1
12148,1
12149,1
12150,1
12151,1
12152,1
12153,0
12154,0
12155,0
12156,0
12157,1
12158,1
12159,1
12160,0
12161,1
12162,1
12163,1
12164,0
12165,1
12166,1
12167,1
12168,0
12169,0
12170,0
12171,1
12172,1
12173,1
12174,1
12175,1
12176,1
12177,1
12178,1
12179,1
12180,1
12181,1
12182,0
12183,0
12184,1
12185,1
12186,0
12187,0
12188,1
12189,1
12190,0
12191,0
12192,1
12193,1
12194,1
12195,0
12196,0
12197,1
12198,1
12199,0
12200,0
12201,1
12202,1
12203,1
12204,1
12205,0
12206,1
12207,1
12208,1
12209,0
12210,1
12211,0
12212,0
12213,0
12214,0
12215,0
12216,1
12217,0
12218,1
12219,1
12220,1
12221,1
12222,1
12223,1
12224,0
12225,1
12226,1
12227,1
12228,1
12229,1
12230,1
12231,1
12232,1
12233,1
12234,1
12235,1
12236,0
12237,1
12238,1
12239,0
12240,0
12241,0
12242,0
12243,1
12244,1
12245,1
12246,0
12247,1
12248,1
12249,1
12250,1
12251,1
12252,1
12253,1
12254,1
12255,0
12256,0
12257,0
12258,1
12259,1
12260,1
12261,1
12262,1
12263,1
12264,1
12265,1
12266,0
12267,0
12268,1
12269,0
12270,0
12271,0
12272,0
12273,1
12274,0
12275,1
12276,1
12277,0
12278,1
12279,0
12280,1
12281,1
12282,0
12283,0
12284,0
12285,1
12286,1
12287,0
12288,1
12289,1
12290,1
12291,1
12292,0
12293,0
12294,1
12295,0
12296,1
12297,1
12298,0
12299,1
12300,1
12301,1
12302,1
12303,1
12304,1
12305,0
12306,1
12307,1
12308,0
12309,1
12310,0
12311,0
12312,1
12313,1
12314,1
12315,1
12316,1
12317,1
12318,1
12319,1
12320,0
12321,1
12322,1
12323,1
12324,1
12325,1
12326,1
12327,1
12328,0
12329,1
12330,0
12331,1
12332,0
12333,1
12334,1
12335,1
12336,1
12337,0
12338,0
12339,0
12340,1
12341,1
12342,1
12343,1
12344,0
12345,1
12346,1
12347,0
12348,1
12349,1
12350,1
12351,0
12352,0
12353,1
12354,1
12355,1
12356,1
12357,0
12358,1
12359,1
12360,0
12361,1
12362,1
12363,1
12364,1
12365,1
12366,0
12367,1
12368,0
12369,1
12370,0
12371,1
12372,1
12373,0
12374,1
12375,0
12376,0
12377,1
12378,1
12379,1
12380,1
12381,1
12382,1
12383,1
12384,0
12385,1
12386,1
12387,1
12388,1
12389,1
12390,1
12391,0
12392,1
12393,1
12394,1
12395,1
12396,1
12397,1
12398,1
12399,1
12400,1
12401,0
12402,0
12403,0
12404,1
12405,0
12406,1
12407,0
12408,1
12409,1
12410,1
12411,1
12412,1
12413,0
12414,1
12415,0
12416,1
12417,1
12418,1
12419,1
12420,1
12421,1
12422,0
12423,1
12424,1
12425,1
12426,1
12427,0
12428,0
12429,0
12430,0
12431,0
12432,1
12433,0
12434,0
12435,0
12436,0
12437,0
12438,1
12439,0
12440,0
12441,1
12442,0
12443,1
12444,1
12445,0
12446,1
12447,0
12448,0
12449,1
12450,1
12451,1
12452,1
12453,0
12454,1
12455,1
12456,0
12457,1
12458,0
12459,1
12460,0
12461,1
12462,1
12463,1
12464,1
12465,0
12466,1
12467,1
12468,1
12469,0
12470,1
12471,0
12472,1
12473,1
12474,1
12475,1
12476,0
12477,1
12478,0
12479,1
12480,1
12481,0
12482,0
12483,0
12484,0
12485,1
12486,1
12487,1
12488,1
12489,1
12490,0
12491,0
12492,1
12493,1
12494,1
12495,1
12496,1
12497,1
12498,1
12499,0
12500,1
12501,0
12502,0
12503,1
12504,1
12505,1
12506,1
12507,0
12508,0
12509,1
12510,1
12511,1
12512,1
12513,1
12514,1
12515,1
12516,1
12517,1
12518,0
12519,1
12520,1
12521,1
12522,1
12523,1
12524,1
12525,1
12526,1
12527,1
12528,0
12529,0
12530,0
12531,0
12532,1
12533,0
12534,1
12535,1
12536,1
12537,1
12538,1
12539,1
12540,1
12541,0
12542,1
12543,1
12544,1
12545,1
12546,0
12547,1
12548,0
12549,0
12550,1
12551,0
12552,0
12553,1
12554,1
12555,0
12556,0
12557,1
12558,1
12559,1
12560,0
12561,1
12562,1
12563,0
12564,0
12565,1
12566,0
12567,0
12568,1
12569,1
12570,1
12571,0
12572,1
12573,1
12574,1
12575,1
12576,1
12577,1
12578,1
12579,0
12580,1
12581,1
12582,1
12583,1
12584,0
12585,1
12586,1
12587,1
12588,1
12589,1
12590,1
12591,1
12592,0
12593,0
12594,1
12595,1
12596,0
12597,0
12598,1
12599,0
12600,0
12601,1
12602,0
12603,1
12604,0
12605,1
12606,1
12607,0
12608,0
12609,1
12610,1
12611,0
12612,1
12613,1
12614,1
12615,1
12616,1
12617,1
12618,1
12619,1
12620,1
12621,0
12622,1
12623,0
12624,1
12625,1
12626,1
12627,1
12628,1
12629,1
12630,1
12631,0
12632,1
12633,1
12634,0
12635,1
12636,0
12637,0
12638,1
12639,1
12640,1
12641,1
12642,1
12643,1
12644,1
12645,1
12646,1
12647,0
12648,0
12649,1
12650,0
12651,1
12652,1
12653,0
12654,0
12655,1
12656,1
12657,0
12658,1
12659,1
12660,1
12661,0
12662,0
12663,1
12664,1
12665,1
12666,1
12667,0
12668,0
12669,1
12670,1
12671,1
12672,0
12673,1
12674,1
12675,0
12676,1
12677,1
12678,1
12679,0
12680,0
12681,1
12682,1
12683,1
12684,0
12685,0
12686,1
12687,1
12688,0
12689,0
12690,1
12691,1
12692,1
12693,0
12694,0
12695,0
12696,0
12697,1
12698,1
12699,1
12700,0
12701,1
12702,1
12703,1
12704,1
12705,1
12706,0
12707,0
12708,1
12709,1
12710,1
12711,0
12712,1
12713,1
12714,1
12715,0
12716,0
12717,1
12718,0
12719,1
12720,1
12721,1
12722,0
12723,1
12724,0
12725,0
12726,1
12727,0
12728,0
12729,1
12730,0
12731,1
12732,1
12733,0
12734,1
12735,1
12736,1
12737,1
12738,1
12739,1
12740,1
12741,0
12742,1
12743,1
12744,1
12745,1
12746,1
12747,0
12748,1
12749,1
12750,1
12751,0
12752,1
12753,1
12754,0
12755,1
12756,0
12757,0
12758,1
12759,1
12760,1
12761,1
12762,0
12763,1
12764,0
12765,1
12766,1
12767,0
12768,1
12769,1
12770,1
12771,1
12772,1
12773,0
12774,1
12775,0
12776,0
12777,1
12778,1
12779,1
12780,1
12781,0
12782,1
12783,1
12784,0
12785,1
12786,1
12787,0
12788,1
12789,1
12790,1
12791,1
12792,1
12793,0
12794,0
12795,1
12796,1
12797,1
12798,1
12799,0
12800,0
12801,0
12802,1
12803,1
12804,1
12805,0
12806,1
12807,0
12808,1
12809,1
12810,1
12811,1
12812,1
12813,1
12814,1
12815,1
12816,1
12817,1
12818,1
12819,1
12820,0
12821,1
12822,0
12823,0
12824,1
12825,1
12826,1
12827,0
12828,0
12829,1
12830,0
12831,0
12832,0
12833,0
12834,1
12835,1
12836,0
12837,1
12838,1
12839,1
12840,0
12841,1
12842,1
12843,1
12844,1
12845,1
12846,1
12847,1
12848,1
12849,1
12850,1
12851,1
12852,0
12853,1
12854,1
12855,1
12856,1
12857,1
12858,1
12859,0
12860,1
12861,1
12862,0
12863,1
12864,1
12865,1
12866,1
12867,1
12868,1
12869,1
12870,1
12871,1
12872,0
12873,1
12874,0
12875,1
12876,1
12877,1
12878,1
12879,1
12880,1
12881,1
12882,0
12883,1
12884,1
12885,0
12886,0
12887,1
12888,1
12889,1
12890,1
12891,0
12892,1
12893,1
12894,1
12895,1
12896,1
12897,1
12898,1
12899,0
12900,0
12901,0
12902,1
12903,0
12904,1
12905,1
12906,0
12907,0
12908,0
12909,0
12910,1
12911,0
12912,1
12913,1
12914,1
12915,1
12916,1
12917,0
12918,1
12919,0
12920,0
12921,1
12922,1
12923,1
12924,1
12925,1
12926,0
12927,1
12928,1
12929,0
12930,1
12931,1
12932,1
12933,1
12934,1
12935,1
12936,1
12937,0
12938,1
12939,1
12940,1
12941,1
12942,1
12943,1
12944,1
12945,1
12946,1
12947,1
12948,1
12949,1
12950,1
12951,1
12952,1
12953,1
12954,0
12955,1
12956,0
12957,0
12958,1
12959,1
12960,0
12961,1
12962,1
12963,0
12964,0
12965,1
12966,1
12967,0
12968,0
12969,1
12970,1
12971,0
12972,0
12973,1
12974,0
12975,1
12976,1
12977,1
12978,0
12979,0
12980,1
12981,1
12982,0
12983,0
12984,1
12985,1
12986,0
12987,1
12988,1
12989,0
12990,1
12991,0
12992,1
12993,1
12994,1
12995,0
12996,0
12997,0
12998,1
12999,0
13000,0
13001,1
13002,0
13003,0
13004,1
13005,0
13006,1
13007,1
13008,0
13009,1
13010,1
13011,1
13012,1
13013,0
13014,1
13015,1
13016,1
13017,1
13018,1
13019,0
13020,0
13021,1
13022,1
13023,1
13024,1
13025,0
13026,1
13027,1
13028,0
13029,1
13030,1
13031,0
13032,1
13033,1
13034,1
13035,1
13036,1
13037,0
13038,0
13039,0
13040,1
13041,0
13042,1
13043,0
13044,0
13045,0
13046,1
13047,0
13048,1
13049,1
13050,1
13051,0
13052,1
13053,1
13054,0
13055,1
13056,0
13057,1
13058,1
13059,1
13060,1
13061,1
13062,0
13063,1
13064,1
13065,0
13066,1
13067,1
13068,1
13069,0
13070,1
13071,1
13072,1
13073,1
13074,1
13075,1
13076,1
13077,1
13078,1
13079,1
13080,1
13081,1
13082,0
13083,0
13084,1
13085,1
13086,1
13087,1
13088,1
13089,1
13090,1
13091,1
13092,1
13093,1
13094,1
13095,0
13096,1
13097,1
13098,1
13099,1
13100,1
13101,1
13102,1
13103,1
13104,1
13105,0
13106,1
13107,1
13108,0
13109,1
13110,1
13111,1
13112,1
13113,1
13114,1
13115,1
13116,1
13117,1
13118,1
13119,1
13120,1
13121,0
13122,0
13123,0
13124,0
13125,1
13126,1
13127,1
13128,1
13129,0
13130,1
13131,1
13132,0
13133,0
13134,1
13135,1
13136,1
13137,0
13138,1
13139,1
13140,0
13141,1
13142,0
13143,1
13144,1
13145,1
13146,0
13147,0
13148,1
13149,1
13150,1
13151,0
13152,1
13153,0
13154,1
13155,1
13156,0
13157,1
13158,1
13159,0
13160,0
13161,1
13162,1
13163,0
13164,1
13165,0
13166,1
13167,1
13168,1
13169,0
13170,1
13171,1
13172,0
13173,1
13174,0
13175,1
13176,0
13177,1
13178,1
13179,1
13180,1
13181,1
13182,1
13183,0
13184,0
13185,1
13186,1
13187,1
13188,0
13189,1
13190,0
13191,0
13192,0
13193,0
13194,1
13195,1
13196,1
13197,1
13198,1
13199,0
13200,1
13201,1
13202,0
13203,1
13204,1
13205,1
13206,1
13207,1
13208,1
13209,1
13210,1
13211,0
13212,1
13213,1
13214,0
13215,1
13216,1
13217,1
13218,1
13219,1
13220,1
13221,0
13222,1
13223,0
13224,1
13225,1
13226,1
13227,1
13228,1
13229,1
13230,1
13231,1
13232,0
13233,1
13234,0
13235,0
13236,0
13237,1
13238,1
13239,1
13240,1
13241,1
13242,0
13243,1
13244,0
13245,1
13246,1
13247,1
13248,1
13249,1
13250,1
13251,1
13252,0
13253,1
13254,1
13255,0
13256,1
13257,0
13258,1
13259,1
13260,0
13261,1
13262,1
13263,1
13264,0
13265,0
13266,0
13267,0
13268,0
13269,1
13270,1
13271,1
13272,1
13273,1
13274,1
13275,1
13276,1
13277,0
13278,1
13279,0
13280,1
13281,1
13282,1
13283,1
13284,1
13285,0
13286,0
13287,0
13288,1
13289,1
13290,1
13291,1
13292,0
13293,0
13294,1
13295,0
13296,1
13297,1
13298,0
13299,0
13300,1
13301,0
13302,1
13303,1
13304,1
13305,0
13306,1
13307,1
13308,0
13309,0
13310,0
13311,1
13312,0
13313,1
13314,0
13315,1
13316,0
13317,0
13318,1
13319,0
13320,1
13321,0
13322,0
13323,0
13324,1
13325,1
13326,0
13327,1
13328,1
13329,1
13330,1
13331,1
13332,1
13333,1
13334,1
13335,1
13336,1
13337,1
13338,1
13339,1
13340,1
13341,0
13342,0
13343,1
13344,1
13345,1
13346,1
13347,0
13348,1
13349,1
13350,1
13351,1
13352,1
13353,1
13354,1
13355,1
13356,1
13357,0
13358,0
13359,1
13360,1
13361,1
13362,0
13363,0
13364,1
13365,1
13366,1
13367,1
13368,1
13369,1
13370,1
13371,1
13372,1
13373,1
13374,1
13375,1
13376,0
13377,1
13378,0
13379,1
13380,0
13381,0
13382,1
13383,0
13384,0
13385,1
13386,1
13387,0
13388,1
13389,1
13390,1
13391,1
13392,1
13393,0
13394,1
13395,0
13396,1
13397,1
13398,1
13399,0
13400,1
13401,1
13402,1
13403,1
13404,1
13405,1
13406,0
13407,1
13408,1
13409,0
13410,1
13411,0
13412,1
13413,1
13414,0
13415,1
13416,1
13417,0
13418,1
13419,1
13420,1
13421,1
13422,1
13423,0
13424,1
13425,1
13426,1
13427,1
13428,1
13429,0
13430,0
13431,1
13432,0
13433,1
13434,1
13435,1
13436,0
13437,0
13438,1
13439,1
13440,1
13441,1
13442,1
13443,1
13444,0
13445,0
13446,1
13447,1
13448,0
13449,1
13450,1
13451,1
13452,1
13453,1
13454,1
13455,1
13456,1
13457,1
13458,0
13459,0
13460,1
13461,1
13462,1
13463,1
13464,1
13465,1
13466,0
13467,1
13468,1
13469,1
13470,1
13471,1
13472,0
13473,1
13474,0
13475,1
13476,1
13477,1
13478,1
13479,1
13480,0
13481,1
13482,1
13483,1
13484,1
13485,1
13486,0
13487,1
13488,1
13489,1
13490,1
13491,0
13492,1
13493,1
13494,0
13495,0
13496,1
13497,0
13498,1
13499,1
13500,0
13501,0
13502,0
13503,1
13504,1
13505,1
13506,1
13507,1
13508,0
13509,1
13510,0
13511,1
13512,0
13513,1
13514,0
13515,1
13516,0
13517,1
13518,1
13519,1
13520,1
13521,0
13522,1
13523,1
13524,1
13525,1
13526,1
13527,1
13528,0
13529,1
13530,1
13531,0
13532,1
13533,0
13534,1
13535,1
13536,1
13537,1
13538,0
13539,0
13540,1
13541,1
13542,0
13543,1
13544,1
13545,0
13546,0
13547,1
13548,1
13549,1
13550,1
13551,1
13552,1
13553,0
13554,1
13555,0
13556,0
13557,0
13558,1
13559,1
13560,1
13561,0
13562,0
13563,1
13564,0
13565,1
13566,1
13567,1
13568,1
13569,1
13570,0
13571,1
13572,1
13573,0
13574,1
13575,1
13576,1
13577,1
13578,1
13579,1
13580,1
13581,0
13582,0
13583,1
13584,1
13585,1
13586,1
13587,1
13588,0
13589,1
13590,1
13591,1
13592,1
13593,1
13594,1
13595,1
13596,1
13597,1
13598,1
13599,1
13600,1
13601,1
13602,1
13603,0
13604,1
13605,0
13606,0
13607,1
13608,1
13609,1
13610,1
13611,1
13612,0
13613,1
13614,0
13615,1
13616,0
13617,0
13618,1
13619,0
13620,0
13621,1
13622,0
13623,1
13624,0
13625,0
13626,1
13627,0
13628,0
13629,1
13630,1
13631,0
13632,0
13633,1
13634,1
13635,0
13636,1
13637,1
13638,1
13639,1
13640,0
13641,1
13642,0
13643,0
13644,1
13645,1
13646,1
13647,1
13648,1
13649,0
13650,0
13651,1
13652,1
13653,1
13654,1
13655,0
13656,1
13657,1
13658,0
13659,1
13660,1
13661,0
13662,1
13663,0
13664,0
13665,1
13666,1
13667,1
13668,1
13669,1
13670,0
13671,1
13672,1
13673,1
13674,1
13675,0
13676,1
13677,1
13678,1
13679,1
13680,1
13681,1
13682,1
13683,1
13684,1
13685,0
13686,1
13687,0
13688,0
13689,1
13690,1
13691,0
13692,1
13693,1
13694,0
13695,1
13696,1
13697,0
13698,1
13699,0
13700,1
13701,1
13702,0
13703,1
13704,1
13705,1
13706,0
13707,1
13708,1
13709,0
13710,1
13711,1
13712,1
13713,1
13714,1
13715,0
13716,0
13717,0
13718,1
13719,0
13720,1
13721,1
13722,1
13723,1
13724,1
13725,1
13726,1
13727,1
13728,1
13729,1
13730,0
13731,1
13732,1
13733,1
13734,1
13735,1
13736,1
13737,1
13738,1
13739,1
13740,1
13741,0
13742,0
13743,0
13744,0
13745,1
13746,1
13747,0
13748,1
13749,1
13750,0
13751,1
13752,1
13753,1
13754,1
13755,1
13756,0
13757,1
13758,1
13759,1
13760,0
13761,1
13762,1
13763,0
13764,0
13765,0
13766,1
13767,1
13768,0
13769,1
13770,1
13771,1
13772,1
13773,0
13774,0
13775,0
13776,0
13777,1
13778,0
13779,1
13780,1
13781,0
13782,1
13783,1
13784,1
13785,0
13786,1
13787,0
13788,1
13789,0
13790,0
13791,1
13792,0
13793,1
13794,1
13795,1
13796,0
13797,1
13798,1
13799,1
13800,1
13801,1
13802,1
13803,1
13804,0
13805,1
13806,1
13807,1
13808,1
13809,1
13810,0
13811,1
13812,0
13813,1
13814,1
13815,1
13816,1
13817,1
13818,0
13819,1
13820,1
13821,0
13822,1
13823,1
13824,1
13825,1
13826,0
13827,1
13828,1
13829,0
13830,0
13831,0
13832,0
13833,1
13834,0
13835,1
13836,1
13837,0
13838,0
13839,1
13840,0
13841,0
13842,1
13843,0
13844,1
13845,0
13846,1
13847,1
13848,1
13849,0
13850,1
13851,1
13852,1
13853,0
13854,0
13855,1
13856,0
13857,0
13858,1
13859,0
13860,1
13861,0
13862,1
13863,1
13864,0
13865,1
13866,1
13867,0
13868,1
13869,1
13870,1
13871,1
13872,0
13873,1
13874,0
13875,1
13876,0
13877,1
13878,1
13879,1
13880,1
13881,0
13882,1
13883,1
13884,0
13885,1
13886,1
13887,1
13888,0
13889,1
13890,1
13891,1
13892,1
13893,1
13894,1
13895,1
13896,0
13897,1
13898,0
13899,0
13900,0
13901,1
13902,1
13903,0
13904,0
13905,0
13906,0
13907,1
13908,0
13909,0
13910,1
13911,1
13912,0
13913,1
13914,0
13915,0
13916,1
13917,1
13918,1
13919,1
13920,1
13921,1
13922,1
13923,1
13924,1
13925,1
13926,1
13927,1
13928,1
13929,1
13930,1
13931,1
13932,0
13933,1
13934,1
13935,1
13936,0
13937,1
13938,1
13939,1
13940,0
13941,1
13942,1
13943,1
13944,0
13945,1
13946,1
13947,1
13948,1
13949,1
13950,0
13951,1
13952,0
13953,1
13954,0
13955,0
13956,1
13957,0
13958,0
13959,1
13960,0
13961,1
13962,1
13963,0
13964,0
13965,0
13966,1
13967,1
13968,1
13969,1
13970,1
13971,1
13972,1
13973,1
13974,1
13975,0
13976,1
13977,1
13978,1
13979,1
13980,1
13981,0
13982,0
13983,0
13984,1
13985,1
13986,1
13987,1
13988,1
13989,1
13990,1
13991,1
13992,1
13993,1
13994,1
13995,1
13996,1
13997,1
13998,1
13999,0
14000,0
14001,0
14002,1
14003,1
14004,0
14005,1
14006,1
14007,1
14008,1
14009,1
14010,1
14011,0
14012,1
14013,0
14014,1
14015,1
14016,0
14017,1
14018,1
14019,0
14020,1
14021,1
14022,0
14023,1
14024,1
14025,1
14026,0
14027,1
14028,1
14029,1
14030,0
14031,0
14032,1
14033,1
14034,0
14035,0
14036,1
14037,1
14038,1
14039,1
14040,1
14041,0
14042,0
14043,1
14044,1
14045,1
14046,1
14047,1
14048,1
14049,1
14050,1
14051,0
14052,0
14053,0
14054,1
14055,1
14056,0
14057,1
14058,1
14059,0
14060,1
14061,0
14062,0
14063,1
14064,0
14065,0
14066,0
14067,1
14068,1
14069,0
14070,0
14071,1
14072,0
14073,1
14074,1
14075,1
14076,1
14077,1
14078,1
14079,1
14080,0
14081,0
14082,1
14083,1
14084,0
14085,1
14086,0
14087,1
14088,1
14089,1
14090,1
14091,1
14092,1
14093,1
14094,0
14095,1
14096,0
14097,0
14098,1
14099,0
14100,1
14101,0
14102,1
14103,1
14104,1
14105,0
14106,1
14107,1
14108,1
14109,1
14110,1
14111,0
14112,0
14113,1
14114,0
14115,1
14116,1
14117,1
14118,0
14119,0
14120,1
14121,1
14122,0
14123,0
14124,1
14125,0
14126,1
14127,1
14128,1
14129,1
14130,1
14131,1
14132,1
14133,1
14134,0
14135,1
14136,1
14137,0
14138,0
14139,1
14140,0
14141,1
14142,1
14143,0
14144,0
14145,0
14146,0
14147,0
14148,1
14149,0
14150,0
14151,0
14152,0
14153,1
14154,1
14155,1
14156,1
14157,1
14158,1
14159,0
14160,1
14161,0
14162,1
14163,1
14164,1
14165,0
14166,0
14167,1
14168,1
14169,1
14170,0
14171,0
14172,0
14173,1
14174,1
14175,1
14176,1
14177,1
14178,1
14179,1
14180,1
14181,1
14182,1
14183,1
14184,1
14185,1
14186,0
14187,1
14188,1
14189,1
14190,1
14191,1
14192,1
14193,1
14194,0
14195,0
14196,1
14197,1
14198,1
14199,0
14200,1
14201,0
14202,0
14203,1
14204,1
14205,1
14206,0
14207,0
14208,1
14209,1
14210,0
14211,1
14212,1
14213,1
14214,1
14215,0
14216,1
14217,1
14218,1
14219,1
14220,0
14221,1
14222,1
14223,1
14224,1
14225,1
14226,1
14227,0
14228,0
14229,1
14230,1
14231,1
14232,0
14233,0
14234,1
14235,0
14236,1
14237,1
14238,1
14239,1
14240,0
14241,1
14242,1
14243,1
14244,0
14245,0
14246,1
14247,0
14248,1
14249,0
14250,1
14251,1
14252,0
14253,1
14254,1
14255,1
14256,1
14257,1
14258,1
14259,1
14260,1
14261,1
14262,1
14263,1
14264,0
14265,1
14266,1
14267,1
14268,1
14269,1
14270,1
14271,1
14272,0
14273,0
14274,1
14275,1
14276,1
14277,0
14278,1
14279,0
14280,0
14281,1
14282,1
14283,0
14284,1
14285,0
14286,1
14287,0
14288,1
14289,1
14290,1
14291,1
14292,1
14293,0
14294,1
14295,1
14296,1
14297,1
14298,1
14299,1
14300,1
14301,1
14302,0
14303,1
14304,1
14305,1
14306,1
14307,0
14308,1
14309,1
14310,1
14311,1
14312,1
14313,0
14314,1
14315,1
14316,1
14317,1
14318,0
14319,1
14320,0
14321,1
14322,0
14323,1
14324,1
14325,0
14326,1
14327,1
14328,1
14329,1
14330,1
14331,1
14332,1
14333,1
14334,1
14335,1
14336,1
14337,1
14338,1
14339,1
14340,1
14341,1
14342,0
14343,1
14344,1
14345,0
14346,1
14347,1
14348,1
14349,1
14350,1
14351,1
14352,1
14353,0
14354,1
14355,1
14356,0
14357,1
14358,1
14359,1
14360,1
14361,1
14362,1
14363,1
14364,0
14365,1
14366,1
14367,1
14368,1
14369,1
14370,1
14371,0
14372,1
14373,1
14374,1
14375,1
14376,1
14377,1
14378,0
14379,1
14380,1
14381,1
14382,0
14383,1
14384,1
14385,0
14386,1
14387,1
14388,1
14389,1
14390,0
14391,1
14392,1
14393,1
14394,1
14395,0
14396,1
14397,1
14398,1
14399,1
14400,1
14401,0
14402,0
14403,0
14404,1
14405,0
14406,0
14407,1
14408,0
14409,1
14410,1
14411,0
14412,1
14413,0
14414,0
14415,1
14416,1
14417,1
14418,0
14419,0
14420,0
14421,1
14422,1
14423,1
14424,1
14425,0
14426,1
14427,1
14428,1
14429,1
14430,1
14431,1
14432,0
14433,1
14434,0
14435,1
14436,1
14437,0
14438,1
14439,1
14440,0
14441,1
14442,1
14443,0
14444,0
14445,1
14446,0
14447,1
14448,0
14449,0
14450,1
14451,1
14452,0
14453,1
14454,1
14455,1
14456,0
14457,1
14458,1
14459,1
14460,1
14461,1
14462,1
14463,1
14464,0
14465,1
14466,1
14467,0
14468,1
14469,1
14470,1
14471,1
14472,1
14473,1
14474,0
14475,1
14476,0
14477,1
14478,1
14479,1
14480,1
14481,1
14482,1
14483,1
14484,0
14485,1
14486,0
14487,1
14488,1
14489,0
14490,0
14491,1
14492,1
14493,1
14494,1
14495,1
14496,1
14497,1
14498,1
14499,1
14500,1
14501,1
14502,1
14503,0
14504,1
14505,1
14506,1
14507,1
14508,0
14509,1
14510,1
14511,0
14512,0
14513,1
14514,1
14515,0
14516,1
14517,0
14518,0
14519,1
14520,0
14521,0
14522,1
14523,1
14524,1
14525,0
14526,1
14527,0
14528,1
14529,0
14530,0
14531,1
14532,0
14533,1
14534,1
14535,1
14536,0
14537,0
14538,1
14539,1
14540,1
14541,0
14542,0
14543,1
14544,1
14545,0
14546,0
14547,0
14548,1
14549,0
14550,0
14551,0
14552,0
14553,0
14554,1
14555,0
14556,0
14557,1
14558,1
14559,0
14560,1
14561,1
14562,1
14563,1
14564,0
14565,1
14566,1
14567,1
14568,1
14569,1
14570,1
14571,1
14572,1
14573,1
14574,1
14575,1
14576,1
14577,0
14578,1
14579,1
14580,1
14581,1
14582,1
14583,0
14584,1
14585,1
14586,1
14587,0
14588,0
14589,0
14590,1
14591,1
14592,1
14593,0
14594,1
14595,1
14596,1
14597,1
14598,1
14599,0
14600,1
14601,0
14602,0
14603,1
14604,1
14605,1
14606,1
14607,1
14608,1
14609,1
14610,0
14611,1
14612,1
14613,0
14614,1
14615,1
14616,0
14617,1
14618,1
14619,1
14620,0
14621,1
14622,0
14623,0
14624,1
14625,0
14626,1
14627,1
14628,1
14629,1
14630,0
14631,0
14632,1
14633,0
14634,0
14635,1
14636,1
14637,1
14638,1
14639,0
14640,0
14641,1
14642,0
14643,0
14644,1
14645,1
14646,1
14647,1
14648,0
14649,1
14650,0
14651,1
14652,1
14653,1
14654,1
14655,0
14656,1
14657,0
14658,1
14659,0
14660,1
14661,1
14662,1
14663,1
14664,1
14665,0
14666,0
14667,1
14668,0
14669,1
14670,1
14671,1
14672,1
14673,1
14674,1
14675,1
14676,1
14677,0
14678,1
14679,1
14680,0
14681,0
14682,1
14683,0
14684,1
14685,0
14686,1
14687,1
14688,1
14689,1
14690,1
14691,0
14692,0
14693,1
14694,1
14695,0
14696,0
14697,0
14698,0
14699,1
14700,1
14701,0
14702,0
14703,1
14704,1
14705,1
14706,0
14707,1
14708,0
14709,1
14710,1
14711,1
14712,1
14713,1
14714,1
14715,1
14716,1
14717,1
14718,1
14719,1
14720,0
14721,1
14722,1
14723,1
14724,1
14725,1
14726,1
14727,0
14728,0
14729,0
14730,0
14731,0
14732,1
14733,1
14734,1
14735,1
14736,1
14737,1
14738,1
14739,1
14740,1
14741,1
14742,1
14743,0
14744,1
14745,0
14746,1
14747,1
14748,1
14749,1
14750,1
14751,0
14752,1
14753,1
14754,0
14755,1
14756,1
14757,0
14758,1
14759,1
14760,1
14761,1
14762,1
14763,1
14764,1
14765,1
14766,1
14767,1
14768,1
14769,1
14770,1
14771,1
14772,1
14773,0
14774,1
14775,0
14776,1
14777,0
14778,1
14779,0
14780,0
14781,0
14782,0
14783,0
14784,0
14785,0
14786,1
14787,0
14788,1
14789,1
14790,1
14791,0
14792,1
14793,0
14794,1
14795,1
14796,0
14797,1
14798,1
14799,1
14800,0
14801,0
14802,0
14803,1
14804,0
14805,1
14806,0
14807,0
14808,1
14809,1
14810,1
14811,0
14812,0
14813,0
14814,1
14815,1
14816,1
14817,0
14818,1
14819,0
14820,1
14821,1
14822,1
14823,0
14824,0
14825,1
14826,1
14827,1
14828,1
14829,0
14830,1
14831,0
14832,0
14833,1
14834,1
14835,0
14836,1
14837,1
14838,1
14839,1
14840,1
14841,0
14842,1
14843,1
14844,1
14845,1
14846,1
14847,1
14848,1
14849,0
14850,1
14851,0
14852,1
14853,1
14854,1
14855,0
14856,1
14857,1
14858,0
14859,1
14860,1
14861,1
14862,0
14863,1
14864,1
14865,1
14866,1
14867,1
14868,1
14869,0
14870,1
14871,1
14872,1
14873,0
14874,0
14875,1
14876,0
14877,1
14878,0
14879,1
14880,1
14881,1
14882,1
14883,1
14884,0
14885,0
14886,0
14887,0
14888,1
14889,1
14890,1
14891,0
14892,1
14893,1
14894,1
14895,1
14896,1
14897,0
14898,1
14899,0
14900,1
14901,1
14902,0
14903,1
14904,0
14905,1
14906,1
14907,1
14908,0
14909,1
14910,1
14911,1
14912,0
14913,1
14914,1
14915,1
14916,0
14917,1
14918,1
14919,0
14920,0
14921,1
14922,1
14923,0
14924,0
14925,0
14926,1
14927,1
14928,1
14929,0
14930,1
14931,0
14932,1
14933,1
14934,1
14935,1
14936,0
14937,1
14938,1
14939,1
14940,1
14941,1
14942,1
14943,1
14944,1
14945,1
14946,0
14947,1
14948,1
14949,1
14950,1
14951,1
14952,0
14953,0
14954,1
14955,0
14956,0
14957,1
14958,1
14959,1
14960,0
14961,1
14962,1
14963,1
14964,0
14965,1
14966,0
14967,1
14968,0
14969,1
14970,0
14971,0
14972,1
14973,0
14974,0
14975,0
14976,1
14977,0
14978,1
14979,1
14980,0
14981,1
14982,0
14983,0
14984,1
14985,1
14986,1
14987,0
14988,1
14989,0
14990,0
14991,1
14992,1
14993,1
14994,1
14995,0
14996,1
14997,0
14998,1
14999,1
15000,0
15001,0
15002,1
15003,1
15004,1
15005,1
15006,1
15007,0
15008,1
15009,1
15010,1
15011,1
15012,0
15013,0
15014,1
15015,0
15016,1
15017,1
15018,1
15019,1
15020,0
15021,1
15022,1
15023,0
15024,1
15025,1
15026,1
15027,0
15028,1
15029,1
15030,1
15031,1
15032,0
15033,1
15034,1
15035,1
15036,0
15037,1
15038,1
15039,0
15040,1
15041,1
15042,0
15043,0
15044,1
15045,1
15046,1
15047,1
15048,1
15049,1
15050,1
15051,1
15052,1
15053,1
15054,1
15055,0
15056,1
15057,1
15058,1
15059,1
15060,1
15061,1
15062,1
15063,1
15064,1
15065,1
15066,0
15067,0
15068,1
15069,1
15070,1
15071,0
15072,0
15073,1
15074,0
15075,1
15076,1
15077,1
15078,1
15079,1
15080,1
15081,1
15082,0
15083,1
15084,1
15085,0
15086,1
15087,1
15088,1
15089,1
15090,1
15091,0
15092,1
15093,0
15094,1
15095,1
15096,1
15097,1
15098,1
15099,1
15100,1
15101,1
15102,1
15103,1
15104,1
15105,1
15106,1
15107,0
15108,1
15109,1
15110,1
15111,1
15112,1
15113,1
15114,1
15115,0
15116,1
15117,1
15118,1
15119,1
15120,1
15121,0
15122,0
15123,1
15124,1
15125,1
15126,1
15127,0
15128,0
15129,1
15130,1
15131,0
15132,1
15133,0
15134,1
15135,1
15136,0
15137,0
15138,1
15139,1
15140,0
15141,0
15142,1
15143,0
15144,0
15145,0
15146,1
15147,0
15148,1
15149,0
15150,1
15151,0
15152,0
15153,1
15154,1
15155,1
15156,0
15157,0
15158,1
15159,0
15160,1
15161,1
15162,0
15163,1
15164,0
15165,1
15166,0
15167,1
15168,1
15169,1
15170,0
15171,1
15172,1
15173,1
15174,1
15175,1
15176,0
15177,1
15178,1
15179,0
15180,1
15181,1
15182,1
15183,1
15184,0
15185,1
15186,1
15187,1
15188,0
15189,1
15190,1
15191,1
15192,0
15193,1
15194,0
15195,0
15196,1
15197,1
15198,1
15199,1
15200,1
15201,0
15202,1
15203,1
15204,1
15205,0
15206,0
15207,0
15208,0
15209,1
15210,0
15211,1
15212,0
15213,1
15214,1
15215,1
15216,1
15217,1
15218,0
15219,1
15220,1
15221,0
15222,1
15223,1
15224,0
15225,0
15226,1
15227,1
15228,0
15229,0
15230,1
15231,1
15232,1
15233,1
15234,1
15235,0
15236,1
15237,1
15238,1
15239,1
15240,0
15241,1
15242,0
15243,1
15244,1
15245,0
15246,1
15247,1
15248,1
15249,1
15250,0
15251,0
15252,1
15253,1
15254,1
15255,1
15256,0
15257,1
15258,1
15259,0
15260,1
15261,0
15262,0
15263,1
15264,1
15265,0
15266,0
15267,1
15268,0
15269,1
15270,1
15271,1
15272,0
15273,1
15274,0
15275,1
15276,1
15277,0
15278,1
15279,1
15280,0
15281,1
15282,1
15283,1
15284,0
15285,1
15286,1
15287,0
15288,0
15289,1
15290,1
15291,0
15292,1
15293,1
15294,1
15295,1
15296,0
15297,1
15298,1
15299,1
15300,1
15301,1
15302,0
15303,1
15304,0
15305,1
15306,1
15307,0
15308,1
15309,1
15310,1
15311,1
15312,1
15313,0
15314,0
15315,1
15316,0
15317,1
15318,1
15319,0
15320,1
15321,1
15322,1
15323,0
15324,1
15325,1
15326,1
15327,1
15328,1
15329,1
15330,0
15331,1
15332,1
15333,0
15334,1
15335,1
15336,1
15337,1
15338,0
15339,1
15340,1
15341,1
15342,1
15343,1
15344,0
15345,0
15346,1
15347,1
15348,0
15349,0
15350,0
15351,1
15352,0
15353,0
15354,1
15355,1
15356,1
15357,0
15358,0
15359,1
15360,1
15361,0
15362,0
15363,0
15364,1
15365,0
15366,1
15367,0
15368,0
15369,0
15370,0
15371,0
15372,0
15373,1
15374,0
15375,1
15376,1
15377,0
15378,1
15379,1
15380,0
15381,1
15382,1
15383,1
15384,1
15385,0
15386,0
15387,1
15388,1
15389,1
15390,1
15391,0
15392,1
15393,1
15394,1
15395,1
15396,1
15397,1
15398,1
15399,0
15400,0
15401,0
15402,1
15403,1
15404,1
15405,1
15406,1
15407,1
15408,1
15409,0
15410,0
15411,1
15412,0
15413,1
15414,1
15415,1
15416,1
15417,1
15418,1
15419,0
15420,1
15421,1
15422,1
15423,1
15424,0
15425,1
15426,1
15427,0
15428,1
15429,0
15430,0
15431,1
15432,0
15433,1
15434,1
15435,1
15436,1
15437,0
15438,1
15439,0
15440,1
15441,1
15442,0
15443,1
15444,1
15445,1
15446,0
15447,1
15448,1
15449,1
15450,0
15451,1
15452,0
15453,1
15454,1
15455,1
15456,1
15457,0
15458,0
15459,0
15460,1
15461,1
15462,1
15463,0
15464,0
15465,1
15466,1
15467,0
15468,1
15469,1
15470,1
15471,1
15472,1
15473,1
15474,1
15475,0
15476,1
15477,1
15478,1
15479,0
15480,0
15481,1
15482,1
15483,1
15484,0
15485,1
15486,1
15487,1
15488,0
15489,1
15490,1
15491,1
15492,1
15493,1
15494,0
15495,1
15496,0
15497,1
15498,1
15499,0
15500,1
15501,0
15502,0
15503,1
15504,1
15505,0
15506,1
15507,1
15508,1
15509,0
15510,1
15511,1
15512,0
15513,0
15514,0
15515,1
15516,1
15517,1
15518,1
15519,1
15520,1
15521,1
15522,1
15523,0
15524,1
15525,1
15526,1
15527,0
15528,0
15529,0
15530,1
15531,1
15532,1
15533,0
15534,1
15535,1
15536,1
15537,0
15538,1
15539,1
15540,0
15541,1
15542,1
15543,0
15544,1
15545,1
15546,0
15547,1
15548,0
15549,1
15550,1
15551,0
15552,1
15553,1
15554,0
15555,0
15556,0
15557,1
15558,1
15559,1
15560,1
15561,1
15562,0
15563,1
15564,1
15565,1
15566,1
15567,1
15568,0
15569,1
15570,0
15571,1
15572,1
15573,1
15574,1
15575,1
15576,1
15577,1
15578,1
15579,0
15580,1
15581,1
15582,1
15583,0
15584,1
15585,0
15586,1
15587,1
15588,1
15589,1
15590,1
15591,1
15592,0
15593,1
15594,1
15595,0
15596,1
15597,0
15598,1
15599,0
15600,1
15601,0
15602,0
15603,1
15604,0
15605,1
15606,0
15607,1
15608,1
15609,1
15610,1
15611,1
15612,1
15613,1
15614,0
15615,1
15616,0
15617,1
15618,1
15619,0
15620,1
15621,1
15622,0
15623,0
15624,0
15625,1
15626,1
15627,1
15628,0
15629,1
15630,1
15631,1
15632,1
15633,1
15634,0
15635,1
15636,1
15637,0
15638,1
15639,1
15640,1
15641,1
15642,0
15643,0
15644,1
15645,0
15646,1
15647,0
15648,1
15649,1
15650,1
15651,1
15652,1
15653,1
15654,1
15655,1
15656,1
15657,1
15658,1
15659,1
15660,0
15661,1
15662,1
15663,0
15664,1
15665,1
15666,0
15667,0
15668,1
15669,0
15670,1
15671,1
15672,1
15673,1
15674,1
15675,1
15676,1
15677,1
15678,1
15679,1
15680,0
15681,1
15682,1
15683,1
15684,1
15685,0
15686,1
15687,1
15688,0
15689,1
15690,1
15691,1
15692,1
15693,0
15694,0
15695,1
15696,1
15697,0
15698,1
15699,0
15700,0
15701,1
15702,1
15703,0
15704,0
15705,1
15706,1
15707,1
15708,1
15709,1
15710,0
15711,0
15712,1
15713,1
15714,1
15715,1
15716,1
15717,1
15718,1
15719,1
15720,1
15721,0
15722,1
15723,0
15724,1
15725,0
15726,0
15727,0
15728,1
15729,0
15730,0
15731,1
15732,0
15733,0
15734,1
15735,1
15736,0
15737,1
15738,1
15739,0
15740,1
15741,1
15742,1
15743,1
15744,0
15745,1
15746,0
15747,1
15748,1
15749,1
15750,1
15751,0
15752,1
15753,0
15754,1
15755,0
15756,1
15757,0
15758,0
15759,1
15760,1
15761,1
15762,1
15763,0
15764,1
15765,1
15766,1
15767,0
15768,1
15769,1
15770,0
15771,1
15772,1
15773,0
15774,0
15775,1
15776,1
15777,0
15778,1
15779,1
15780,0
15781,1
15782,1
15783,1
15784,1
15785,1
15786,1
15787,1
15788,1
15789,1
15790,1
15791,0
15792,1
15793,1
15794,1
15795,0
15796,0
15797,1
15798,1
15799,0
15800,0
15801,1
15802,0
15803,1
15804,1
15805,0
15806,0
15807,1
15808,1
15809,1
15810,0
15811,1
15812,0
15813,1
15814,1
15815,1
15816,0
15817,1
15818,1
15819,1
15820,0
15821,1
15822,0
15823,1
15824,0
15825,1
15826,0
15827,1
15828,1
15829,0
15830,1
15831,1
15832,0
15833,1
15834,1
15835,1
15836,1
15837,1
15838,1
15839,1
15840,1
15841,0
15842,0
15843,0
15844,1
15845,0
15846,1
15847,1
15848,1
15849,1
15850,1
15851,1
15852,0
15853,1
15854,0
15855,0
15856,0
15857,1
15858,1
15859,0
15860,1
15861,1
15862,1
15863,0
15864,0
15865,1
15866,0
15867,1
15868,0
15869,0
15870,0
15871,1
15872,0
15873,0
15874,1
15875,0
15876,0
15877,0
15878,1
15879,1
15880,0
15881,1
15882,1
15883,1
15884,1
15885,1
15886,1
15887,1
15888,0
15889,1
15890,0
15891,1
15892,0
15893,0
15894,1
15895,0
15896,0
15897,1
15898,0
15899,1
15900,1
15901,1
15902,1
15903,1
15904,1
15905,1
15906,0
15907,0
15908,0
15909,1
15910,1
15911,1
15912,0
15913,1
15914,1
15915,1
15916,0
15917,1
15918,1
15919,1
15920,1
15921,0
15922,1
15923,1
15924,0
15925,1
15926,1
15927,0
15928,1
15929,0
15930,0
15931,0
15932,1
15933,1
15934,1
15935,1
15936,0
15937,1
15938,0
15939,0
15940,1
15941,1
15942,1
15943,1
15944,1
15945,1
15946,0
15947,1
15948,0
15949,0
15950,1
15951,0
15952,1
15953,1
15954,0
15955,0
15956,1
15957,1
15958,0
15959,1
15960,1
15961,1
15962,0
15963,1
15964,1
15965,0
15966,1
15967,0
15968,1
15969,1
15970,1
15971,0
15972,1
15973,1
15974,0
15975,1
15976,1
15977,1
15978,1
15979,1
15980,1
15981,0
15982,1
15983,1
15984,1
15985,1
15986,0
15987,1
15988,0
15989,1
15990,1
15991,1
15992,0
15993,0
15994,1
15995,0
15996,1
15997,1
15998,1
15999,1
16000,1
16001,1
16002,1
16003,0
16004,1
16005,1
16006,1
16007,1
16008,1
16009,1
16010,1
16011,1
16012,1
16013,1
16014,1
16015,1
16016,1
16017,1
16018,0
16019,1
16020,1
16021,1
16022,1
16023,0
16024,0
16025,0
16026,1
16027,1
16028,1
16029,1
16030,1
16031,1
16032,1
16033,1
16034,1
16035,1
16036,1
16037,1
16038,0
16039,1
16040,1
16041,1
16042,0
16043,1
16044,0
16045,0
16046,1
16047,0
16048,1
16049,0
16050,1
16051,1
16052,1
16053,1
16054,1
16055,1
16056,1
16057,0
16058,1
16059,1
16060,1
16061,1
16062,0
16063,0
16064,1
16065,1
16066,0
16067,0
16068,0
16069,0
16070,1
16071,1
16072,1
16073,1
16074,0
16075,1
16076,1
16077,1
16078,1
16079,0
16080,0
16081,0
16082,1
16083,0
16084,1
16085,1
16086,1
16087,1
16088,1
16089,1
16090,0
16091,1
16092,1
16093,1
16094,1
16095,1
16096,0
16097,1
16098,1
16099,1
16100,1
16101,1
16102,1
16103,1
16104,1
16105,1
16106,0
16107,1
16108,0
16109,1
16110,1
16111,0
16112,1
16113,0
16114,1
16115,0
16116,1
16117,0
16118,1
16119,1
16120,1
16121,0
16122,0
16123,1
16124,1
16125,1
16126,0
16127,1
16128,1
16129,0
16130,1
16131,0
16132,1
16133,1
16134,1
16135,1
16136,1
16137,1
16138,1
16139,1
16140,1
16141,1
16142,0
16143,0
16144,1
16145,1
16146,0
16147,0
16148,0
16149,1
16150,0
16151,0
16152,0
16153,1
16154,1
16155,1
16156,0
16157,1
16158,1
16159,1
16160,0
16161,0
16162,0
16163,0
16164,0
16165,1
16166,1
16167,0
16168,0
16169,1
16170,1
16171,0
16172,1
16173,0
16174,1
16175,1
16176,1
16177,1
16178,1
16179,1
16180,1
16181,0
16182,0
16183,0
16184,0
16185,1
16186,0
16187,1
16188,1
16189,1
16190,0
16191,1
16192,1
16193,1
16194,1
16195,0
16196,1
16197,0
16198,1
16199,1
16200,0
16201,0
16202,1
16203,1
16204,0
16205,0
16206,1
16207,0
16208,0
16209,0
16210,1
16211,1
16212,0
16213,1
16214,1
16215,1
16216,1
16217,1
16218,1
16219,1
16220,0
16221,1
16222,1
16223,0
16224,0
16225,0
16226,1
16227,0
16228,0
16229,1
16230,0
16231,1
16232,1
16233,1
16234,0
16235,1
16236,1
16237,1
16238,1
16239,1
16240,1
16241,1
16242,1
16243,1
16244,1
16245,1
16246,0
16247,1
16248,0
16249,1
16250,1
16251,1
16252,0
16253,1
16254,1
16255,1
16256,1
16257,0
16258,1
16259,1
16260,1
16261,1
16262,1
16263,1
16264,1
16265,0
16266,0
16267,1
16268,1
16269,1
16270,1
16271,1
16272,1
16273,1
16274,1
16275,0
16276,1
16277,1
16278,1
16279,1
16280,0
16281,0
16282,0
16283,1
16284,1
16285,0
16286,1
16287,1
16288,1
16289,1
16290,1
16291,0
16292,1
16293,1
16294,1
16295,0
16296,1
16297,1
16298,0
16299,1
16300,1
16301,1
16302,0
16303,1
16304,1
16305,1
16306,1
16307,0
16308,1
16309,1
16310,1
16311,0
16312,1
16313,1
16314,1
16315,1
16316,1
16317,0
16318,1
16319,1
16320,0
16321,1
16322,1
16323,1
16324,1
16325,1
16326,1
16327,1
16328,0
16329,1
16330,1
16331,0
16332,1
16333,1
16334,0
16335,0
16336,1
16337,1
16338,0
16339,1
16340,1
16341,0
16342,1
16343,1
16344,0
16345,0
16346,1
16347,1
16348,1
16349,0
16350,1
16351,1
16352,1
16353,0
16354,1
16355,1
16356,0
16357,0
16358,1
16359,1
16360,1
16361,1
16362,0
16363,1
16364,1
16365,1
16366,0
16367,1
16368,1
16369,0
16370,0
16371,0
16372,1
16373,1
16374,0
16375,1
16376,1
16377,1
16378,0
16379,0
16380,1
16381,0
16382,0
16383,1
16384,1
16385,0
16386,1
16387,0
16388,1
16389,0
16390,1
16391,1
16392,1
16393,1
16394,0
16395,0
16396,1
16397,1
16398,1
16399,1
16400,1
16401,1
16402,0
16403,1
16404,1
16405,0
16406,1
16407,1
16408,1
16409,1
16410,1
16411,1
16412,1
16413,1
16414,1
16415,1
16416,1
16417,0
16418,1
16419,1
16420,0
16421,1
16422,1
16423,1
16424,0
16425,0
16426,1
16427,0
16428,1
16429,1
16430,0
16431,0
16432,1
16433,0
16434,1
16435,1
16436,1
16437,1
16438,1
16439,0
16440,1
16441,1
16442,1
16443,0
16444,1
16445,0
16446,1
16447,0
16448,1
16449,1
16450,1
16451,0
16452,1
16453,1
16454,1
16455,1
16456,1
16457,1
16458,1
16459,0
16460,0
16461,1
16462,1
16463,0
16464,0
16465,1
16466,1
16467,1
16468,0
16469,1
16470,1
16471,0
16472,1
16473,1
16474,1
16475,0
16476,1
16477,0
16478,1
16479,1
16480,1
16481,1
16482,1
16483,1
16484,0
16485,1
16486,1
16487,1
16488,0
16489,1
16490,0
16491,0
16492,1
16493,1
16494,1
16495,1
16496,1
16497,0
16498,1
16499,1
16500,1
16501,0
16502,1
16503,0
16504,1
16505,1
16506,1
16507,1
16508,0
16509,1
16510,1
16511,1
16512,1
16513,1
16514,0
16515,1
16516,0
16517,1
16518,0
16519,1
16520,1
16521,1
16522,1
16523,1
16524,1
16525,1
16526,1
16527,0
16528,1
16529,0
16530,1
16531,1
16532,0
16533,1
16534,1
16535,0
16536,1
16537,1
16538,1
16539,1
16540,1
16541,1
16542,1
16543,1
16544,1
16545,1
16546,0
16547,1
16548,1
16549,1
16550,1
16551,0
16552,0
16553,0
16554,1
16555,0
16556,0
16557,1
16558,1
16559,0
16560,0
16561,1
16562,0
16563,1
16564,1
16565,0
16566,1
16567,1
16568,0
16569,1
16570,1
16571,0
16572,1
16573,1
16574,1
16575,0
16576,1
16577,0
16578,0
16579,1
16580,1
16581,1
16582,1
16583,1
16584,0
16585,1
16586,0
16587,1
16588,0
16589,1
16590,1
16591,0
16592,1
16593,1
16594,1
16595,1
16596,1
16597,1
16598,1
16599,0
16600,0
16601,0
16602,1
16603,1
16604,1
16605,0
16606,1
16607,1
16608,1
16609,0
16610,0
16611,1
16612,0
16613,1
16614,0
16615,1
16616,0
16617,1
16618,1
16619,1
16620,0
16621,1
16622,1
16623,0
16624,0
16625,0
16626,1
16627,1
16628,0
16629,1
16630,1
16631,0
16632,1
16633,1
16634,0
16635,1
16636,1
16637,1
16638,1
16639,0
16640,0
16641,1
16642,1
16643,1
16644,1
16645,1
16646,1
16647,1
16648,1
16649,0
16650,1
16651,0
16652,0
16653,1
16654,1
16655,1
16656,1
16657,1
16658,0
16659,1
16660,0
16661,1
16662,0
16663,1
16664,1
16665,1
16666,1
16667,1
16668,1
16669,1
16670,1
16671,1
16672,0
16673,0
16674,0
16675,0
16676,1
16677,1
16678,1
16679,1
16680,1
16681,0
16682,1
16683,1
16684,0
16685,1
16686,0
16687,1
16688,1
16689,1
16690,1
16691,1
16692,1
16693,1
16694,1
16695,1
16696,1
16697,1
16698,1
16699,1
16700,1
16701,0
16702,1
16703,0
16704,0
16705,1
16706,1
16707,1
16708,1
16709,0
16710,0
16711,0
16712,1
16713,0
16714,0
16715,1
16716,1
16717,1
16718,0
16719,0
16720,1
16721,0
16722,1
16723,1
16724,1
16725,1
16726,1
16727,1
16728,1
16729,1
16730,0
16731,1
16732,0
16733,1
16734,1
16735,1
16736,1
16737,1
16738,1
16739,1
16740,1
16741,0
16742,0
16743,1
16744,1
16745,0
16746,0
16747,0
16748,0
16749,0
16750,1
16751,0
16752,1
16753,1
16754,0
16755,1
16756,1
16757,1
16758,1
16759,1
16760,1
16761,1
16762,1
16763,1
16764,0
16765,1
16766,1
16767,1
16768,1
16769,1
16770,1
16771,1
16772,0
16773,1
16774,1
16775,1
16776,1
16777,0
16778,1
16779,1
16780,1
16781,0
16782,1
16783,1
16784,0
16785,1
16786,0
16787,0
16788,1
16789,1
16790,0
16791,1
16792,1
16793,1
16794,1
16795,1
16796,1
16797,1
16798,1
16799,0
16800,1
16801,1
16802,0
16803,1
16804,0
16805,0
16806,1
16807,1
16808,1
16809,1
16810,1
16811,0
16812,1
16813,0
16814,1
16815,1
16816,1
16817,1
16818,1
16819,0
16820,1
16821,1
16822,0
16823,1
16824,0
16825,1
16826,0
16827,1
16828,1
16829,1
16830,1
16831,1
16832,1
16833,0
16834,1
16835,0
16836,1
16837,0
16838,1
16839,0
16840,0
16841,1
16842,0
16843,1
16844,0
16845,1
16846,0
16847,1
16848,1
16849,1
16850,1
16851,0
16852,1
16853,0
16854,0
16855,1
16856,1
16857,1
16858,0
16859,1
16860,1
16861,1
16862,0
16863,1
16864,0
16865,1
16866,1
16867,0
16868,0
16869,0
16870,1
16871,0
16872,1
16873,1
16874,0
16875,0
16876,1
16877,0
16878,1
16879,0
16880,1
16881,1
16882,0
16883,0
16884,1
16885,1
16886,0
16887,1
16888,1
16889,0
16890,1
16891,1
16892,0
16893,1
16894,1
16895,0
16896,0
16897,1
16898,0
16899,1
16900,1
16901,1
16902,1
16903,1
16904,1
16905,1
16906,1
16907,1
16908,1
16909,0
16910,1
16911,1
16912,1
16913,0
16914,1
16915,0
16916,1
16917,1
16918,1
16919,1
16920,0
16921,1
16922,1
16923,1
16924,0
16925,1
16926,1
16927,0
16928,0
16929,0
16930,1
16931,0
16932,1
16933,1
16934,0
16935,0
16936,1
16937,0
16938,1
16939,0
16940,1
16941,1
16942,1
16943,1
16944,1
16945,1
16946,1
16947,0
16948,1
16949,0
16950,0
16951,0
16952,1
16953,1
16954,1
16955,1
16956,1
16957,0
16958,0
16959,0
16960,1
16961,1
16962,1
16963,1
16964,1
16965,1
16966,1
16967,1
16968,1
16969,0
16970,1
16971,1
16972,0
16973,0
16974,0
16975,1
16976,1
16977,1
16978,1
16979,1
16980,1
16981,1
16982,1
16983,1
16984,0
16985,1
16986,1
16987,1
16988,1
16989,1
16990,1
16991,1
16992,1
16993,0
16994,0
16995,0
16996,1
16997,1
16998,0
16999,0
17000,1
17001,1
17002,1
17003,0
17004,0
17005,0
17006,1
17007,1
17008,1
17009,0
17010,1
17011,0
17012,1
17013,0
17014,1
17015,1
17016,1
17017,1
17018,0
17019,1
17020,0
17021,1
17022,0
17023,1
17024,1
17025,0
17026,1
17027,1
17028,0
17029,1
17030,0
17031,1
17032,1
17033,1
17034,0
17035,1
17036,0
17037,1
17038,1
17039,0
17040,1
17041,1
17042,1
17043,1
17044,1
17045,0
17046,1
17047,1
17048,1
17049,1
17050,1
17051,1
17052,1
17053,1
17054,1
17055,0
17056,1
17057,1
17058,0
17059,1
17060,0
17061,1
17062,1
17063,1
17064,1
17065,0
17066,0
17067,0
17068,1
17069,1
17070,0
17071,1
17072,0
17073,1
17074,0
17075,1
17076,1
17077,0
17078,1
17079,1
17080,1
17081,1
17082,1
17083,1
17084,1
17085,1
17086,1
17087,1
17088,1
17089,1
17090,1
17091,1
17092,1
17093,1
17094,1
17095,1
17096,1
17097,0
17098,1
17099,0
17100,1
17101,1
17102,1
17103,1
17104,1
17105,1
17106,0
17107,1
17108,1
17109,1
17110,1
17111,0
17112,1
17113,1
17114,1
17115,1
17116,0
17117,1
17118,1
17119,1
17120,1
17121,0
17122,0
17123,1
17124,1
17125,1
17126,1
17127,1
17128,1
17129,1
17130,1
17131,0
17132,1
17133,1
17134,0
17135,1
17136,0
17137,1
17138,0
17139,0
17140,1
17141,1
17142,1
17143,1
17144,1
17145,1
17146,0
17147,1
17148,1
17149,1
17150,1
17151,0
17152,0
17153,0
17154,1
17155,1
17156,1
17157,1
17158,1
17159,0
17160,1
17161,1
17162,1
17163,0
17164,1
17165,1
17166,1
17167,1
17168,0
17169,1
17170,1
17171,1
17172,1
17173,1
17174,0
17175,0
17176,0
17177,1
17178,1
17179,0
17180,1
17181,1
17182,1
17183,0
17184,0
17185,0
17186,0
17187,1
17188,1
17189,1
17190,1
17191,0
17192,0
17193,0
17194,1
17195,1
17196,0
17197,1
17198,0
17199,1
17200,1
17201,0
17202,1
17203,0
17204,0
17205,1
17206,1
17207,1
17208,0
17209,1
17210,1
17211,1
17212,1
17213,0
17214,0
17215,1
17216,1
17217,1
17218,1
17219,1
17220,1
17221,0
17222,1
17223,0
17224,0
17225,1
17226,1
17227,1
17228,1
17229,1
17230,1
17231,1
17232,1
17233,0
17234,1
17235,1
17236,1
17237,0
17238,1
17239,1
17240,0
17241,1
17242,1
17243,1
17244,1
17245,1
17246,0
17247,0
17248,0
17249,0
17250,0
17251,0
17252,1
17253,1
17254,0
17255,1
17256,1
17257,1
17258,0
17259,0
17260,0
17261,1
17262,1
17263,1
17264,1
17265,1
17266,1
17267,1
17268,0
17269,1
17270,1
17271,1
17272,1
17273,1
17274,0
17275,1
17276,0
17277,1
17278,0
17279,1
17280,1
17281,0
17282,1
17283,0
17284,0
17285,0
17286,1
17287,1
17288,1
17289,0
17290,1
17291,1
17292,1
17293,0
17294,0
17295,1
17296,1
17297,1
17298,0
17299,0
17300,1
17301,0
17302,1
17303,1
17304,1
17305,0
17306,1
17307,0
17308,0
17309,1
17310,1
17311,0
17312,1
17313,1
17314,0
17315,1
17316,1
17317,0
17318,0
17319,0
17320,1
17321,0
17322,0
17323,1
17324,1
17325,0
17326,1
17327,1
17328,0
17329,1
17330,1
17331,1
17332,1
17333,1
17334,1
17335,1
17336,1
17337,1
17338,1
17339,0
17340,1
17341,1
17342,1
17343,0
17344,1
17345,1
17346,1
17347,1
17348,1
17349,0
17350,1
17351,0
17352,1
17353,1
17354,1
17355,1
17356,1
17357,1
17358,1
17359,1
17360,1
17361,1
17362,1
17363,1
17364,1
17365,0
17366,0
17367,1
17368,1
17369,1
17370,1
17371,1
17372,0
17373,0
17374,1
17375,1
17376,0
17377,1
17378,1
17379,0
17380,1
17381,1
17382,1
17383,0
17384,1
17385,0
17386,1
17387,0
17388,0
17389,1
17390,1
17391,1
17392,1
17393,0
17394,1
17395,0
17396,1
17397,0
17398,1
17399,0
17400,1
17401,0
17402,1
17403,0
17404,1
17405,1
17406,0
17407,1
17408,1
17409,1
17410,1
17411,1
17412,1
17413,0
17414,1
17415,1
17416,1
17417,1
17418,0
17419,1
17420,0
17421,1
17422,1
17423,1
17424,1
17425,1
17426,1
17427,1
17428,0
17429,0
17430,0
17431,1
17432,0
17433,0
17434,0
17435,0
17436,1
17437,1
17438,1
17439,1
17440,1
17441,0
17442,0
17443,0
17444,1
17445,0
17446,1
17447,1
17448,1
17449,1
17450,1
17451,0
17452,0
17453,0
17454,0
17455,1
17456,1
17457,1
17458,0
17459,1
17460,1
17461,1
17462,1
17463,0
17464,1
17465,1
17466,0
17467,0
17468,1
17469,1
17470,0
17471,1
17472,0
17473,1
17474,1
17475,1
17476,0
17477,0
17478,0
17479,1
17480,1
17481,1
17482,0
17483,1
17484,1
17485,1
17486,1
17487,1
17488,0
17489,1
17490,1
17491,1
17492,0
17493,0
17494,0
17495,1
17496,1
17497,1
17498,0
17499,1
17500,1
17501,1
17502,1
17503,0
17504,1
17505,1
17506,0
17507,1
17508,1
17509,1
17510,1
17511,0
17512,1
17513,1
17514,1
17515,1
17516,0
17517,1
17518,1
17519,0
17520,1
17521,0
17522,0
17523,0
17524,0
17525,0
17526,1
17527,0
17528,1
17529,1
17530,0
17531,1
17532,1
17533,1
17534,1
17535,1
17536,1
17537,1
17538,1
17539,1
17540,1
17541,1
17542,0
17543,1
17544,1
17545,1
17546,1
17547,1
17548,1
17549,1
17550,1
17551,1
17552,1
17553,0
17554,0
17555,1
17556,1
17557,1
17558,1
17559,0
17560,1
17561,1
17562,1
17563,0
17564,0
17565,0
17566,1
17567,1
17568,1
17569,1
17570,1
17571,0
17572,0
17573,1
17574,1
17575,0
17576,0
17577,1
17578,1
17579,0
17580,1
17581,0
17582,1
17583,1
17584,1
17585,1
17586,1
17587,0
17588,1
17589,1
17590,0
17591,1
17592,1
17593,0
17594,1
17595,0
17596,1
17597,1
17598,1
17599,1
17600,1
17601,0
17602,1
17603,1
17604,0
17605,0
17606,1
17607,1
17608,1
17609,1
17610,1
17611,1
17612,0
17613,0
17614,1
17615,1
17616,1
17617,0
17618,1
17619,1
17620,1
17621,1
17622,1
17623,1
17624,1
17625,0
17626,1
17627,0
17628,1
17629,1
17630,0
17631,1
17632,0
17633,1
17634,1
17635,1
17636,0
17637,1
17638,1
17639,1
17640,1
17641,1
17642,1
17643,1
17644,1
17645,1
17646,1
17647,0
17648,1
17649,1
17650,1
17651,1
17652,1
17653,1
17654,1
17655,1
17656,1
17657,0
17658,1
17659,0
17660,0
17661,1
17662,0
17663,0
17664,0
17665,1
17666,0
17667,0
17668,0
17669,0
17670,0
17671,1
17672,0
17673,0
17674,1
17675,0
17676,1
17677,1
17678,1
17679,1
17680,0
17681,1
17682,1
17683,1
17684,1
17685,1
17686,0
17687,1
17688,1
17689,1
17690,1
17691,1
17692,1
17693,1
17694,1
17695,0
17696,1
17697,0
17698,1
17699,1
17700,0
17701,1
17702,1
17703,1
17704,1
17705,1
17706,0
17707,1
17708,1
17709,1
17710,0
17711,1
17712,1
17713,1
17714,1
17715,1
17716,1
17717,0
17718,0
17719,1
17720,1
17721,1
17722,1
17723,1
17724,1
17725,1
17726,1
17727,0
17728,0
17729,0
17730,1
17731,1
17732,0
17733,1
17734,0
17735,1
17736,0
17737,1
17738,0
17739,1
17740,1
17741,1
17742,0
17743,1
17744,1
17745,1
17746,1
17747,1
17748,1
17749,1
17750,1
17751,1
17752,0
17753,1
17754,1
17755,1
17756,1
17757,1
17758,0
17759,1
17760,1
17761,1
17762,1
17763,1
17764,1
17765,1
17766,0
17767,0
17768,1
17769,1
17770,1
17771,1
17772,1
17773,1
17774,1
17775,0
17776,1
17777,0
17778,1
17779,1
17780,1
17781,1
17782,1
17783,1
17784,1
17785,0
17786,1
17787,0
17788,1
17789,0
17790,1
17791,1
17792,1
17793,0
17794,1
17795,0
17796,1
17797,0
17798,1
17799,1
17800,1
17801,1
17802,1
17803,0
17804,1
17805,1
17806,1
17807,1
17808,1
17809,1
17810,1
17811,1
17812,1
17813,0
17814,1
17815,0
17816,0
17817,1
17818,1
17819,1
17820,0
17821,1
17822,1
17823,1
17824,0
17825,0
17826,1
17827,1
17828,1
17829,1
17830,1
17831,1
17832,0
17833,0
17834,1
17835,0
17836,1
17837,0
17838,1
17839,1
17840,1
17841,1
17842,0
17843,1
17844,1
17845,1
17846,1
17847,1
17848,1
17849,1
17850,1
17851,0
17852,1
17853,1
17854,1
17855,1
17856,0
17857,1
17858,1
17859,1
17860,0
17861,1
17862,0
17863,0
17864,1
17865,0
17866,1
17867,1
17868,1
17869,1
17870,0
17871,1
17872,0
17873,1
17874,1
17875,1
17876,1
17877,0
17878,0
17879,0
17880,0
17881,1
17882,1
17883,1
17884,1
17885,0
17886,0
17887,0
17888,1
17889,1
17890,1
17891,1
17892,0
17893,1
17894,1
17895,1
17896,1
17897,0
17898,1
17899,1
17900,0
17901,0
17902,1
17903,0
17904,0
17905,1
17906,0
17907,1
17908,1
17909,1
17910,1
17911,1
17912,0
17913,1
17914,1
17915,0
17916,1
17917,0
17918,1
17919,0
17920,0
17921,1
17922,1
17923,0
17924,0
17925,0
17926,0
17927,0
17928,1
17929,1
17930,0
17931,0
17932,1
17933,1
17934,0
17935,0
17936,0
17937,1
17938,1
17939,0
17940,1
17941,0
17942,0
17943,1
17944,0
17945,1
17946,1
17947,1
17948,0
17949,1
17950,0
17951,0
17952,1
17953,1
17954,0
17955,1
17956,1
17957,1
17958,1
17959,0
17960,0
17961,0
17962,1
17963,1
17964,1
17965,1
17966,1
17967,1
17968,1
17969,1
17970,1
17971,1
17972,1
17973,0
17974,1
17975,0
17976,0
17977,1
17978,0
17979,1
17980,1
17981,1
17982,1
17983,1
17984,0
17985,1
17986,1
17987,0
17988,1
17989,1
17990,1
17991,1
17992,1
17993,1
17994,1
17995,1
17996,1
17997,0
17998,1
17999,0
18000,0
18001,1
18002,0
18003,0
18004,1
18005,1
18006,1
18007,0
18008,0
18009,0
18010,1
18011,1
18012,0
18013,1
18014,0
18015,1
18016,0
18017,1
18018,1
18019,1
18020,1
18021,1
18022,1
18023,0
18024,1
18025,0
18026,1
18027,1
18028,1
18029,1
18030,1
18031,1
18032,1
18033,1
18034,1
18035,1
18036,1
18037,1
18038,1
18039,0
18040,1
18041,1
18042,1
18043,0
18044,1
18045,0
18046,0
18047,1
18048,1
18049,1
18050,1
18051,1
18052,0
18053,0
18054,1
18055,0
18056,1
18057,1
18058,1
18059,0
18060,0
18061,1
18062,1
18063,1
18064,0
18065,1
18066,1
18067,1
18068,1
18069,1
18070,1
18071,1
18072,1
18073,0
18074,1
18075,0
18076,1
18077,1
18078,1
18079,1
18080,0
18081,1
18082,1
18083,0
18084,1
18085,1
18086,0
18087,1
18088,0
18089,1
18090,1
18091,1
18092,1
18093,1
18094,1
18095,0
18096,1
18097,1
18098,0
18099,1
18100,1
18101,0
18102,0
18103,1
18104,0
18105,0
18106,0
18107,1
18108,1
18109,1
18110,1
18111,1
18112,1
18113,1
18114,0
18115,0
18116,1
18117,0
18118,1
18119,1
18120,0
18121,0
18122,0
18123,0
18124,0
18125,1
18126,1
18127,0
18128,0
18129,1
18130,1
18131,0
18132,0
18133,1
18134,1
18135,1
18136,0
18137,0
18138,1
18139,1
18140,1
18141,1
18142,1
18143,0
18144,0
18145,0
18146,0
18147,1
18148,1
18149,1
18150,0
18151,0
18152,1
18153,1
18154,0
18155,0
18156,1
18157,1
18158,1
18159,1
18160,0
18161,1
18162,1
18163,1
18164,0
18165,1
18166,1
18167,0
18168,0
18169,1
18170,1
18171,1
18172,0
18173,0
18174,0
18175,1
18176,0
18177,1
18178,0
18179,0
18180,1
18181,1
18182,1
18183,1
18184,0
18185,1
18186,1
18187,1
18188,1
18189,1
18190,1
18191,1
18192,1
18193,1
18194,1
18195,1
18196,1
18197,1
18198,0
18199,0
18200,0
18201,0
18202,1
18203,0
18204,1
18205,1
18206,1
18207,1
18208,0
18209,1
18210,0
18211,0
18212,1
18213,0
18214,1
18215,1
18216,0
18217,0
18218,0
18219,1
18220,1
18221,0
18222,1
18223,0
18224,1
18225,1
18226,1
18227,1
18228,1
18229,1
18230,1
18231,0
18232,1
18233,0
18234,1
18235,1
18236,1
18237,1
18238,1
18239,0
18240,1
18241,1
18242,1
18243,0
18244,0
18245,1
18246,0
18247,1
18248,1
18249,1
18250,1
18251,1
18252,1
18253,1
18254,1
18255,1
18256,1
18257,1
18258,0
18259,0
18260,1
18261,0
18262,1
18263,0
18264,0
18265,1
18266,1
18267,1
18268,0
18269,0
18270,1
18271,1
18272,1
18273,1
18274,0
18275,1
18276,1
18277,1
18278,1
18279,1
18280,1
18281,1
18282,0
18283,1
18284,0
18285,0
18286,1
18287,1
18288,1
18289,1
18290,1
18291,1
18292,0
18293,1
18294,1
18295,0
18296,1
18297,1
18298,1
18299,1
18300,0
18301,0
18302,1
18303,1
18304,1
18305,1
18306,1
18307,0
18308,0
18309,1
18310,0
18311,1
18312,1
18313,1
18314,1
18315,1
18316,1
18317,1
18318,0
18319,0
18320,1
18321,1
18322,1
18323,0
18324,1
18325,1
18326,1
18327,1
18328,1
18329,1
18330,1
18331,1
18332,1
18333,1
18334,1
18335,1
18336,0
18337,0
18338,1
18339,1
18340,1
18341,1
18342,1
18343,0
18344,1
18345,0
18346,1
18347,1
18348,0
18349,1
18350,1
18351,1
18352,1
18353,0
18354,1
18355,1
18356,1
18357,0
18358,0
18359,1
18360,1
18361,1
18362,0
18363,1
18364,1
18365,0
18366,1
18367,0
18368,1
18369,1
18370,0
18371,1
18372,1
18373,1
18374,1
18375,1
18376,1
18377,1
18378,0
18379,0
18380,1
18381,0
18382,1
18383,0
18384,0
18385,1
18386,1
18387,1
18388,0
18389,1
18390,1
18391,1
18392,0
18393,1
18394,1
18395,1
18396,1
18397,0
18398,0
18399,0
18400,0
18401,1
18402,1
18403,1
18404,0
18405,1
18406,1
18407,1
18408,0
18409,1
18410,1
18411,1
18412,1
18413,1
18414,1
18415,1
18416,1
18417,1
18418,1
18419,1
18420,0
18421,0
18422,0
18423,0
18424,1
18425,0
18426,0
18427,1
18428,1
18429,1
18430,1
18431,0
18432,1
18433,1
18434,0
18435,0
18436,0
18437,1
18438,0
18439,0
18440,0
18441,1
18442,0
18443,0
18444,1
18445,0
18446,0
18447,1
18448,1
18449,0
18450,1
18451,0
18452,0
18453,1
18454,1
18455,1
18456,1
18457,1
18458,1
18459,0
18460,1
18461,1
18462,0
18463,0
18464,1
18465,1
18466,1
18467,0
18468,1
18469,1
18470,1
18471,1
18472,1
18473,1
18474,0
18475,1
18476,1
18477,1
18478,1
18479,1
18480,0
18481,1
18482,0
18483,1
18484,1
18485,1
18486,0
18487,1
18488,0
18489,1
18490,1
18491,1
18492,1
18493,0
18494,0
18495,1
18496,1
18497,1
18498,1
18499,0
18500,1
18501,1
18502,0
18503,0
18504,1
18505,0
18506,1
18507,1
18508,1
18509,0
18510,1
18511,1
18512,1
18513,0
18514,1
18515,1
18516,0
18517,1
18518,1
18519,0
18520,1
18521,1
18522,1
18523,1
18524,0
18525,0
18526,1
18527,1
18528,1
18529,0
18530,1
18531,0
18532,1
18533,1
18534,0
18535,1
18536,0
18537,0
18538,0
18539,1
18540,0
18541,0
18542,1
18543,1
18544,0
18545,1
18546,1
18547,1
18548,1
18549,0
18550,1
18551,1
18552,0
18553,0
18554,1
18555,0
18556,1
18557,1
18558,0
18559,1
18560,0
18561,1
18562,1
18563,1
18564,1
18565,1
18566,0
18567,1
18568,1
18569,1
18570,1
18571,0
18572,0
18573,1
18574,1
18575,0
18576,0
18577,0
18578,1
18579,1
18580,1
18581,1
18582,0
18583,1
18584,1
18585,0
18586,1
18587,1
18588,1
18589,0
18590,1
18591,1
18592,1
18593,1
18594,0
18595,1
18596,0
18597,1
18598,1
18599,1
18600,0
18601,0
18602,1
18603,0
18604,0
18605,1
18606,0
18607,0
18608,1
18609,0
18610,1
18611,0
18612,0
18613,1
18614,1
18615,0
18616,0
18617,0
18618,1
18619,1
18620,0
18621,1
18622,1
18623,1
18624,1
18625,0
18626,0
18627,1
18628,1
18629,0
18630,0
18631,0
18632,1
18633,1
18634,1
18635,0
18636,1
18637,1
18638,1
18639,1
18640,1
18641,1
18642,1
18643,1
18644,0
18645,0
18646,0
18647,1
18648,0
18649,0
18650,0
18651,1
18652,1
18653,1
18654,1
18655,0
18656,1
18657,1
18658,1
18659,1
18660,1
18661,1
18662,1
18663,1
18664,1
18665,1
18666,1
18667,1
18668,1
18669,1
18670,0
18671,1
18672,1
18673,0
18674,1
18675,1
18676,0
18677,1
18678,1
18679,0
18680,1
18681,0
18682,1
18683,0
18684,0
18685,1
18686,0
18687,0
18688,1
18689,1
18690,1
18691,1
18692,0
18693,1
18694,1
18695,1
18696,0
18697,0
18698,1
18699,1
18700,1
18701,0
18702,1
18703,1
18704,0
18705,1
18706,0
18707,1
18708,0
18709,1
18710,1
18711,1
18712,1
18713,1
18714,0
18715,1
18716,0
18717,1
18718,1
18719,1
18720,1
18721,0
18722,1
18723,1
18724,1
18725,1
18726,1
18727,1
18728,0
18729,1
18730,1
18731,1
18732,1
18733,0
18734,0
18735,1
18736,0
18737,1
18738,0
18739,1
18740,0
18741,0
18742,0
18743,0
18744,0
18745,1
18746,0
18747,0
18748,1
18749,1
18750,1
18751,1
18752,0
18753,0
18754,1
18755,1
18756,1
18757,0
18758,1
18759,1
18760,1
18761,1
18762,0
18763,0
18764,1
18765,1
18766,0
18767,1
18768,1
18769,1
18770,1
18771,1
18772,1
18773,1
18774,1
18775,1
18776,1
18777,1
18778,1
18779,1
18780,0
18781,1
18782,1
18783,1
18784,1
18785,1
18786,0
18787,0
18788,1
18789,1
18790,1
18791,0
18792,1
18793,0
18794,1
18795,0
18796,1
18797,0
18798,1
18799,0
18800,0
18801,1
18802,1
18803,1
18804,1
18805,1
18806,1
18807,1
18808,1
18809,1
18810,1
18811,1
18812,1
18813,1
18814,1
18815,1
18816,1
18817,1
18818,0
18819,0
18820,1
18821,1
18822,1
18823,1
18824,0
18825,1
18826,0
18827,1
18828,1
18829,1
18830,1
18831,1
18832,0
18833,0
18834,1
18835,1
18836,1
18837,0
18838,1
18839,1
18840,0
18841,1
18842,1
18843,0
18844,1
18845,1
18846,1
18847,1
18848,0
18849,1
18850,1
18851,1
18852,1
18853,1
18854,1
18855,1
18856,1
18857,0
18858,1
18859,1
18860,1
18861,1
18862,1
18863,1
18864,0
18865,1
18866,0
18867,1
18868,0
18869,1
18870,1
18871,1
18872,1
18873,1
18874,0
18875,1
18876,1
18877,1
18878,0
18879,1
18880,0
18881,1
18882,1
18883,1
18884,0
18885,1
18886,1
18887,1
18888,1
18889,1
18890,1
18891,0
18892,1
18893,1
18894,1
18895,1
18896,1
18897,0
18898,0
18899,1
18900,1
18901,1
18902,0
18903,1
18904,0
18905,0
18906,0
18907,0
18908,0
18909,1
18910,1
18911,0
18912,1
18913,0
18914,1
18915,1
18916,1
18917,1
18918,1
18919,1
18920,1
18921,1
18922,0
18923,1
18924,0
18925,1
18926,1
18927,1
18928,0
18929,1
18930,0
18931,1
18932,0
18933,1
18934,1
18935,1
18936,0
18937,1
18938,1
18939,1
18940,1
18941,1
18942,1
18943,1
18944,1
18945,1
18946,1
18947,1
18948,1
18949,1
18950,1
18951,1
18952,1
18953,1
18954,1
18955,1
18956,0
18957,1
18958,1
18959,1
18960,1
18961,1
18962,0
18963,0
18964,0
18965,1
18966,1
18967,0
18968,1
18969,0
18970,0
18971,0
18972,1
18973,1
18974,1
18975,1
18976,1
18977,0
18978,1
18979,0
18980,0
18981,1
18982,0
18983,1
18984,1
18985,1
18986,1
18987,0
18988,1
18989,1
18990,1
18991,1
18992,0
18993,1
18994,1
18995,0
18996,1
18997,1
18998,1
18999,1
19000,0
19001,1
19002,1
19003,0
19004,1
19005,1
19006,1
19007,0
19008,0
19009,0
19010,0
19011,0
19012,0
19013,1
19014,1
19015,1
19016,1
19017,1
19018,1
19019,1
19020,1
19021,0
19022,1
19023,0
19024,0
19025,1
19026,1
19027,0
19028,1
19029,1
19030,1
19031,1
19032,0
19033,0
19034,0
19035,0
19036,1
19037,1
19038,1
19039,1
19040,1
19041,1
19042,1
19043,1
19044,1
19045,1
19046,1
19047,1
19048,1
19049,1
19050,0
19051,0
19052,1
19053,0
19054,0
19055,1
19056,1
19057,1
19058,0
19059,0
19060,1
19061,1
19062,1
19063,0
19064,0
19065,1
19066,1
19067,1
19068,1
19069,0
19070,1
19071,1
19072,0
19073,1
19074,1
19075,0
19076,0
19077,1
19078,1
19079,1
19080,1
19081,0
19082,1
19083,0
19084,0
19085,0
19086,1
19087,1
19088,0
19089,0
19090,0
19091,0
19092,1
19093,0
19094,1
19095,1
19096,0
19097,1
19098,1
19099,1
19100,1
19101,1
19102,1
19103,0
19104,0
19105,1
19106,1
19107,0
19108,0
19109,1
19110,1
19111,1
19112,1
19113,1
19114,0
19115,1
19116,1
19117,1
19118,0
19119,0
19120,0
19121,0
19122,1
19123,1
19124,1
19125,1
19126,1
19127,1
19128,1
19129,0
19130,1
19131,1
19132,1
19133,1
19134,1
19135,0
19136,1
19137,0
19138,1
19139,0
19140,0
19141,1
19142,1
19143,0
19144,1
19145,1
19146,0
19147,1
19148,1
19149,1
19150,1
19151,1
19152,1
19153,1
19154,1
19155,1
19156,1
19157,1
19158,1
19159,1
19160,1
19161,1
19162,0
19163,1
19164,0
19165,1
19166,1
19167,1
19168,1
19169,1
19170,0
19171,1
19172,0
19173,1
19174,0
19175,1
19176,1
19177,1
19178,0
19179,1
19180,1
19181,1
19182,0
19183,1
19184,0
19185,1
19186,0
19187,1
19188,0
19189,0
19190,1
19191,1
19192,1
19193,1
19194,1
19195,0
19196,0
19197,1
19198,1
19199,1
19200,0
19201,1
19202,1
19203,1
19204,0
19205,1
19206,1
19207,1
19208,1
19209,1
19210,0
19211,0
19212,1
19213,0
19214,1
19215,1
19216,0
19217,0
19218,1
19219,1
19220,1
19221,1
19222,1
19223,0
19224,0
19225,0
19226,0
19227,0
19228,0
19229,1
19230,1
19231,1
19232,1
19233,1
19234,0
19235,1
19236,0
19237,1
19238,1
19239,1
19240,1
19241,1
19242,0
19243,1
19244,1
19245,1
19246,1
19247,1
19248,1
19249,0
19250,1
19251,1
19252,1
19253,1
19254,1
19255,1
19256,1
19257,1
19258,1
19259,1
19260,1
19261,0
19262,1
19263,0
19264,1
19265,1
19266,1
19267,1
19268,0
19269,0
19270,0
19271,1
19272,1
19273,0
19274,1
19275,1
19276,1
19277,0
19278,0
19279,1
19280,1
19281,1
19282,1
19283,0
19284,0
19285,0
19286,1
19287,0
19288,0
19289,1
19290,1
19291,0
19292,1
19293,1
19294,1
19295,1
19296,1
19297,1
19298,1
19299,0
19300,0
19301,1
19302,1
19303,1
19304,0
19305,0
19306,0
19307,1
19308,1
19309,1
19310,1
19311,1
19312,1
19313,1
19314,1
19315,1
19316,1
19317,0
19318,1
19319,0
19320,1
19321,1
19322,1
19323,1
19324,1
19325,1
19326,1
19327,0
19328,1
19329,1
19330,1
19331,0
19332,0
19333,1
19334,0
19335,1
19336,1
19337,1
19338,0
19339,1
19340,1
19341,1
19342,1
19343,0
19344,1
19345,1
19346,1
19347,1
19348,1
19349,1
19350,1
19351,1
19352,1
19353,1
19354,0
19355,1
19356,1
19357,1
19358,0
19359,1
19360,0
19361,0
19362,1
19363,1
19364,0
19365,0
19366,0
19367,1
19368,1
19369,1
19370,1
19371,1
19372,0
19373,0
19374,0
19375,1
19376,1
19377,0
19378,0
19379,0
19380,1
19381,1
19382,1
19383,1
19384,1
19385,0
19386,1
19387,1
19388,1
19389,0
19390,1
19391,1
19392,0
19393,1
19394,0
19395,1
19396,1
19397,1
19398,0
19399,1
19400,0
19401,0
19402,1
19403,0
19404,1
19405,0
19406,1
19407,1
19408,1
19409,0
19410,1
19411,1
19412,0
19413,0
19414,1
19415,0
19416,0
19417,1
19418,1
19419,1
19420,1
19421,0
19422,1
19423,0
19424,1
19425,0
19426,0
19427,1
19428,0
19429,0
19430,0
19431,0
19432,1
19433,1
19434,0
19435,1
19436,1
19437,1
19438,1
19439,0
19440,0
19441,1
19442,0
19443,1
19444,0
19445,1
19446,1
19447,1
19448,0
19449,1
19450,1
19451,1
19452,1
19453,1
19454,1
19455,1
19456,1
19457,1
19458,1
19459,0
19460,1
19461,0
19462,1
19463,1
19464,0
19465,1
19466,1
19467,1
19468,1
19469,1
19470,0
19471,1
19472,0
19473,1
19474,0
19475,1
19476,1
19477,1
19478,1
19479,1
19480,1
19481,1
19482,0
19483,1
19484,0
19485,1
19486,1
19487,1
19488,1
19489,0
19490,0
19491,1
19492,1
19493,1
19494,1
19495,1
19496,1
19497,0
19498,1
19499,1
19500,1
19501,1
19502,1
19503,1
19504,1
19505,1
19506,0
19507,1
19508,1
19509,1
19510,0
19511,1
19512,0
19513,0
19514,1
19515,1
19516,0
19517,1
19518,0
19519,1
19520,0
19521,1
19522,0
19523,1
19524,1
19525,1
19526,0
19527,1
19528,1
19529,1
19530,1
19531,1
19532,1
19533,0
19534,0
19535,1
19536,0
19537,1
19538,0
19539,0
19540,0
19541,1
19542,1
19543,0
19544,0
19545,1
19546,0
19547,1
19548,1
19549,1
19550,1
19551,1
19552,1
19553,1
19554,1
19555,1
19556,1
19557,1
19558,1
19559,1
19560,0
19561,1
19562,1
19563,0
19564,1
19565,1
19566,1
19567,1
19568,0
19569,0
19570,1
19571,1
19572,1
19573,1
19574,0
19575,1
19576,1
19577,0
19578,1
19579,1
19580,1
19581,1
19582,1
19583,1
19584,0
19585,1
19586,1
19587,0
19588,1
19589,1
19590,1
19591,1
19592,1
19593,1
19594,1
19595,0
19596,1
19597,0
19598,0
19599,0
19600,0
19601,1
19602,1
19603,1
19604,1
19605,1
19606,1
19607,1
19608,1
19609,0
19610,0
19611,0
19612,1
19613,0
19614,1
19615,0
19616,0
19617,1
19618,1
19619,1
19620,1
19621,1
19622,1
19623,1
19624,1
19625,1
19626,1
19627,1
19628,1
19629,0
19630,1
19631,1
19632,1
19633,0
19634,1
19635,0
19636,1
19637,1
19638,1
19639,1
19640,1
19641,1
19642,1
19643,1
19644,0
19645,1
19646,1
19647,1
19648,1
19649,0
19650,1
19651,1
19652,0
19653,1
19654,1
19655,0
19656,0
19657,0
19658,1
19659,1
19660,1
19661,1
19662,1
19663,1
19664,1
19665,0
19666,1
19667,1
19668,1
19669,1
19670,1
19671,1
19672,0
19673,1
19674,1
19675,1
19676,1
19677,1
19678,1
19679,1
19680,0
19681,0
19682,1
19683,1
19684,1
19685,1
19686,1
19687,0
19688,1
19689,1
19690,1
19691,1
19692,1
19693,0
19694,0
19695,1
19696,1
19697,1
19698,1
19699,1
19700,1
19701,0
19702,1
19703,0
19704,0
19705,0
19706,1
19707,1
19708,1
19709,1
19710,1
19711,1
19712,1
19713,1
19714,1
19715,0
19716,1
19717,0
19718,1
19719,0
19720,0
19721,1
19722,1
19723,1
19724,1
19725,1
19726,1
19727,1
19728,1
19729,0
19730,1
19731,1
19732,0
19733,1
19734,1
19735,1
19736,1
19737,1
19738,1
19739,1
19740,1
19741,1
19742,0
19743,1
19744,1
19745,0
19746,1
19747,1
19748,0
19749,1
19750,1
19751,1
19752,1
19753,1
19754,0
19755,1
19756,1
19757,1
19758,0
19759,1
19760,0
19761,0
19762,1
19763,1
19764,1
19765,0
19766,0
19767,1
19768,0
19769,0
19770,0
19771,1
19772,1
19773,0
19774,1
19775,1
19776,1
19777,1
19778,1
19779,1
19780,1
19781,0
19782,0
19783,1
19784,1
19785,0
19786,1
19787,1
19788,1
19789,1
19790,0
19791,1
19792,1
19793,1
19794,1
19795,1
19796,0
19797,1
19798,0
19799,1
19800,1
19801,1
19802,0
19803,1
19804,1
19805,1
19806,0
19807,1
19808,0
19809,0
19810,0
19811,1
19812,1
19813,0
19814,1
19815,0
19816,0
19817,1
19818,1
19819,1
19820,1
19821,0
19822,1
19823,0
19824,1
19825,1
19826,1
19827,1
19828,1
19829,1
19830,1
19831,1
19832,0
19833,0
19834,0
19835,1
19836,1
19837,0
19838,1
19839,1
19840,1
19841,1
19842,1
19843,1
19844,1
19845,0
19846,1
19847,0
19848,0
19849,1
19850,0
19851,1
19852,1
19853,1
19854,1
19855,1
19856,0
19857,1
19858,0
19859,0
19860,0
19861,1
19862,1
19863,0
19864,1
19865,1
19866,0
19867,0
19868,0
19869,1
19870,1
19871,1
19872,0
19873,1
19874,0
19875,0
19876,1
19877,1
19878,0
19879,0
19880,1
19881,0
19882,0
19883,0
19884,0
19885,1
19886,1
19887,1
19888,0
19889,1
19890,1
19891,0
19892,1
19893,1
19894,1
19895,1
19896,1
19897,1
19898,1
19899,1
19900,0
19901,1
19902,1
19903,0
19904,1
19905,1
19906,1
19907,0
19908,1
19909,0
19910,1
19911,1
19912,1
19913,1
19914,1
19915,0
19916,1
19917,0
19918,0
19919,1
19920,1
19921,0
19922,1
19923,1
19924,1
19925,0
19926,1
19927,1
19928,1
19929,1
19930,1
19931,0
19932,1
19933,0
19934,1
19935,0
19936,1
19937,1
19938,1
19939,1
19940,1
19941,0
19942,1
19943,0
19944,0
19945,0
19946,1
19947,0
19948,0
19949,0
19950,1
19951,1
19952,0
19953,1
19954,1
19955,0
19956,1
19957,1
19958,0
19959,0
19960,1
19961,1
19962,1
19963,0
19964,1
19965,0
19966,1
19967,0
19968,1
19969,1
19970,1
19971,1
19972,1
19973,1
19974,1
19975,1
19976,0
19977,1
19978,1
19979,0
19980,0
19981,1
19982,0
19983,1
19984,1
19985,1
19986,1
19987,1
19988,1
19989,1
19990,0
19991,1
19992,1
19993,1
19994,1
19995,1
19996,1
19997,1
19998,1
19999,1
